v -24.466702 -15.393419 -1.1057935
v -24.4667 15.393422 -1.1057884
v -24.466698 -15.393422 1.3058134
v -24.466696 15.393426 1.3058183
v -24.421034 -15.711907 -1.1057937
v -24.421032 15.71191 -1.1057888
v -24.42103 -15.71191 1.3058134
v -24.421028 15.711913 1.3058181
v -24.217216 -14.911363 -1.1057934
v -24.217215 14.911366 -1.1057884
v -24.217213 -14.911366 1.3058134
v -24.217211 14.911368 1.3058181
v -24.087164 -15.818336 -1.1057942
v -24.087162 15.818338 -1.1057892
v -24.08716 -15.818338 1.305813
v -24.087158 15.818342 1.3058177
v -23.718266 -14.96225 -0.45329735
v -23.718266 14.962255 -0.45329258
v -23.718264 -14.962252 0.75341672
v -23.718264 14.962255 0.75342131
v -23.710558 -14.339124 -1.1057934
v -23.710558 14.339127 -1.1057885
v -23.710554 -14.339127 1.305813
v -23.710554 14.339129 1.3058176
v -23.683132 -14.315716 -0.45329657
v -23.68313 -14.315718 0.75341702
v -23.68313 14.315721 -0.4532918
v -23.683128 14.315722 0.75342172
v -23.612549 -14.255464 -1.1057935
v -23.612547 -14.255464 -0.45329666
v -23.612547 14.255466 -1.1057887
v -23.612545 -14.255466 1.3058128
v -23.612545 -14.255466 0.75341696
v -23.612545 14.255467 -0.45329186
v -23.612543 14.255469 0.75342166
v -23.612543 14.255469 1.3058175
v -23.321026 -15.568378 -1.1057949
v -23.321026 15.568381 -1.1057904
v -23.321022 -15.568381 1.3058118
v -23.321022 15.568384 1.3058162
v -22.68594 -14.003451 -1.105795
v -22.685938 -14.003451 -0.45329818
v -22.685938 14.003454 -1.1057903
v -22.685936 -14.003454 1.3058113
v -22.685936 -14.003453 0.75341588
v -22.685936 14.003455 -0.45329359
v -22.685934 14.003457 0.75342029
v -22.685934 14.003457 1.3058158
v -21.827318 -15.065701 -1.1057968
v -21.827318 15.065703 -1.1057925
v -21.827314 -15.065703 1.3058095
v -21.827314 15.065706 1.3058136
v -21.634775 -48.431156 -1.1058278
v -21.634773 48.431156 -1.1058255
v -21.634771 -48.431156 1.305779
v -21.634769 48.431164 1.305781
v -21.507221 -49.245152 -1.1058285
v -21.507221 49.245155 -1.1058264
v -21.507217 -49.245152 1.3057783
v -21.507217 49.245159 1.3057802
v -21.495718 -47.190243 -1.1058271
v -21.495716 47.190243 -1.1058248
v -21.495714 -47.190243 1.3057795
v -21.495712 47.19025 1.3057815
v -21.264643 -14.284305 -0.45330137
v -21.264643 14.284309 -0.45329717
v -21.264641 -14.284307 0.75341225
v -21.264641 14.28431 0.7534163
v -21.132479 -49.508316 -1.1058292
v -21.132479 49.508316 -1.1058272
v -21.132475 -49.508316 1.3057777
v -21.132475 49.508324 1.3057796
v -21.111219 -45.711334 -1.1058263
v -21.111219 45.711338 -1.1058241
v -21.111216 -45.711334 1.3057798
v -21.111216 45.711342 1.3057818
v -21.064436 -45.660099 -0.45334223
v -21.064434 -45.660099 0.75337213
v -21.064434 45.660103 -0.45334008
v -21.064432 45.660103 0.75337416
v -20.965071 -45.551277 -1.1058264
v -20.965071 45.551281 -1.1058241
v -20.965069 -45.551277 -0.45334229
v -20.965069 45.551281 -0.45334017
v -20.965067 -45.551277 0.75337207
v -20.965067 -45.551277 1.3057797
v -20.965067 45.551281 0.75337398
v -20.965067 45.551285 1.3057817
v -20.784014 -13.407005 -1.105798
v -20.784014 13.407008 -1.1057937
v -20.784012 -13.407005 -0.45330158
v -20.784012 13.40701 -0.45329741
v -20.78401 -13.407008 1.3058083
v -20.78401 -13.407007 0.75341243
v -20.78401 13.407011 0.75341648
v -20.78401 13.407012 1.3058124
v -20.552322 -48.679317 -1.1058297
v -20.55232 48.679317 -1.1058278
v -20.552319 -48.679317 1.3057775
v -20.552317 48.679325 1.3057793
v -20.268209 -14.657104 -1.1057994
v -20.268208 14.657107 -1.1057955
v -20.268206 -14.657107 1.3058069
v -20.268204 14.657111 1.3058106
v -20.268023 -45.702675 -0.4533439
v -20.268021 -45.702675 0.75337005
v -20.268021 45.702679 -0.4533419
v -20.268019 45.702679 0.75337195
v -19.611301 -47.509846 -1.1058301
v -19.6113 47.50985 -1.1058283
v -19.611298 -47.509846 1.3057765
v -19.611296 47.509853 1.305778
v -19.089893 -43.236507 -1.1058272
v -19.089891 -43.236507 -0.45334351
v -19.089891 43.236507 -1.1058252
v -19.08989 -43.236507 0.75337088
v -19.08989 -43.236507 1.3057789
v -19.08989 43.236511 -0.45334166
v -19.089888 43.236511 0.75337255
v -19.089888 43.236515 1.3057806
v -18.971359 -43.967197 -0.45334467
v -18.971357 -43.967197 0.75336969
v -18.971357 43.967201 -0.45334288
v -18.971355 43.967201 0.75337142
v -18.845568 -12.727201 -1.1058002
v -18.845566 -12.727201 -0.45330498
v -18.845566 12.727205 -1.1057965
v -18.845564 -12.727204 1.3058062
v -18.845564 -12.727203 0.75340897
v -18.845564 12.727206 -0.45330122
v -18.845562 12.727208 0.75341266
v -18.845562 12.727208 1.3058096
v -18.740671 -13.375931 -0.45330563
v -18.740669 -13.375933 0.75340796
v -18.740669 13.375936 -0.45330197
v -18.740667 13.375937 0.75341153
v -18.4582 -14.054309 -1.1058019
v -18.458199 14.054312 -1.1057982
v -18.458197 -14.054312 1.305804
v -18.458195 14.054316 1.3058075
v -18.220825 -45.778694 -1.1058309
v -18.220825 45.778698 -1.1058295
v -18.220821 -45.778694 1.3057752
v -18.220821 45.778702 1.3057765
v -17.466051 -41.224789 -1.1058282
v -17.466051 41.224789 -1.1058265
v -17.466049 -41.224789 -0.45334455
v -17.466049 41.224792 -0.45334294
v -17.466047 -41.224789 0.75336981
v -17.466047 -41.224789 1.3057783
v -17.466047 41.224792 0.75337124
v -17.466047 41.224796 1.3057798
v -17.071972 -12.069683 -1.1058029
v -17.07197 -12.069683 -0.45330769
v -17.07197 12.069687 -1.1057996
v -17.071968 -12.069686 1.3058041
v -17.071968 -12.069685 0.75340593
v -17.071968 12.069689 -0.45330432
v -17.071966 12.06969 0.75340915
v -17.071966 12.069691 1.3058074
v -16.819036 -13.610463 -1.1058042
v -16.819035 13.610466 -1.1058009
v -16.819033 -13.610466 1.3058021
v -16.819031 13.61047 1.3058052
v -16.690472 -41.175259 -0.45334604
v -16.690472 41.175262 -0.45334461
v -16.69047 -41.175259 0.75336796
v -16.69047 41.175262 0.75336921
v -16.683029 -43.8862 -1.1058316
v -16.683027 43.886204 -1.1058303
v -16.683025 -43.8862 1.3057745
v -16.683023 43.886208 1.3057755
v -16.007568 -39.366379 -1.1058288
v -16.007568 39.366383 -1.1058275
v -16.007566 -39.366379 -0.45334509
v -16.007566 39.366383 -0.45334369
v -16.007565 -39.366379 0.75336891
v -16.007565 -39.366379 1.3057777
v -16.007565 39.366383 0.75337011
v -16.007565 39.366386 1.305779
v -15.94308 -12.420056 -0.45331079
v -15.943078 12.420061 -0.45330772
v -15.943077 -12.420058 0.75340325
v -15.943075 12.420062 0.75340617
v -15.462008 -42.266582 -1.105832
v -15.462007 42.266586 -1.1058309
v -15.462003 -42.266582 1.3057741
v -15.462002 42.26659 1.3057749
v -15.19945 -11.432487 -1.1058054
v -15.199449 -11.432487 -0.45331058
v -15.199448 11.432491 -1.1058024
v -15.199447 11.432492 -0.45330766
v -15.199446 -11.432489 0.75340259
v -15.199445 -11.43249 1.3058013
v -15.199444 11.432494 0.75340551
v -15.199443 11.432494 1.305804
v -15.133373 -12.968896 -1.1058067
v -15.133372 12.968899 -1.105804
v -15.133368 -12.968899 1.3058003
v -15.133368 12.968903 1.3058029
v -14.502904 -37.590721 -1.10583
v -14.502903 -37.590721 -0.45334619
v -14.502903 37.590721 -1.1058288
v -14.502902 37.590725 -0.45334509
v -14.5029 -37.590721 0.75336814
v -14.502899 -37.590721 1.305777
v -14.502899 37.590725 0.75336915
v -14.502898 37.590729 1.305778
v -14.464818 -38.418926 -0.45334694
v -14.464816 38.41893 -0.45334587
v -14.464815 -38.418926 0.75336659
v -14.464813 38.41893 0.7533676
v -14.40835 -40.853405 -1.1058322
v -14.408349 40.853409 -1.1058314
v -14.408345 -40.853405 1.3057739
v -14.408344 40.853413 1.3057746
v -13.944034 -12.460566 -1.1058084
v -13.944032 12.460569 -1.1058059
v -13.944029 -12.460568 1.3057986
v -13.944027 12.460573 1.305801
v -13.775896 -10.918459 -1.1058073
v -13.775895 -10.918459 -0.4533132
v -13.775894 10.918463 -1.1058046
v -13.775893 10.918465 -0.45331055
v -13.775892 -10.918461 0.75340044
v -13.775891 -10.918462 1.305799
v -13.77589 10.918466 0.75340295
v -13.775889 10.918467 1.3058016
v -13.342368 -11.450248 -0.45331514
v -13.342366 11.450253 -0.45331261
v -13.342365 -11.45025 0.75339931
v -13.342363 11.450254 0.7534017
v -13.207487 -35.877579 -1.1058303
v -13.207486 -35.877579 -0.45334697
v -13.207485 35.877583 -1.1058294
v -13.207484 35.877583 -0.4533461
v -13.207483 -35.877579 0.75336736
v -13.207482 -35.877579 1.3057766
v -13.207481 35.877583 0.75336808
v -13.20748 35.877586 1.3057774
v -12.98931 -39.02153 -1.1058331
v -12.989309 39.021534 -1.1058325
v -12.989306 -39.02153 1.3057734
v -12.989305 39.021538 1.3057739
v -12.1988 -11.822418 -1.1058104
v -12.198799 11.822422 -1.1058081
v -12.198796 -11.822421 1.3057959
v -12.198795 11.822425 1.3057979
v -12.046397 -34.300457 -1.1058307
v -12.046397 34.300457 -1.1058298
v -12.046396 -34.300457 -0.45334727
v -12.046396 34.300461 -0.45334652
v -12.046394 -34.300457 0.75336671
v -12.046393 -34.300457 1.3057755
v -12.046393 34.300461 0.7533673
v -12.046392 34.300465 1.3057761
v -11.990498 -35.146122 -0.45334846
v -11.990497 35.146126 -0.4533478
v -11.990496 -35.146122 0.75336552
v -11.990495 35.146126 0.75336605
v -11.954951 -10.244124 -1.10581
v -11.95495 -10.244124 -0.45331636
v -11.95495 10.244128 -1.1058077
v -11.954949 10.24413 -0.45331407
v -11.954948 -10.244126 0.75339729
v -11.954947 -10.244127 1.3057963
v -11.954947 10.244131 0.75339949
v -11.954947 10.244132 1.3057984
v -11.892459 -37.635109 -1.105834
v -11.892458 37.635109 -1.1058334
v -11.892454 -37.635109 1.3057729
v -11.892454 37.635117 1.3057733
v -11.319781 -10.717826 -0.45331821
v -11.31978 10.717831 -0.45331615
v -11.319777 -10.717826 0.75339544
v -11.319776 10.717831 0.75339735
v -10.819649 -32.768051 -1.1058315
v -10.819649 32.768055 -1.1058309
v -10.819648 -32.768051 -0.45334816
v -10.819648 32.768059 -0.45334759
v -10.819646 -32.768051 0.75336581
v -10.819645 -32.768051 1.305775
v -10.819645 32.768059 0.75336629
v -10.819644 32.768059 1.3057754
v -10.639774 -36.031727 -1.1058345
v -10.639773 36.031727 -1.105834
v -10.639771 -36.031727 1.3057724
v -10.63977 36.031734 1.3057727
v -10.503227 -9.7072983 -1.1058117
v -10.503226 -9.7072983 -0.45331895
v -10.503226 9.7073021 -1.1058098
v -10.503225 9.707303 -0.45331702
v -10.503224 -9.7073002 0.75339508
v -10.503223 -9.7073011 1.3057941
v -10.503223 9.707305 0.75339687
v -10.503222 9.707305 1.3057959
v -9.8009644 -11.084602 -1.1058142
v -9.8009634 11.084606 -1.1058124
v -9.8009605 -11.084605 1.3057921
v -9.8009596 11.084609 1.3057936
v -9.6996861 -31.335955 -1.1058322
v -9.6996851 -31.335957 -0.45334855
v -9.6996851 31.33596 -1.1058317
v -9.6996841 31.335962 -0.45334816
v -9.6996832 -31.335958 0.7533654
v -9.6996822 -31.335958 1.3057739
v -9.6996822 31.33596 0.75336564
v -9.6996813 31.335962 1.3057742
v -9.5124588 -31.983793 -0.45334974
v -9.5124578 31.983797 -0.4533495
v -9.5124569 -31.983795 0.75336379
v -9.5124559 31.983795 0.75336391
v -9.279912 -9.193984 -1.1058131
v -9.279911 -9.193984 -0.45332074
v -9.279911 9.1939878 -1.1058115
v -9.2799101 9.1939898 -0.45331901
v -9.2799091 -9.1939859 0.75339288
v -9.2799082 -9.1939869 1.3057932
v -9.2799082 9.1939907 0.75339448
v -9.2799072 9.1939917 1.3057946
v -9.077323 -34.001133 -1.105835
v -9.077322 34.001137 -1.1058348
v -9.0773182 -34.001133 1.3057719
v -9.0773182 34.001141 1.3057718
v -8.9767237 -9.8737354 -0.4533222
v -8.9767227 9.8737411 -0.45332062
v -8.9767208 -9.8737373 0.75339139
v -8.9767208 9.8737421 0.75339288
v -8.2917089 -29.532867 -1.1058327
v -8.291708 -29.532869 -0.45334947
v -8.291708 29.532873 -1.1058326
v -8.291707 29.532873 -0.45334929
v -8.2917061 -29.532871 0.7533645
v -8.2917051 -29.532871 1.3057734
v -8.2917051 29.532871 0.7533645
v -8.2917042 29.532875 1.3057734
v -8.0301857 -8.7310181 -1.1058151
v -8.0301857 8.7310219 -1.1058136
v -8.0301847 -8.7310181 -0.45332262
v -8.0301847 8.7310238 -0.45332125
v -8.0301828 -8.73102 0.75339097
v -8.0301819 -8.7310209 1.305792
v -8.0301819 8.7310247 0.75339228
v -8.0301809 8.7310257 1.3057933
v -7.6425238 -29.574001 -0.4533512
v -7.6425228 29.574005 -0.4533512
v -7.6425223 -29.574003 0.75336313
v -7.6425214 29.574003 0.75336301
v -7.6119976 -10.43324 -1.1058174
v -7.6119967 10.433243 -1.1058161
v -7.6119938 -10.433243 1.3057894
v -7.6119928 10.433247 1.3057903
v -7.598959 -32.113556 -1.1058359
v -7.598958 32.113556 -1.105836
v -7.5989552 -32.113556 1.3057698
v -7.5989542 32.113564 1.3057696
v -7.5861306 -69.240868 -1.1058825
v -7.5861297 69.240868 -1.1058851
v -7.5861263 -69.240868 1.3057244
v -7.5861259 69.240868 1.3057216
v -7.567153 -71.170822 -1.1058847
v -7.5671525 71.170815 -1.1058873
v -7.5671501 -71.170822 1.3057225
v -7.5671492 71.170815 1.3057196
v -7.555676 -69.027786 -1.1058823
v -7.555675 69.027779 -1.1058849
v -7.5556722 -69.027786 1.3057246
v -7.5556712 69.027779 1.3057218
v -7.4937587 -68.893288 -0.45340142
v -7.4937582 68.893288 -0.45340395
v -7.4937572 -68.893288 0.75331217
v -7.4937563 68.893288 0.75330949
v -7.365387 -72.77832 -1.1058866
v -7.3653865 72.778313 -1.1058894
v -7.3653841 -72.77832 1.3057204
v -7.3653831 72.778313 1.3057175
v -7.1525073 -27.940828 -1.1058329
v -7.1525068 27.940832 -1.1058329
v -7.1525059 -27.94083 -0.4533501
v -7.1525054 27.940834 -0.45335013
v -7.1525044 -27.940832 0.75336426
v -7.1525035 -27.940832 1.3057731
v -7.1525035 27.940832 0.75336409
v -7.1525025 27.940836 1.305773
v -7.0115495 -73.818619 -1.105888
v -7.011549 73.818611 -1.105891
v -7.0115471 -73.818619 1.305719
v -7.0115466 73.818611 1.3057159
v -6.8533931 -67.502281 -1.1058818
v -6.8533921 -67.502281 1.3057251
v -6.8533921 67.502274 -1.1058844
v -6.8533916 -67.502281 -0.45340091
v -6.8533916 67.502274 1.3057222
v -6.8533907 67.502274 -0.4534035
v -6.8533902 -67.502281 0.75331265
v -6.8533893 67.502274 0.75330991
v -6.5595083 -74.133354 -1.105889
v -6.5595083 74.133354 -1.1058921
v -6.5595074 -74.133354 1.3057179
v -6.5595064 74.133354 1.3057147
v -6.4731803 -68.964745 -0.45340395
v -6.4731798 68.964745 -0.45340672
v -6.4731789 -68.964745 0.75331002
v -6.4731784 68.964745 0.7533071
v -6.3074617 -8.236599 -1.1058179
v -6.3074617 8.2366028 -1.1058168
v -6.3074603 -8.236599 -0.45332581
v -6.3074598 8.2366047 -0.45332479
v -6.3074584 -8.2366009 0.75338775
v -6.3074579 8.2366056 0.7533887
v -6.307457 -8.2366018 1.3057891
v -6.3074565 8.2366066 1.3057901
v -6.2955031 -9.0022717 -0.45332682
v -6.2955027 9.0022774 -0.45332587
v -6.2955017 -9.0022736 0.75338715
v -6.2955012 9.0022783 0.75338811
v -6.0602059 -26.483469 -1.1058333
v -6.0602059 26.483475 -1.1058334
v -6.0602045 -26.483471 -0.45335039
v -6.060204 26.483477 -0.45335057
v -6.0602026 -26.483473 0.75336355
v -6.0602026 26.483475 0.75336325
v -6.0602016 -26.483473 1.3057728
v -6.0602007 26.483477 1.3057725
v -6.058095 -30.026068 -1.1058366
v -6.058095 30.026073 -1.105837
v -6.0580902 -30.026072 1.3057694
v -6.0580897 30.026075 1.305769
v -6.0112772 -65.772774 -1.1058817
v -6.0112772 65.772766 -1.1058843
v -6.0112758 -65.772774 -0.45340076
v -6.0112753 65.772766 -0.45340347
v -6.0112743 -65.772774 0.75331318
v -6.0112739 65.772766 0.75331038
v -6.0112729 -65.772774 1.3057257
v -6.011272 65.772766 1.3057227
v -5.934576 -72.592949 -1.1058886
v -5.934576 72.592941 -1.1058918
v -5.9345717 -72.592949 1.3057187
v -5.9345713 72.592941 1.3057153
v -5.6742382 -9.8096504 -1.1058199
v -5.6742382 9.8096533 -1.1058192
v -5.6742339 -9.8096533 1.3057871
v -5.674233 9.8096571 1.3057877
v -5.4956937 -66.683662 -0.45340297
v -5.4956932 66.683662 -0.45340583
v -5.4956918 -66.683662 0.75331098
v -5.4956918 66.683662 0.75330794
v -5.4493356 -7.5778189 -1.1058184
v -5.4493356 7.5778236 -1.1058174
v -5.4493341 -7.5778198 -0.4533267
v -5.4493337 7.5778241 -0.45332584
v -5.4493327 -7.5778213 0.75338691
v -5.4493322 7.577826 0.75338775
v -5.4493313 -7.5778222 1.3057883
v -5.4493303 7.5778265 1.3057891
v -5.2528086 -64.074738 -1.1058815
v -5.2528086 64.074738 -1.1058841
v -5.2528071 -64.074738 -0.45340011
v -5.2528067 64.074738 -0.45340285
v -5.2528057 -64.074738 0.75331342
v -5.2528052 64.074738 0.7533105
v -5.2528043 -64.074738 1.3057263
v -5.2528033 64.074738 1.3057234
v -5.1536012 -26.217257 -0.45335227
v -5.1536007 26.21726 -0.45335263
v -5.1535993 -26.217258 0.75336212
v -5.1535988 26.217262 0.75336158
v -4.9276175 -25.037542 -1.1058341
v -4.9276175 25.03755 -1.1058345
v -4.9276161 -25.037544 -0.4533512
v -4.9276156 25.037548 -0.45335159
v -4.9276142 -25.037546 0.75336313
v -4.9276137 25.03755 0.7533626
v -4.9276123 -25.037546 1.3057724
v -4.9276114 25.037552 1.3057718
v -4.9069471 -9.4880466 -1.1058211
v -4.9069471 9.4880505 -1.1058204
v -4.9069428 -9.4880495 1.3057859
v -4.9069419 9.4880543 1.3057865
v -4.8889174 -7.1677475 -1.1058186
v -4.8889174 7.1677523 -1.1058177
v -4.888916 -7.1677485 -0.4533273
v -4.8889155 7.1677527 -0.45332655
v -4.8889146 -7.1677499 0.75338632
v -4.8889141 7.1677547 0.75338691
v -4.8889122 -7.1677508 1.3057877
v -4.8889117 7.1677551 1.3057884
v -4.822382 -70.190216 -1.1058882
v -4.822382 70.190208 -1.1058913
v -4.8223777 -70.190216 1.3057187
v -4.8223767 70.190208 1.3057153
v -4.5531445 -62.489658 -1.1058809
v -4.5531445 62.489658 -1.1058836
v -4.553143 -62.489658 -0.45339987
v -4.5531425 62.489658 -0.4534027
v -4.5531416 -62.489658 0.75331408
v -4.5531411 62.489658 0.75331116
v -4.5531392 -62.489658 1.3057269
v -4.5531387 62.489658 1.3057239
v -4.4336486 -27.735949 -1.105837
v -4.4336486 27.735952 -1.1058376
v -4.4336443 -27.735952 1.3057691
v -4.4336438 27.735956 1.3057684
v -4.333117 -7.5511336 -0.45332888
v -4.3331165 7.5511379 -0.45332831
v -4.3331151 -7.5511351 0.75338471
v -4.3331146 7.5511398 0.75338525
v -4.0303731 -23.838251 -1.1058344
v -4.0303731 23.838259 -1.1058348
v -4.0303717 -23.838253 -0.45335147
v -4.0303712 23.838257 -0.45335197
v -4.0303702 -23.838255 0.75336248
v -4.0303698 23.838259 0.75336188
v -4.0303679 -23.838255 1.3057722
v -4.0303674 23.838261 1.3057715
v -4.0261626 -6.4133286 -1.1058193
v -4.0261626 6.4133344 -1.1058187
v -4.0261612 -6.4133296 -0.45332843
v -4.0261607 6.4133348 -0.45332786
v -4.0261593 -6.4133306 0.75338554
v -4.0261588 6.4133363 0.75338602
v -4.0261574 -6.4133315 1.305787
v -4.0261564 6.4133368 1.3057874
v -3.9159839 -63.161015 -0.45340201
v -3.9159837 63.161015 -0.45340502
v -3.9159825 -63.161015 0.75331193
v -3.915982 63.161015 0.75330877
v -3.7552617 -67.886963 -1.1058874
v -3.7552617 67.886963 -1.1058906
v -3.7552567 -67.886963 1.3057195
v -3.7552557 67.886963 1.305716
v -3.6763017 -8.7500563 -1.1058222
v -3.6763017 8.7500601 -1.1058218
v -3.6762981 -8.7500563 1.3057845
v -3.6762974 8.7500601 1.3057847
v -3.6451082 -60.399948 -1.1058799
v -3.6451082 60.399952 -1.1058829
v -3.645107 -60.399948 -0.453399
v -3.6451068 60.399952 -0.45340192
v -3.6451056 -60.399948 0.75331455
v -3.6451051 60.399952 0.75331151
v -3.6451032 -60.399948 1.3057278
v -3.6451023 60.399952 1.3057246
v -3.1099782 -5.6633902 -1.1058203
v -3.1099782 5.6633954 -1.1058198
v -3.109977 -5.6633911 -0.45332929
v -3.109977 5.6633964 -0.45332888
v -3.1099753 -5.6633921 0.75338435
v -3.1099749 5.6633973 0.75338465
v -3.1099732 -5.663393 1.305786
v -3.1099727 5.6633983 1.3057864
v -3.1015522 -25.95487 -1.1058373
v -3.1015522 25.954878 -1.1058383
v -3.101547 -25.954874 1.3057687
v -3.1015468 25.95488 1.3057677
v -3.0368016 -22.483465 -1.1058351
v -3.0368016 22.483473 -1.1058356
v -3.0368004 -22.483467 -0.45335171
v -3.0368004 22.483471 -0.45335236
v -3.0367985 -22.483469 0.75336224
v -3.0367982 22.483473 0.75336146
v -3.0367963 -22.483469 1.3057718
v -3.0367961 22.483475 1.3057711
v -2.9015803 2.9279802e-06 -1.1058083
v -2.9015756 2.9737339e-06 1.3057899
v -2.8271773 -0.70880532 -1.1058071
v -2.8271773 0.70881116 -1.1058064
v -2.8271718 -0.70880234 1.3057919
v -2.8271713 0.7088083 1.3057923
v -2.7345388 -65.4925 -1.1058863
v -2.7345388 65.492493 -1.1058897
v -2.7345352 -65.4925 1.3057206
v -2.7345347 65.492493 1.305717
v -2.6968205 -23.02862 -0.45335346
v -2.6968205 23.028625 -0.45335424
v -2.6968186 -23.028622 0.75336087
v -2.6968184 23.028625 0.75336003
v -2.5683646 -57.814701 -1.1058792
v -2.5683646 57.814701 -1.1058822
v -2.5683634 -57.814701 -0.45339823
v -2.5683634 57.814701 -0.45340124
v -2.5683618 -57.814701 0.75331533
v -2.5683613 57.814701 0.75331223
v -2.5683596 -57.814701 1.3057272
v -2.5683591 57.814701 1.3057243
v -2.5447574 -1.6457642 -1.1058065
v -2.5447574 1.6457701 -1.1058059
v -2.5447516 -1.6457614 1.3057923
v -2.5447514 1.6457673 1.3057927
v -2.3088827 -5.6962276 -0.45333093
v -2.3088827 5.6962328 -0.45333073
v -2.308881 -5.6962285 0.75338268
v -2.3088806 5.6962342 0.7533828
v -2.2081845 -59.272171 -0.45340082
v -2.2081845 59.272171 -0.45340401
v -2.2081828 -59.272171 0.75331277
v -2.2081823 59.272171 0.75330943
v -2.1502068 -4.6955409 -1.1058204
v -2.1502068 4.6955462 -1.1058202
v -2.1502056 -4.6955419 -0.4533304
v -2.1502056 4.6955466 -0.4533301
v -2.1502037 -4.6955428 0.75338364
v -2.1502032 4.6955481 0.75338387
v -2.1502016 -4.6955438 1.3057854
v -2.1502011 4.6955485 1.3057855
v -2.1156247 -21.169094 -1.1058352
v -2.1156247 21.1691 -1.1058358
v -2.1156235 -21.169096 -0.45335224
v -2.1156235 21.1691 -0.45335308
v -2.1156218 -21.169098 0.7533617
v -2.1156213 21.169102 0.75336081
v -2.1156197 -21.169098 1.3057717
v -2.1156192 21.169102 1.3057709
v -1.9568974 2.8603745e-06 -1.1058093
v -1.956892 2.9675882e-06 1.3057882
v -1.9196014 -0.33397427 -1.105811
v -1.9196014 0.33398005 -1.1058104
v -1.9195966 -0.3339774 1.3057872
v -1.9195962 0.33398333 1.3057876
v -1.9148862 -2.346482 -1.1058069
v -1.9148862 2.3464873 -1.1058066
v -1.9148798 -2.3464789 1.3057919
v -1.9148793 2.3464844 1.3057921
v -1.8197408 -63.359474 -1.1058859
v -1.8197408 63.359478 -1.1058892
v -1.8197371 -63.359474 1.3057214
v -1.8197367 63.359478 1.3057179
v -1.8091658 -0.69803214 -1.1058117
v -1.8091658 0.69803798 -1.1058112
v -1.8091609 -0.69803524 1.3057865
v -1.8091606 0.6980412 1.3057868
v -1.6298286 1.0335556 -1.1058122
v -1.6298285 -1.0335498 -1.1058125
v -1.6298236 -1.0335529 1.3057857
v -1.6298231 1.0335588 1.3057859
v -1.5931849 55.541336 -1.1058816
v -1.5931847 -55.541332 -1.1058786
v -1.5931834 -55.541332 -0.45339727
v -1.5931834 55.541336 -0.4534004
v -1.5931815 -55.541332 0.75331628
v -1.5931813 55.541336 0.75331312
v -1.5931795 -55.541332 1.3057283
v -1.593179 55.541336 1.3057251
v -1.5089879 6.5154028 -1.1058233
v -1.5089878 -6.5153975 -1.1058234
v -1.5089824 -6.5154004 1.3057829
v -1.5089821 6.5154052 1.3057828
v -1.494305 23.694708 -1.1058391
v -1.4943048 -23.694702 -1.1058381
v -1.4942995 -23.694706 1.3057685
v -1.4942992 23.694712 1.3057672
v -1.3884805 1.3276392 -1.1058129
v -1.3884804 -1.3276334 -1.1058131
v -1.3884755 -1.3276366 1.3057851
v -1.3884751 1.3276426 1.3057852
v -1.3010061 3.9064395 -1.105821
v -1.3010058 -3.9064343 -1.1058211
v -1.3010045 -3.9064353 -0.45333108
v -1.3010045 3.9064403 -0.45333093
v -1.3010026 -3.9064362 0.75338298
v -1.3010025 3.9064417 0.75338298
v -1.3010006 -3.9064369 1.3057864
v -1.3010002 3.9064424 1.3057864
v -1.1985424 20.114717 -1.1058366
v -1.1985422 -20.114712 -1.1058357
v -1.1985409 -20.114714 -0.45335272
v -1.1985409 20.114717 -0.45335367
v -1.1985397 -20.114716 0.75336081
v -1.1985396 20.114719 0.75335979
v -1.1985385 -20.114716 1.3057712
v -1.1985381 20.114719 1.3057702
v -1.0943973 1.5689876 -1.1058136
v -1.0943971 -1.5689818 -1.105814
v -1.0943922 -1.5689849 1.3057843
v -1.0943918 1.5689909 1.3057845
v -0.99921972 2.742373 -1.1058083
v -0.99921948 -2.7423675 -1.1058084
v -0.99921721 -2.7423666 -0.45332834
v -0.99921721 2.742372 -0.45332819
v -0.99921513 -2.7423651 0.45338517
v -0.99921495 2.7423711 0.45338523
v -0.99921292 -2.7423644 1.3057904
v -0.9992125 2.7423699 1.3057904
v -0.88901657 61.231655 -1.105889
v -0.88901633 -61.231655 -1.1058853
v -0.88901269 -61.231655 1.3057224
v -0.88901234 61.231655 1.3057185
v -0.75888008 1.7483251 -1.1058147
v -0.7588799 -1.7483195 -1.1058148
v -0.75887507 -1.7483227 1.3057835
v -0.75887477 1.7483286 1.3057834
v -0.72946668 4.1027122 -0.45333248
v -0.72946662 -4.1027074 -0.45333245
v -0.72946483 -4.1027083 0.75338155
v -0.72946465 4.1027136 0.75338143
v -0.61136806 53.270134 -1.1058807
v -0.61136788 -53.270134 -1.1058778
v -0.61136657 -53.270134 -0.45339671
v -0.61136657 53.270134 -0.4533999
v -0.61136472 -53.270134 0.75331682
v -0.6113646 53.270134 0.75331354
v -0.61136264 -53.270134 1.3057292
v -0.61136234 53.270134 1.3057259
v -0.61022896 18.592775 -1.1058358
v -0.61022878 -18.592768 -1.1058348
v -0.61022753 18.592775 -0.45335335
v -0.61022747 -18.59277 -0.45335233
v -0.61022645 -18.592772 0.75336158
v -0.61022633 18.592775 0.75336051
v -0.61022514 -18.592772 1.3057721
v -0.61022484 18.592777 1.305771
v -0.56229293 20.158812 -0.45335558
v -0.56229287 -20.158808 -0.45335445
v -0.56229109 -20.15881 0.75335908
v -0.56229097 20.158813 0.75335789
v -0.39482275 1.8587611 -1.1058155
v -0.39482251 -1.8587555 -1.1058156
v -0.39481771 -1.8587587 1.3057827
v -0.39481741 1.8587645 1.3057826
v -0.37948939 54.830517 -0.45340255
v -0.37948933 -54.830517 -0.45339918
v -0.37948754 -54.830517 0.75331438
v -0.37948743 54.830517 0.75331092
v -0.26984277 22.170374 -1.1058403
v -0.26984254 -22.170368 -1.1058389
v -0.26983735 -22.170372 1.305768
v -0.26983705 22.170378 1.3057665
v -0.18983024 2.7804465 -1.1058167
v -0.18983009 2.7804463 -0.4533309
v -0.18983001 -2.780441 -1.1058167
v -0.18982999 -2.780441 -0.45333087
v -0.18982999 -2.780441 0.75338268
v -0.18982999 -2.780441 1.3057798
v -0.18982987 2.7804465 0.7533825
v -0.18982972 2.7804465 1.3057796
v -0.016215721 1.8960507 -1.1058161
v -0.016215459 -1.8960451 -1.105816
v -0.016210655 -1.8960484 1.305782
v -0.016210388 1.8960541 1.3057818
v 0.086312592 17.118937 -1.1058358
v 0.086312868 -17.118931 -1.1058347
v 0.086314052 17.118937 -0.45335296
v 0.086314172 -17.118933 -0.45335186
v 0.086315982 -17.118935 0.75336212
v 0.086316086 17.118938 0.75336087
v 0.086318068 -17.118935 1.3057725
v 0.086318322 17.11894 1.3057712
v 0.11261284 2.7946725 -0.45333102
v 0.11261296 -2.7946672 -0.45333084
v 0.11261485 -2.7946658 0.75338274
v 0.11261495 2.7946715 0.75338238
v 0.15025206 58.716404 -1.1058878
v 0.15025233 -58.7164 -1.1058842
v 0.15025754 -58.7164 1.3057234
v 0.15025778 58.716404 1.3057197
v 0.33492741 17.903454 -0.45335457
v 0.33492756 -17.90345 -0.45335335
v 0.33492935 -17.903452 0.75336015
v 0.33492941 17.903456 0.7533589
v 0.36239135 1.8587611 -1.1058168
v 0.36239165 -1.8587555 -1.1058167
v 0.36239645 -1.8587587 1.3057812
v 0.36239669 1.8587645 1.305781
v 0.37817058 50.839993 -1.1058803
v 0.37817088 -50.839993 -1.1058769
v 0.37817207 50.839996 -0.45339888
v 0.37817219 -50.839993 -0.45339558
v 0.37817398 -50.839993 0.75331795
v 0.37817407 50.839996 0.75331455
v 0.37817606 -50.839993 1.3057303
v 0.37817633 50.84 1.3057269
v 0.5988993 4.5199122 -1.1058246
v 0.5988996 -4.519907 -1.1058242
v 0.59890479 -4.5199099 1.3057829
v 0.59890503 4.5199146 1.3057823
v 0.68063778 15.729274 -1.1058357
v 0.68063807 -15.729271 -1.1058345
v 0.68063921 15.729276 -0.45335236
v 0.68063939 -15.729271 -0.45335126
v 0.68064117 -15.729273 0.7533623
v 0.68064123 15.729277 0.75336105
v 0.68064326 -15.729274 1.3057724
v 0.6806435 15.729278 1.305771
v 0.72644877 1.7483251 -1.1058174
v 0.72644907 -1.7483195 -1.1058173
v 0.7264539 -1.7483227 1.3057806
v 0.72645414 1.7483286 1.3057804
v 0.89279938 56.950058 -1.1058875
v 0.89279974 -56.950054 -1.1058837
v 0.89280498 -56.950054 1.3057235
v 0.89280516 56.950058 1.3057195
v 0.92924845 20.612726 -1.1058407
v 0.92924887 -20.612719 -1.1058394
v 0.92925411 -20.612722 1.3057675
v 0.92925429 20.612728 1.305766
v 1.0619659 1.5689876 -1.105818
v 1.0619663 -1.5689818 -1.1058178
v 1.0619712 -1.5689849 1.3057802
v 1.0619714 1.5689909 1.3057798
v 1.2122278 19.430742 -1.1058398
v 1.2122282 -19.430735 -1.1058384
v 1.2122334 -19.430738 1.3057685
v 1.2122337 19.430744 1.3057668
v 1.2556449 48.799046 -1.1058797
v 1.2556453 -48.799046 -1.1058764
v 1.2556465 48.799049 -0.45339847
v 1.2556466 -48.799046 -0.45339513
v 1.2556485 -48.799046 0.75331843
v 1.2556485 48.799049 0.75331503
v 1.2556506 -48.799046 1.3057312
v 1.2556508 48.799053 1.3057278
v 1.3538129 50.708321 -0.45340127
v 1.3538132 -50.708317 -0.45339778
v 1.3538151 -50.708317 0.75331616
v 1.3538151 50.708321 0.75331259
v 1.3560492 1.3276392 -1.1058184
v 1.3560497 -1.3276334 -1.105818
v 1.3560545 -1.3276366 1.3057798
v 1.3560547 1.3276426 1.3057793
v 1.3666 14.139267 -1.105835
v 1.3666004 -14.139264 -1.1058339
v 1.3666016 14.139269 -0.45335177
v 1.3666017 -14.139264 -0.4533506
v 1.3666036 -14.139266 0.75336295
v 1.3666036 14.13927 0.7533617
v 1.3666058 -14.139267 1.3057722
v 1.3666059 14.139271 1.305771
v 1.4656537 15.337914 -0.453354
v 1.4656538 -15.337911 -0.45335275
v 1.4656557 -15.337913 0.75336123
v 1.4656557 15.337916 0.75335985
v 1.543551 18.262465 -1.105839
v 1.5435513 -18.262459 -1.1058376
v 1.5435566 -18.262463 1.3057693
v 1.5435568 18.262466 1.3057677
v 1.5973972 1.0335556 -1.1058185
v 1.5973977 -1.0335498 -1.1058182
v 1.5974026 -1.0335529 1.3057797
v 1.5974027 1.0335588 1.3057791
v 1.7022172 54.897217 -1.1058869
v 1.7022177 -54.897213 -1.1058832
v 1.7022229 -54.897213 1.3057237
v 1.7022229 54.897217 1.3057197
v 1.7767347 0.6980381 -1.1058186
v 1.7767351 -0.69803226 -1.1058183
v 1.77674 -0.69803548 1.3057798
v 1.77674 0.69804132 1.3057792
v 1.8871703 0.33398023 -1.1058184
v 1.8871707 -0.33397448 -1.105818
v 1.8871756 -0.33397758 1.3057801
v 1.8871756 0.33398351 1.3057795
v 1.9244531 2.8634474e-06 -1.1058184
v 1.9244589 2.9645157e-06 1.3057801
v 1.9538302 12.651842 -1.1058344
v 1.9538306 -12.651838 -1.1058331
v 1.9538316 12.651844 -0.45335108
v 1.9538319 -12.651838 -0.45334986
v 1.9538324 -12.651841 1.305773
v 1.9538324 12.651846 1.3057716
v 1.9538338 -12.65184 0.75336367
v 1.9538338 12.651845 0.7533623
v 1.9931335 46.940044 -1.1058789
v 1.9931339 -46.940041 -1.1058755
v 1.9931349 46.940048 -0.4533976
v 1.9931352 -46.940041 -0.45339423
v 1.9931371 -46.940041 0.75331938
v 1.9931371 46.940048 0.75331587
v 1.9931388 -46.940041 1.3057321
v 1.9931388 46.940048 1.3057286
v 2.1153815 17.136286 -1.1058391
v 2.115382 -17.136278 -1.1058376
v 2.115387 -17.136282 1.3057697
v 2.115387 17.136288 1.305768
v 2.1258864 3.2432201 -1.1058235
v 2.1258867 -3.2432146 -1.1058228
v 2.1258912 -3.2432177 1.3057762
v 2.1258912 3.2432232 1.3057753
v 2.461086 11.446411 -1.1058338
v 2.4610865 -11.446408 -1.1058326
v 2.4610872 11.446413 -0.45335096
v 2.4610877 -11.446408 -0.45334974
v 2.4610896 -11.44641 0.75336421
v 2.4610896 11.446414 0.75336283
v 2.4610913 -11.446411 1.3057735
v 2.4610913 11.446415 1.3057722
v 2.6424658 12.507122 -0.45335284
v 2.6424663 -12.507117 -0.45335147
v 2.642468 -12.507119 0.75336212
v 2.642468 12.507123 0.75336057
v 2.6459105 52.72958 -1.1058862
v 2.645911 -52.729576 -1.1058823
v 2.6459157 -52.729576 1.3057246
v 2.6459157 52.729584 1.3057206
v 2.8585827 44.755726 -1.1058779
v 2.8585832 -44.755722 -1.1058744
v 2.8585839 44.75573 -0.45339662
v 2.8585844 -44.755722 -0.45339316
v 2.8585863 -44.755722 0.75332046
v 2.8585863 44.75573 0.75331682
v 2.858588 -44.755722 1.3057325
v 2.858588 44.75573 1.3057288
v 2.9320652 15.330899 -1.105839
v 2.9320655 -15.330896 -1.1058375
v 2.9320703 -15.330899 1.3057687
v 2.9320703 15.330902 1.3057669
v 2.9506147 46.952297 -0.45339981
v 2.9506152 -46.952293 -0.45339614
v 2.9506171 -46.952293 0.75331742
v 2.9506171 46.952297 0.75331366
v 2.9772441 10.086814 -1.1058336
v 2.9772446 -10.086811 -1.1058323
v 2.9772453 10.086816 -0.45335031
v 2.9772458 -10.086811 -0.45334902
v 2.9772475 -10.086813 0.75336456
v 2.9772475 10.086817 0.75336313
v 2.9772494 -10.086814 1.3057742
v 2.9772494 10.086818 1.3057727
v 3.1477282 3.5057588 -0.45334053
v 3.1477287 -3.5057535 -0.45333961
v 3.1477306 -3.5057547 0.75337428
v 3.1477306 3.50576 0.75337332
v 3.4034591 50.836014 -1.1058853
v 3.4034598 -50.836014 -1.1058815
v 3.403465 -50.836014 1.3057255
v 3.403465 50.836021 1.3057214
v 3.4386787 8.981555 -1.1058332
v 3.4386797 -8.9815512 -1.1058319
v 3.4386804 8.9815559 -0.45334989
v 3.4386809 -8.9815512 -0.45334855
v 3.4386821 8.9815578 0.75336355
v 3.4386823 -8.9815531 0.75336504
v 3.4386845 -8.981554 1.3057747
v 3.4386845 8.9815578 1.3057733
v 3.6015654 9.9605875 -0.45335156
v 3.6015658 -9.9605827 -0.45335013
v 3.601567 9.9605894 0.75336188
v 3.6015673 -9.9605846 0.75336349
v 3.7178407 13.603806 -1.1058384
v 3.7178416 -13.603803 -1.1058367
v 3.7178459 -13.603806 1.3057694
v 3.7178459 13.603809 1.3057675
v 3.7943561 2.6878603 -0.45334092
v 3.7943563 -2.687855 -0.45333984
v 3.7943575 2.6878614 0.75337261
v 3.794358 -2.687856 0.75337362
v 3.9351766 42.148399 -1.1058772
v 3.9351773 -42.148396 -1.1058737
v 3.9351783 42.148399 -0.4533959
v 3.9351785 -42.148396 -0.45339236
v 3.9351797 42.148399 0.75331753
v 3.9351802 -42.148396 0.75332123
v 3.9351821 -42.148396 1.3057328
v 3.9351821 42.148403 1.3057292
v 4.0725727 7.2375026 -1.1058326
v 4.0725737 -7.2374983 -1.1058313
v 4.0725746 7.2375035 -0.45334896
v 4.0725751 -7.2374992 -0.45334756
v 4.0725765 -7.2375007 0.75336599
v 4.0725765 7.237505 0.75336444
v 4.0725784 -7.2375016 1.3057756
v 4.0725784 7.2375059 1.3057742
v 4.2265401 49.07542 -1.1058851
v 4.226541 -49.07542 -1.1058811
v 4.2265458 -49.07542 1.3057262
v 4.2265458 49.075428 1.3057219
v 4.5484705 11.872028 -1.1058379
v 4.548471 -11.872025 -1.1058363
v 4.5484757 -11.872027 1.3057699
v 4.5484757 11.872031 1.3057679
v 4.6157942 5.5983138 -1.1058315
v 4.6157951 -5.5983086 -1.1058302
v 4.6157961 5.5983148 -0.45334798
v 4.6157966 -5.5983095 -0.45334655
v 4.6157975 5.5983157 0.75336552
v 4.615798 -5.5983105 0.75336701
v 4.6157999 -5.5983114 1.3057767
v 4.6157999 5.5983167 1.3057752
v 4.741652 -42.435638 -0.45339432
v 4.741652 42.435642 -0.45339808
v 4.7416534 42.435642 0.75331533
v 4.7416539 -42.435638 0.7533192
v 4.754662 47.657131 -1.1058849
v 4.7546625 -47.657127 -1.1058807
v 4.7546673 -47.657127 1.3057269
v 4.7546673 47.657135 1.3057226
v 4.8972526 -6.7482061 -0.45334899
v 4.8972526 6.7482104 -0.45335054
v 4.897254 6.7482119 0.75336289
v 4.8972545 -6.7482076 0.75336456
v 4.9761238 39.492764 -1.1058763
v 4.9761248 -39.49276 -1.1058728
v 4.9761257 39.492764 -0.45339471
v 4.9761262 -39.49276 -0.45339105
v 4.9761271 39.492764 0.75331873
v 4.9761276 -39.49276 0.75332254
v 4.9761295 -39.49276 1.3057342
v 4.9761295 39.492767 1.3057305
v 4.9929585 3.9798474 -1.1058309
v 4.9929595 -3.9798422 -1.1058295
v 4.9929605 3.9798481 -0.45334566
v 4.9929609 -3.9798431 -0.45334429
v 4.9929624 -3.9798441 0.75336921
v 4.9929624 3.9798496 0.75336778
v 4.9929638 -3.9798448 1.3057696
v 4.9929638 3.9798503 1.305768
v 5.4318633 45.951714 -1.1058842
v 5.4318638 -45.95171 -1.1058799
v 5.4318686 -45.95171 1.3057277
v 5.4318686 45.951717 1.3057233
v 5.6850419 9.5218935 -1.1058377
v 5.6850429 -9.5218897 -1.1058358
v 5.6850476 -9.5218925 1.3057708
v 5.6850476 9.5218964 1.3057686
v 5.7967167 4.1930342 -0.45334777
v 5.7967172 -4.1930289 -0.45334616
v 5.7967181 4.1930356 0.7533657
v 5.7967186 -4.1930299 0.75336736
v 6.0860677 36.602711 -1.105875
v 6.0860682 -36.602711 -1.1058713
v 6.0860691 36.602715 -0.45339367
v 6.0860696 -36.602711 -0.45338994
v 6.086071 36.602715 0.75331974
v 6.0860715 -36.602711 0.75332367
v 6.0860729 -36.602711 1.3057356
v 6.0860729 36.602718 1.3057318
v 6.2175417 43.976288 -1.1058832
v 6.2175426 -43.976288 -1.1058789
v 6.2175474 -43.976288 1.305728
v 6.2175474 43.976295 1.3057235
v 6.2176819 -2.7966609 -0.45334521
v 6.2176819 2.7966661 -0.45334682
v 6.2176833 2.7966676 0.75336659
v 6.2176838 -2.7966619 0.75336832
v 6.6759772 7.4090271 -1.1058375
v 6.6759782 -7.4090223 -1.1058354
v 6.675982 7.40903 1.3057693
v 6.675983 -7.4090257 1.3057715
v 6.7856994 37.388351 -0.45339629
v 6.7857003 -37.388348 -0.45339233
v 6.7857013 37.388351 0.75331724
v 6.7857018 -37.388348 0.75332123
v 6.8284068 42.316795 -1.1058826
v 6.8284078 -42.316792 -1.1058785
v 6.8284106 42.316799 1.3057237
v 6.8284116 -42.316792 1.3057281
v 7.2272024 33.436565 -1.1058739
v 7.2272029 -33.436565 -1.1058702
v 7.2272038 33.436569 -0.45339239
v 7.2272043 -33.436565 -0.45338854
v 7.2272053 33.436569 0.75332147
v 7.2272062 -33.436565 0.7533254
v 7.2272062 33.436573 1.3057336
v 7.2272072 -33.436565 1.3057374
v 7.4114871 40.850819 -1.1058824
v 7.4114881 -40.850819 -1.1058781
v 7.4114909 40.850826 1.3057243
v 7.4114919 -40.850819 1.3057288
v 7.6536283 4.6855574 -1.1058378
v 7.6536293 -4.6855521 -1.1058357
v 7.6536326 4.6855602 1.305761
v 7.6536331 -4.685555 1.3057634
v 7.9452939 39.536156 -1.1058819
v 7.9452944 -39.536156 -1.1058775
v 7.9452977 39.536163 1.3057247
v 7.9452987 -39.536156 1.3057294
v 8.100069 31.04915 -1.1058728
v 8.10007 -31.049147 -1.1058689
v 8.10007 31.049152 -0.45339146
v 8.100071 -31.049149 -0.45338762
v 8.1000719 31.04915 0.75332236
v 8.1000729 -31.04915 0.7533263
v 8.1000729 31.049154 1.3057348
v 8.1000738 -31.04915 1.3057387
v 8.1950579 33.273109 -0.45339471
v 8.1950588 -33.273102 -0.45339066
v 8.1950598 33.273109 0.75331914
v 8.1950607 -33.273102 0.75332326
v 8.4834805 30.00699 -1.1058723
v 8.4834814 -30.006985 -1.1058683
v 8.4834814 30.006992 -0.45339099
v 8.4834824 -30.006987 -0.45338705
v 8.4834833 30.00699 0.75332284
v 8.4834843 -30.006989 0.75332689
v 8.4834843 30.006992 1.3057352
v 8.4834852 -30.006989 1.3057393
v 8.5038729 4.9378128 -0.45335642
v 8.5038738 -4.9378076 -0.45335409
v 8.5038757 -4.9378085 0.75335938
v 8.5038757 4.9378142 0.75335699
v 8.5966816 4.4513221 -0.45335594
v 8.5966825 -4.4513168 -0.45335367
v 8.5966835 4.451323 0.75335747
v 8.5966845 -4.4513178 0.75335985
v 8.626544 37.714622 -1.105881
v 8.626545 -37.714622 -1.1058766
v 8.6265478 37.71463 1.3057257
v 8.6265488 -37.714622 1.3057303
v 8.6814117 28.632858 -1.1058712
v 8.6814127 -28.632853 -1.1058675
v 8.6814127 28.63286 -0.45338953
v 8.6814137 -28.632854 -0.45338568
v 8.6814156 -28.632856 0.75332826
v 8.6814156 28.632858 0.75332433
v 8.6814165 -28.632856 1.3057399
v 8.6814165 28.63286 1.3057358
v 8.9748983 26.71735 -1.1058697
v 8.9748993 -26.717344 -1.105866
v 8.9748993 26.71735 -0.45338765
v 8.9749002 -26.717346 -0.45338383
v 8.9749012 26.717348 0.75332618
v 8.9749022 -26.717348 0.75333011
v 8.9749022 26.717346 1.3057371
v 8.9749031 -26.717342 1.305741
v 9.3076334 30.068605 -0.45339286
v 9.3076344 -30.068602 -0.45338878
v 9.3076353 30.068604 0.75332099
v 9.3076363 -30.068604 0.75332516
v 9.3261595 23.903181 -1.1058667
v 9.3261604 -23.903175 -1.1058631
v 9.3261604 23.903181 -0.45338464
v 9.3261614 -23.903177 -0.45338091
v 9.3261623 23.903183 0.75332916
v 9.3261633 -23.903179 0.75333303
v 9.3261633 23.903185 1.3057401
v 9.3261642 -23.903179 1.3057438
v 9.4085598 35.529549 -1.1058797
v 9.4085608 -35.529545 -1.1058754
v 9.4085636 35.529552 1.305727
v 9.4085646 -35.529545 1.3057315
v 9.6563635 27.257328 -0.45339027
v 9.6563644 -27.257322 -0.45338631
v 9.6563654 27.257326 0.75332397
v 9.6563663 -27.257324 0.75332808
v 9.7322693 -20.086641 -1.1058598
v 9.7322693 20.086649 -1.1058632
v 9.7322702 -20.086643 -0.45337728
v 9.7322702 20.086649 -0.45338082
v 9.7322721 20.086649 0.75333297
v 9.7322731 -20.086645 0.75333667
v 9.7322731 20.086651 1.3057443
v 9.7322741 -20.086645 1.305748
v 9.9621964 34.018768 -1.1058793
v 9.9621973 -34.018768 -1.1058749
v 9.9622002 34.018776 1.3057277
v 9.9622011 -34.018768 1.3057324
v 10.030743 16.272392 -1.1058588
v 10.030744 -16.272387 -1.1058556
v 10.030744 16.272392 -0.45337638
v 10.030745 -16.272388 -0.45337299
v 10.030746 16.272394 0.7533375
v 10.030746 -16.27239 0.75334096
v 10.030746 16.272396 1.305748
v 10.030747 -16.27239 1.3057513
v 10.179262 -23.54318 -0.45338258
v 10.179262 23.543184 -0.45338646
v 10.179264 23.543186 0.75332743
v 10.179265 -23.543182 0.75333136
v 10.278214 12.239795 -1.1058547
v 10.278214 -12.239791 -1.1058515
v 10.278214 12.239796 -0.45337188
v 10.278215 -12.239791 -0.45336869
v 10.278216 12.239798 0.75334197
v 10.278217 -12.239793 0.75334525
v 10.278217 12.239798 1.3057519
v 10.278218 -12.239794 1.3057554
v 10.29608 5.4695349 -1.1058447
v 10.296081 -5.4695292 -1.105842
v 10.296081 5.4695354 -0.45336151
v 10.296082 -5.4695301 -0.45335874
v 10.296082 5.4695368 0.75335193
v 10.296083 -5.4695311 0.75335479
v 10.296083 5.4695373 1.3057541
v 10.296084 -5.469532 1.305757
v 10.309895 8.7886953 -1.1058505
v 10.309896 -8.7886915 -1.1058477
v 10.309896 8.7886972 -0.45336732
v 10.309896 -8.7886915 -0.45336434
v 10.309898 -8.7886934 0.7533496
v 10.309898 8.7886982 0.75334656
v 10.309899 -8.7886944 1.3057597
v 10.309899 8.7886992 1.3057566
v 10.578816 18.701296 -0.45338085
v 10.578817 -18.701292 -0.45337719
v 10.578818 18.701298 0.75333297
v 10.578819 -18.701294 0.75333679
v 10.680119 32.138714 -1.1058788
v 10.68012 -32.13871 -1.1058744
v 10.680122 32.138718 1.3057287
v 10.680123 -32.13871 1.3057333
v 11.06157 -13.856386 -0.45337233
v 11.06157 13.856391 -0.45337582
v 11.061572 13.856392 0.75333762
v 11.061573 -13.856388 0.7533412
v 11.193904 27.937422 -1.1058747
v 11.193905 -27.937416 -1.1058704
v 11.193908 27.937424 1.3057317
v 11.193909 -27.93742 1.3057362
v 11.248824 29.364532 -1.1058763
v 11.248825 -29.364529 -1.1058719
v 11.248825 29.364536 1.3057303
v 11.248826 -29.364532 1.305735
v 11.28061 30.511078 -1.1058779
v 11.280611 -30.511074 -1.1058735
v 11.280614 30.511082 1.3057296
v 11.280615 -30.511078 1.3057343
v 11.298244 26.562176 -1.1058735
v 11.298245 -26.56217 -1.1058692
v 11.298248 26.562178 1.3057332
v 11.298249 -26.562174 1.3057377
v 11.355952 8.7560711 -0.45336959
v 11.355953 -8.7560663 -0.4533664
v 11.355954 8.756073 0.75334382
v 11.355955 -8.7560682 0.75334716
v 11.46494 4.7084069 -0.45336348
v 11.464941 -4.7084017 -0.45336053
v 11.464942 4.7084084 0.75335032
v 11.464943 -4.7084026 0.75335342
v 11.478824 5.8008699 -0.45336458
v 11.478825 -5.8008647 -0.45336151
v 11.478827 -5.8008657 0.75335199
v 11.478827 5.8008714 0.75334883
v 11.482135 25.073378 -1.1058719
v 11.482136 -25.073372 -1.1058676
v 11.482139 25.073381 1.3057348
v 11.48214 -25.073376 1.3057393
v 11.715254 23.681347 -1.1058706
v 11.715255 -23.681341 -1.1058663
v 11.715258 23.681349 1.3057362
v 11.715259 -23.681345 1.3057406
v 11.912726 22.241001 -1.1058691
v 11.912727 -22.240993 -1.1058649
v 11.91273 22.241003 1.3057376
v 11.912731 -22.240997 1.305742
v 12.177202 20.27935 -1.1058677
v 12.177203 -20.279345 -1.1058637
v 12.177207 -20.279348 1.3057441
v 12.177207 20.279352 1.3057398
v 12.4565 18.227102 -1.1058657
v 12.456501 -18.227095 -1.1058617
v 12.456504 18.227104 1.3057418
v 12.456505 -18.227098 1.3057461
v 12.681145 16.568079 -1.1058639
v 12.681146 -16.568073 -1.10586
v 12.681149 16.568081 1.3057427
v 12.681149 -16.568077 1.3057469
v 12.893177 15.052967 -1.1058627
v 12.893178 -15.052964 -1.1058588
v 12.893181 15.05297 1.3057436
v 12.893182 -15.052967 1.3057477
v 13.122708 13.408989 -1.1058614
v 13.122709 -13.408986 -1.1058576
v 13.122713 -13.408989 1.3057493
v 13.122713 13.408993 1.3057452
v 13.407409 11.76464 -1.1058599
v 13.40741 -11.764636 -1.1058561
v 13.407413 11.764644 1.3057468
v 13.407414 -11.764639 1.3057508
v 13.640528 10.372605 -1.1058586
v 13.640529 -10.372602 -1.1058547
v 13.640532 10.372609 1.3057481
v 13.640533 -10.372604 1.3057522
v 13.80757 9.3187046 -1.1058575
v 13.807572 -9.3187008 -1.1058537
v 13.807575 9.3187084 1.3057492
v 13.807577 -9.3187037 1.3057532
v 13.969528 8.1677332 -1.1058568
v 13.96953 -8.1677303 -1.105853
v 13.969533 8.1677341 1.3057504
v 13.969535 -8.1677294 1.3057544
v 14.028322 6.5150871 -1.105854
v 14.028324 -6.5150819 -1.1058505
v 14.028327 6.51509 1.3057444
v 14.028329 -6.5150847 1.3057482
v 14.514785 89.609505 -1.1059705
v 14.514786 -89.609505 -1.1059614
v 14.51479 89.609505 1.305637
v 14.514791 -89.609505 1.3056463
v 14.542955 89.48304 -0.45349142
v 14.542956 -89.483047 -0.45348233
v 14.542958 89.48304 0.75322205
v 14.542959 -89.483047 0.75323123
v 14.784456 88.39875 -1.1059694
v 14.784457 -88.398758 -1.1059604
v 14.784457 88.39875 -0.45349091
v 14.784458 -88.398758 -0.45348182
v 14.78446 88.39875 0.75322253
v 14.784461 -88.398758 0.75323176
v 14.784464 88.39875 1.3056381
v 14.784466 -88.398758 1.3056474
v 14.998634 92.319008 -1.1059753
v 14.998636 -92.319016 -1.1059661
v 14.998641 92.319008 1.3056326
v 14.998642 -92.319016 1.305642
v 15.013721 6.8439317 -0.45338136
v 15.013722 -6.8439274 -0.4533774
v 15.013724 6.8439336 0.75333244
v 15.013725 -6.8439288 0.75333655
v 15.479703 84.227692 -1.1059647
v 15.479704 84.227692 -0.45348689
v 15.479705 -84.227699 -1.1059556
v 15.479706 -84.227699 -0.45347786
v 15.479707 84.227692 0.75322652
v 15.479709 -84.227699 0.7532357
v 15.479711 84.227692 1.3056437
v 15.479712 -84.227699 1.3056529
v 15.579732 94.606628 -1.1059797
v 15.579734 -94.606628 -1.1059701
v 15.579739 94.606628 1.3056283
v 15.579741 -94.606628 1.3056382
v 15.747377 89.509346 -0.45349458
v 15.747379 -89.509354 -0.45348516
v 15.74738 89.509346 0.75321889
v 15.747382 -89.509354 0.75322843
v 16.169609 96.1241 -1.1059829
v 16.169611 -96.124107 -1.105973
v 16.169617 96.1241 1.3056253
v 16.169619 -96.124107 1.3056355
v 16.230577 80.209053 -1.1059605
v 16.230579 -80.209053 -1.1059517
v 16.230579 80.209053 -0.45348316
v 16.230581 -80.209053 -0.45347422
v 16.230581 80.209053 0.75323033
v 16.230583 -80.209053 0.75323933
v 16.230585 80.209053 1.3056474
v 16.230587 -80.209053 1.3056564
v 16.288015 86.492714 -0.45349172
v 16.288017 -86.492722 -0.45348239
v 16.288017 86.492714 0.75322175
v 16.288019 -86.492722 0.75323117
v 16.678465 -96.640388 -1.1059743
v 16.678465 96.640381 -1.1059844
v 16.678471 96.640381 1.3056239
v 16.678473 -96.640388 1.3056341
v 16.872305 76.250969 -1.1059562
v 16.872305 76.250969 0.75323421
v 16.872305 76.250969 1.3056513
v 16.872307 -76.250969 -1.1059475
v 16.872307 -76.250969 0.75324309
v 16.872307 -76.250969 1.3056602
v 16.872307 76.250969 -0.45347929
v 16.872309 -76.250969 -0.45347044
v 16.873316 -7.4645095 -1.1058573
v 16.873316 7.4645138 -1.1058617
v 16.873318 -7.4645104 -0.45338228
v 16.873318 7.4645147 -0.45338675
v 16.87332 -7.4645128 1.3057414
v 16.87332 -7.4645119 0.7533316
v 16.87332 7.4645162 0.75332713
v 16.87332 7.4645171 1.3057368
v 16.980431 -82.243736 -0.45347872
v 16.980431 82.243729 -0.45348796
v 16.980433 -82.243736 0.75323522
v 16.980433 82.243729 0.75322592
v 17.089872 94.11631 -1.1059811
v 17.089874 -94.116318 -1.1059711
v 17.08988 -94.116318 1.3056365
v 17.08988 94.11631 1.3056264
v 17.389652 72.614632 -1.1059521
v 17.389654 -72.614639 -1.1059434
v 17.389654 72.614632 -0.45347595
v 17.389656 -72.614639 -0.45346722
v 17.389656 72.614632 0.75323749
v 17.389656 72.614632 1.3056557
v 17.389658 -72.614639 0.75324631
v 17.389658 -72.614639 1.3056647
v 17.509541 -79.089622 -0.45347574
v 17.509541 79.089615 -0.45348486
v 17.509542 -79.089622 0.7532382
v 17.509542 79.089615 0.75322902
v 17.548891 91.758675 -1.105979
v 17.548893 -91.758675 -1.1059691
v 17.548899 91.758675 1.3056285
v 17.548901 -91.758675 1.3056386
v 17.967091 89.118858 -1.1059759
v 17.967093 -89.118866 -1.1059661
v 17.967098 -89.118866 1.305642
v 17.967098 89.118858 1.305632
v 17.972418 10.44381 -1.105864
v 17.97242 -10.443807 -1.1058592
v 17.97242 10.443812 -0.45339453
v 17.972422 -10.443807 -0.45338961
v 17.972422 10.443813 0.75331932
v 17.972424 -10.443809 0.75332433
v 17.972425 10.443814 1.3057435
v 17.972427 -10.44381 1.3057486
v 17.98937 -68.768616 -1.1059393
v 17.98937 68.768608 -1.105948
v 17.989372 -68.768616 -0.45346349
v 17.989372 68.768608 -0.45347211
v 17.989374 -68.768616 0.75325006
v 17.989374 -68.768616 1.3056692
v 17.989374 68.768608 0.75324136
v 17.989374 68.768608 1.3056604
v 18.18265 6.9033303 -0.4533889
v 18.182652 -6.903326 -0.45338416
v 18.182652 6.9033322 0.75332457
v 18.182653 -6.9033275 0.75332934
v 18.198799 -73.979836 -0.45347056
v 18.198799 73.979828 -0.45347956
v 18.198801 -73.979836 0.75324297
v 18.198801 73.979828 0.75323385
v 18.337223 12.238207 -1.1058671
v 18.337225 -12.238203 -1.1058621
v 18.337225 12.238209 -0.45339775
v 18.337227 -12.238203 -0.45339265
v 18.337227 12.23821 0.75331604
v 18.337229 -12.238205 0.75332135
v 18.337229 12.238211 1.3057404
v 18.337231 -12.238206 1.3057456
v 18.438026 86.528885 -1.1059731
v 18.438028 -86.528893 -1.1059633
v 18.438034 -86.528893 1.3056452
v 18.438034 86.528885 1.3056352
v 18.48291 8.2184343 -0.45339134
v 18.482912 -8.2184296 -0.45338646
v 18.482912 8.2184353 0.75332254
v 18.482914 -8.2184315 0.75332743
v 18.533056 -64.901588 -1.1059351
v 18.533056 64.901581 -1.1059436
v 18.533058 -64.901588 -0.45345962
v 18.533058 64.901581 -0.45346814
v 18.53306 -64.901588 0.75325394
v 18.53306 -64.901588 1.305673
v 18.53306 64.901581 0.75324529
v 18.53306 64.901581 1.3056643
v 18.619204 13.862477 -1.1058701
v 18.619205 -13.862474 -1.1058648
v 18.619205 13.862478 -0.45340058
v 18.619207 -13.862474 -0.45339528
v 18.619207 13.86248 0.75331318
v 18.619209 -13.862476 0.75331867
v 18.619211 13.86248 1.3057374
v 18.619213 -13.862477 1.305743
v 18.954193 83.286781 -1.1059699
v 18.954195 -83.286789 -1.1059602
v 18.954201 83.286781 1.3056384
v 18.954203 -83.286789 1.3056483
v 18.970448 -15.90363 -1.1058685
v 18.970448 15.903633 -1.1058739
v 18.970449 -15.90363 -0.45339862
v 18.970449 15.903635 -0.45340407
v 18.970451 -15.903633 1.3057396
v 18.970451 -15.903632 0.75331539
v 18.970451 15.903636 0.75330979
v 18.970451 15.903637 1.3057339
v 19.045931 61.688328 -1.10594
v 19.045933 -61.688324 -1.1059316
v 19.045933 61.688328 -0.45346496
v 19.045935 -61.688324 -0.45345652
v 19.045935 61.688328 0.75324851
v 19.045935 61.688328 1.3056675
v 19.045937 -61.688324 0.75325698
v 19.045937 -61.688324 1.3056761
v 19.13615 66.946091 -0.45347226
v 19.136152 -66.946091 -0.45346344
v 19.136152 66.946091 0.75324118
v 19.136154 -66.946091 0.75325006
v 19.304699 17.197933 -1.1058763
v 19.304701 -17.197927 -1.1058708
v 19.304701 17.197931 -0.45340657
v 19.304703 -17.197927 -0.45340091
v 19.304703 17.197931 0.75330728
v 19.304705 -17.197927 0.75331306
v 19.304707 17.197933 1.3057315
v 19.304708 -17.197927 1.3057373
v 19.412357 -80.680748 -1.1059574
v 19.412357 80.68074 -1.105967
v 19.412363 80.68074 1.3056408
v 19.412365 -80.680748 1.3056507
v 19.536625 13.262666 -0.45340177
v 19.536627 -13.262662 -0.45339635
v 19.536627 13.262668 0.75331205
v 19.536629 -13.262664 0.75331759
v 19.554487 18.336525 -1.1058788
v 19.554489 -18.336517 -1.1058732
v 19.554489 18.336523 -0.45340866
v 19.554491 -18.336519 -0.45340288
v 19.554491 18.336525 0.7533052
v 19.554493 -18.336521 0.7533111
v 19.554493 18.336527 1.3057295
v 19.554495 -18.336521 1.3057353
v 19.592119 58.055279 -1.1059359
v 19.592121 -58.055279 -1.1059276
v 19.592121 58.055279 -0.45346132
v 19.592123 -58.055279 -0.45345297
v 19.592123 58.055279 0.75325215
v 19.592123 58.055279 1.3056719
v 19.592125 -58.055279 0.75326055
v 19.592125 -58.055279 1.3056805
v 19.709093 78.465248 -1.1059643
v 19.709095 -78.465256 -1.1059548
v 19.709097 78.465248 1.3056432
v 19.709099 -78.465256 1.305653
v 19.841866 20.297359 -1.1058822
v 19.841867 -20.297352 -1.1058763
v 19.841867 20.297359 -0.45341194
v 19.841869 -20.297354 -0.45340598
v 19.841869 20.297359 0.75330192
v 19.841871 -20.297356 0.753308
v 19.841873 -20.297356 1.3057323
v 19.841873 20.297361 1.3057262
v 20.022745 76.485374 -1.1059624
v 20.022747 -76.485382 -1.1059529
v 20.022749 76.485374 1.3056451
v 20.022751 -76.485382 1.3056549
v 20.115267 -54.6241 -1.1059239
v 20.115267 54.6241 -1.1059321
v 20.115269 -54.6241 -0.45344964
v 20.115269 54.6241 -0.45345783
v 20.115271 -54.6241 0.75326389
v 20.115271 -54.6241 1.3056846
v 20.115271 54.6241 0.75325561
v 20.115271 54.6241 1.3056762
v 20.18462 61.044559 -0.45346701
v 20.184622 -61.044559 -0.4534584
v 20.184622 61.044559 0.75324678
v 20.184624 -61.044559 0.75325555
v 20.205088 22.617405 -1.1058861
v 20.20509 -22.617397 -1.10588
v 20.20509 22.617405 -0.45341584
v 20.205091 -22.617399 -0.45340964
v 20.205091 22.617405 0.75329792
v 20.205093 -22.617401 0.7533043
v 20.205093 22.617407 1.3057222
v 20.205095 -22.617401 1.3057286
v 20.305847 74.005417 -1.1059593
v 20.305849 -74.005424 -1.1059499
v 20.305851 74.005417 1.3056487
v 20.305853 -74.005424 1.3056582
v 20.545662 25.007895 -1.1058905
v 20.545664 -25.007887 -1.1058841
v 20.545664 25.007895 -0.45341986
v 20.545666 -25.007889 -0.4534134
v 20.545666 25.007895 0.75329393
v 20.545668 -25.007891 0.75330061
v 20.54567 -25.007891 1.3057249
v 20.54567 25.007896 1.3057182
v 20.640451 51.0471 -1.1059279
v 20.640453 -51.0471 -1.10592
v 20.640453 51.047104 -0.45345423
v 20.640455 -51.0471 -0.45344609
v 20.640455 51.047104 0.75325924
v 20.640455 51.047108 1.3056799
v 20.640457 -51.0471 0.75326741
v 20.640457 -51.0471 1.3056881
v 20.679144 71.375069 -1.1059562
v 20.679146 -71.375076 -1.1059468
v 20.679148 71.375069 1.305652
v 20.67915 -71.375076 1.3056617
v 20.917089 21.024101 -0.4534153
v 20.917091 -21.024097 -0.45340905
v 20.917091 21.024103 0.7532981
v 20.917093 -21.024099 0.75330454
v 20.934099 28.002697 0.75328916
v 20.934099 28.002699 -1.1058959
v 20.934099 28.002701 1.3057116
v 20.934101 -28.002697 0.75329596
v 20.934101 -28.002697 1.3057185
v 20.934101 -28.002693 -1.1058891
v 20.934101 28.002699 -0.4534243
v 20.934103 -28.002695 -0.4534176
v 20.981953 -47.799679 -1.105916
v 20.981953 47.799679 -1.105924
v 20.981955 -47.799679 -0.45344305
v 20.981955 47.799683 -0.45345101
v 20.981956 -47.799679 0.75327057
v 20.981956 -47.799679 1.3056916
v 20.981956 47.799683 0.75326246
v 20.981956 47.799686 1.3056835
v 21.084114 68.339378 -1.105953
v 21.084116 -68.339386 -1.1059437
v 21.084116 68.339378 1.3056552
v 21.084118 -68.339386 1.3056648
v 21.190487 53.622334 -0.45345929
v 21.190489 -53.622334 -0.45345092
v 21.190489 53.622334 0.75325453
v 21.190491 -53.622334 0.75326306
v 21.252417 30.332228 -1.1058996
v 21.252419 -30.332224 -1.1058927
v 21.252419 30.33223 -0.45342815
v 21.25242 -30.332226 -0.45342124
v 21.25242 30.332228 0.75328529
v 21.25242 30.332232 1.3057079
v 21.252422 -30.332228 0.75329238
v 21.252422 -30.332228 1.305715
v 21.402658 32.598747 -1.1059029
v 21.40266 -32.598743 -1.1058959
v 21.40266 -32.598743 1.3057117
v 21.40266 32.598747 -0.45343158
v 21.40266 32.598751 1.3057046
v 21.402662 -32.598743 -0.45342442
v 21.402662 32.598747 0.75328195
v 21.402664 -32.598743 0.75328916
v 21.40831 44.576542 -1.1059207
v 21.408312 -44.576542 -1.1059128
v 21.408312 44.576546 -0.45344761
v 21.408314 -44.576542 -0.45343977
v 21.408314 44.576546 0.7532658
v 21.408314 44.57655 1.3056868
v 21.408316 -44.576542 0.75327384
v 21.408316 -44.576542 1.3056948
v 21.471436 -65.842102 -1.1059409
v 21.471436 65.842102 -1.1059502
v 21.471439 -65.842102 1.3056672
v 21.471439 65.842102 1.3056577
v 21.511946 33.560627 -1.1059046
v 21.511948 -33.560623 -1.1058973
v 21.511948 33.560627 -0.45343307
v 21.51195 -33.560623 -0.45342588
v 21.51195 33.560627 0.7532804
v 21.51195 33.560631 1.3057029
v 21.511951 -33.560623 0.75328773
v 21.511951 -33.560623 1.3057103
v 21.718681 26.843533 -0.4534249
v 21.718683 -26.843529 -0.45341808
v 21.718683 26.843531 0.75328892
v 21.718685 -26.843531 0.7532959
v 21.74777 41.474937 -1.1059165
v 21.747772 -41.474937 -1.1059088
v 21.747772 41.474941 -0.45344424
v 21.747774 -41.474937 -0.45343646
v 21.747774 41.474941 0.7532692
v 21.747774 41.474945 1.3056917
v 21.747776 -41.474937 0.75327712
v 21.747776 -41.474937 1.3056997
v 21.804441 63.820629 -1.1059479
v 21.804443 -63.820629 -1.1059387
v 21.804445 63.820629 1.3056597
v 21.804447 -63.820629 1.3056691
v 21.813904 9.7786379 -1.1058758
v 21.813906 -9.778635 -1.1058701
v 21.813908 9.7786417 1.3057226
v 21.81391 -9.7786379 1.3057286
v 21.867586 48.062843 -0.45345336
v 21.867588 -48.06284 -0.45344514
v 21.867588 48.062843 0.75326008
v 21.86759 -48.06284 0.75326842
v 22.017178 38.219284 -1.1059127
v 22.017179 -38.21928 -1.1059052
v 22.017179 38.219284 -0.45344046
v 22.017181 -38.21928 -0.45343286
v 22.017181 38.219284 0.75327307
v 22.017181 38.219288 1.3056955
v 22.017183 -38.21928 0.75328076
v 22.017183 -38.21928 1.3057033
v 22.189655 60.957947 -1.1059449
v 22.189657 -60.957947 -1.1059358
v 22.189659 60.957947 1.3056626
v 22.189661 -60.957947 1.3056719
v 22.271198 2.9886255e-06 -1.1058604
v 22.2712 2.9605455e-06 1.3057327
v 22.317778 31.096891 -0.45343196
v 22.31778 -31.096888 -0.45342472
v 22.31778 31.096889 0.75328189
v 22.317781 -31.096889 0.75328928
v 22.449537 13.540544 -1.1058769
v 22.449539 -13.540541 -1.1058708
v 22.449541 13.540546 1.3057306
v 22.449543 -13.540544 1.3057368
v 22.568882 57.635941 -1.1059405
v 22.568884 -57.635937 -1.1059314
v 22.568886 57.635941 1.305667
v 22.568888 -57.635937 1.3056762
v 22.608564 41.83633 -0.45344663
v 22.608566 -41.836327 -0.45343864
v 22.608566 41.83633 0.75326681
v 22.608568 -41.836327 0.75327492
v 22.755613 38.731377 -0.45344317
v 22.755615 -38.731369 -0.45343536
v 22.755615 38.731377 0.75327063
v 22.755617 -38.731369 0.75327861
v 22.863911 18.355341 -1.1058848
v 22.863913 -18.355335 -1.1058782
v 22.863914 18.355345 1.3057231
v 22.863916 -18.355339 1.3057297
v 22.984129 53.84481 -1.1059363
v 22.984131 -53.844807 -1.1059275
v 22.984133 53.84481 1.305672
v 22.984135 -53.844807 1.305681
v 23.004698 -21.4212 -1.1058829
v 23.004698 21.421207 -1.1058896
v 23.004702 -21.421204 1.3057256
v 23.004702 21.421209 1.3057187
v 23.291719 10.515487 -1.1058801
v 23.291721 -10.515483 -1.1058741
v 23.291723 10.51549 1.3057183
v 23.291725 -10.515486 1.3057246
v 23.327429 24.735699 -1.1058948
v 23.327431 -24.735691 -1.1058878
v 23.327433 24.735701 1.3057135
v 23.327435 -24.735695 1.3057207
v 23.364361 10.857005 -1.1058826
v 23.364363 -10.857001 -1.1058764
v 23.364363 10.857006 -0.45340136
v 23.364365 -10.857001 -0.45339516
v 23.364365 10.857008 0.75331002
v 23.364365 10.857008 1.3057158
v 23.364367 -10.857004 1.3057222
v 23.364367 -10.857003 0.75331628
v 23.468115 50.219299 -1.1059316
v 23.468117 -50.219296 -1.1059231
v 23.468119 50.219303 1.3056759
v 23.468121 -50.219296 1.3056847
v 23.584427 -28.165375 -1.105893
v 23.584427 28.16538 -1.1059003
v 23.584431 -28.165379 1.3057151
v 23.584431 28.165382 1.3057077
v 23.79434 30.625671 -1.1059045
v 23.794342 -30.625666 -1.1058969
v 23.794344 30.625673 1.305703
v 23.794346 -30.625669 1.3057107
v 23.867647 47.180054 -1.1059284
v 23.867649 -47.180054 -1.10592
v 23.867651 47.180061 1.3056791
v 23.867653 -47.180054 1.3056878
v 24.079544 34.268902 -1.1059099
v 24.079546 -34.268898 -1.1059022
v 24.079548 34.268906 1.3056976
v 24.07955 -34.268898 1.3057054
v 24.092018 11.217924 -0.45340249
v 24.09202 -11.217918 -0.45339608
v 24.09202 11.217925 0.75331098
v 24.092022 -11.21792 0.75331742
v 24.15649 -44.496258 -1.1059166
v 24.15649 44.496262 -1.1059251
v 24.156494 -44.496258 1.3056915
v 24.156494 44.496265 1.3056828
v 24.297358 36.659992 -1.1059141
v 24.297359 -36.659992 -1.1059061
v 24.297361 36.66 1.3056937
v 24.297363 -36.659992 1.305702
v 24.456238 42.024033 -1.1059221
v 24.45624 -42.024029 -1.1059136
v 24.456242 42.024036 1.3056862
v 24.456244 -42.024029 1.3056948
v 24.728409 40.407509 -1.1059206
v 24.728411 -40.407509 -1.1059121
v 24.728413 40.407516 1.3056878
v 24.728415 -40.407509 1.3056964
v 24.735497 13.179799 -1.1058862
v 24.735498 -13.179795 -1.1058797
v 24.735498 13.179801 -0.4534083
v 24.7355 -13.179795 -0.4534016
v 24.7355 13.179802 0.7533052
v 24.7355 13.179802 1.3057197
v 24.735502 -13.179798 1.3057265
v 24.735502 -13.179797 0.75331193
v 24.747925 38.394073 -1.1059178
v 24.747927 -38.39407 -1.1059096
v 24.747929 38.394077 1.3056904
v 24.747931 -38.39407 1.3056989
v 25.014486 39.283352 -1.1059196
v 25.014488 -39.283348 -1.1059113
v 25.01449 39.283356 1.3056886
v 25.014492 -39.283348 1.3056972
v 25.090929 11.263312 -0.45340517
v 25.090931 -11.263308 -0.45339853
v 25.090931 11.263314 0.7533083
v 25.090933 -11.263309 0.75331503
v 25.366051 11.849848 -0.45340657
v 25.366053 -11.849842 -0.45339984
v 25.366053 11.849849 0.75330681
v 25.366055 -11.849844 0.75331372
v 25.486029 14.592687 -1.1058899
v 25.486031 -14.592684 -1.105883
v 25.486031 14.592689 -0.45341185
v 25.486032 -14.592684 -0.4534049
v 25.486032 14.59269 0.75330156
v 25.486032 14.59269 1.305716
v 25.486034 -14.592687 1.3057232
v 25.486034 -14.592686 0.75330865
v 25.821451 -2.3435323 -1.1058686
v 25.821451 2.3435376 -1.1058748
v 25.821455 -2.3435352 1.3057301
v 25.821455 2.3435407 1.3057237
v 26.796005 17.276112 -1.1058965
v 26.796007 -17.276104 -1.1058891
v 26.796007 17.27611 -0.45341876
v 26.796009 -17.276106 -0.45341134
v 26.796009 17.276112 0.75329512
v 26.796009 17.276114 1.3057095
v 26.796011 -17.276108 0.75330257
v 26.796011 -17.276108 1.3057171
v 27.337112 16.051954 -0.45341837
v 27.337114 -16.05195 -0.45341086
v 27.337114 16.051956 0.75329554
v 27.337116 -16.051952 0.75330311
v 27.808075 19.475452 -1.105902
v 27.808077 -19.475445 -1.1058942
v 27.808077 19.475452 -0.45342401
v 27.808079 -19.475447 -0.45341617
v 27.808079 19.475452 0.75328976
v 27.808079 19.475454 1.3057044
v 27.808081 -19.475449 0.75329775
v 27.808081 -19.475449 1.3057123
v 28.566288 4.6006598 -1.105884
v 28.566292 -4.6006546 -1.1058769
v 28.566292 4.6006627 1.3057145
v 28.566296 -4.6006575 1.3057218
v 28.727938 21.737471 -1.1059074
v 28.72794 -21.737465 -1.1058993
v 28.72794 21.737471 -0.45342949
v 28.727942 -21.737467 -0.45342129
v 28.727942 21.737473 0.75328434
v 28.727942 21.737474 1.3056993
v 28.727943 -21.737469 0.75329268
v 28.727943 -21.737469 1.3057076
v 29.06908 19.998199 -0.45342752
v 29.069082 19.998199 0.75328588
v 29.069084 -19.998194 -0.45341936
v 29.069086 -19.998196 0.75329423
v 29.585312 23.71958 -1.105912
v 29.585314 23.719578 -0.45343408
v 29.585316 -23.719572 -1.1059036
v 29.585316 23.71958 0.75327981
v 29.585316 23.719582 1.3056947
v 29.585318 -23.719574 -0.45342556
v 29.58532 -23.719576 0.75328845
v 29.58532 -23.719576 1.3057033
v 30.343847 25.714947 -1.1059165
v 30.343849 -25.714939 -1.1059077
v 30.343849 25.714947 -0.45343885
v 30.343851 -25.714941 -0.45343
v 30.343851 25.714947 0.75327504
v 30.343851 25.714949 1.3056903
v 30.343853 -25.714943 0.75328392
v 30.343853 -25.714943 1.3056992
v 31.221058 7.0079141 -1.1058928
v 31.221062 -7.0079098 -1.1058849
v 31.221062 7.0079174 1.3057058
v 31.221066 -7.0079131 1.3057137
v 31.452801 25.873066 -0.45344153
v 31.452803 25.873066 0.75327194
v 31.452805 -25.87306 -0.45343241
v 31.452806 -25.873062 0.75328118
v 31.578934 29.031334 -1.1059238
v 31.578936 29.031336 -0.45344645
v 31.578938 -29.031328 -1.1059144
v 31.578938 29.031334 0.75326735
v 31.578938 29.031336 1.3056822
v 31.578939 -29.03133 -0.45343709
v 31.578941 -29.031332 0.75327688
v 31.578941 -29.031332 1.3056917
v 33.17944 33.474083 -1.1059335
v 33.179443 -33.474083 -1.1059237
v 33.179443 33.474087 -0.45345595
v 33.179443 33.474087 0.75325745
v 33.179447 -33.474083 -0.45344597
v 33.179447 -33.474083 0.75326759
v 33.179447 33.474091 1.3056719
v 33.179451 -33.474083 1.3056821
v 33.667145 -32.152061 -0.45344526
v 33.667145 -32.152061 0.7532683
v 33.667145 32.152065 -0.45345527
v 33.667145 32.152065 0.75325811
v 33.691174 17.860456 -1.105908
v 33.691177 -17.860451 -1.105899
v 33.691181 17.86046 1.3056979
v 33.691185 -17.860455 1.3057072
v 33.794502 9.5703049 -1.105902
v 33.794506 -9.5703011 -1.1058933
v 33.79451 9.5703077 1.305697
v 33.794514 -9.5703039 1.3057058
v 34.065445 19.081978 -1.1059105
v 34.065449 -19.08197 -1.1059014
v 34.065453 19.08198 1.3056953
v 34.065456 -19.081974 1.3057048
v 34.113583 35.932159 -1.1059394
v 34.113586 -35.932156 -1.1059291
v 34.113586 35.932163 -0.45346177
v 34.113586 35.932163 0.75325167
v 34.11359 -35.932156 -0.4534514
v 34.11359 -35.932156 0.75326216
v 34.11359 35.932163 1.3056666
v 34.113594 -35.932156 1.3056769
v 34.428356 20.307188 -1.105913
v 34.42836 -20.307182 -1.1059036
v 34.428364 20.30719 1.3056929
v 34.428368 -20.307186 1.3057026
v 34.82423 21.667658 -1.1059157
v 34.824234 -21.66765 -1.1059061
v 34.824238 21.66766 1.3056903
v 34.824242 -21.667654 1.3057001
v 34.940647 38.475719 -1.1059448
v 34.940651 -38.475719 -1.105934
v 34.940651 38.475723 -0.45346704
v 34.940651 38.475723 0.75324643
v 34.940655 -38.475719 -0.45345631
v 34.940655 -38.475719 0.75325727
v 34.940655 38.475727 1.3056612
v 34.940659 -38.475719 1.305672
v 35.204132 22.95322 -1.1059188
v 35.204136 -22.953213 -1.1059089
v 35.20414 22.953222 1.3056875
v 35.204144 -22.953217 1.3056977
v 35.582577 24.360489 -1.1059214
v 35.582581 -24.360481 -1.1059115
v 35.582584 24.360491 1.3056849
v 35.582588 -24.360485 1.3056951
v 35.774441 20.419563 -1.1059204
v 35.774445 -20.419556 -1.1059108
v 35.774448 20.419565 1.305678
v 35.774452 -20.419559 1.3056879
v 35.817806 38.246548 -0.45346907
v 35.817806 38.246548 0.75324434
v 35.81781 -38.246544 -0.45345813
v 35.81781 -38.246544 0.75325543
v 35.935814 25.557758 -1.1059239
v 35.935818 -25.557753 -1.1059138
v 35.935822 25.557762 1.3056824
v 35.935825 -25.557756 1.3056928
v 36.120861 20.959366 -1.105922
v 36.120865 -20.95936 -1.1059121
v 36.120869 20.959368 1.3056765
v 36.120872 -20.959364 1.3056866
v 36.247841 12.207767 -1.1059105
v 36.247845 -12.207763 -1.1059012
v 36.247849 12.20777 1.3056879
v 36.247852 -12.207766 1.3056974
v 36.340424 26.93133 -1.1059269
v 36.340427 -26.931324 -1.1059166
v 36.340431 26.931332 1.3056798
v 36.340435 -26.931328 1.3056903
v 36.523323 -43.456127 -1.1059439
v 36.523323 43.456127 -1.1059554
v 36.523327 -43.456127 -0.45346621
v 36.523327 -43.456127 0.75324738
v 36.523327 43.456131 -0.45347762
v 36.523327 43.456131 0.75323588
v 36.523331 -43.456127 1.3056625
v 36.523331 43.456135 1.3056509
v 36.720596 21.680899 -0.45347166
v 36.720596 21.680901 0.75324315
v 36.7206 -21.680897 0.7532534
v 36.7206 -21.680895 -0.45346156
v 36.930992 29.031706 -1.105931
v 36.930996 -29.0317 -1.1059206
v 36.931 29.031708 1.3056756
v 36.931004 -29.031704 1.3056864
v 37.420105 22.476906 -1.1059283
v 37.420109 -22.4769 -1.105918
v 37.420109 22.476906 -0.45347294
v 37.420109 22.476908 0.75324011
v 37.420113 -22.476904 0.75325048
v 37.420113 -22.476902 -0.45346266
v 37.420113 22.476908 1.3056796
v 37.420116 -22.476904 1.3056901
v 37.472733 30.762882 -1.1059346
v 37.472736 -30.762878 -1.1059238
v 37.47274 30.762886 1.305672
v 37.472744 -30.762882 1.3056831
v 37.538502 -47.157894 -1.1059511
v 37.538502 47.157894 -1.105963
v 37.538506 -47.157894 -0.45347336
v 37.538506 -47.157894 0.75324017
v 37.538506 47.157898 -0.45348525
v 37.538506 47.157898 0.75322825
v 37.538509 -47.157894 1.3056558
v 37.538509 47.157902 1.3056438
v 37.597076 43.682487 -0.45348072
v 37.597076 43.682487 0.75323266
v 37.59708 -43.682484 -0.45346904
v 37.59708 -43.682484 0.75324452
v 38.009647 51.105442 -1.1059692
v 38.009651 -51.105438 -1.1059572
v 38.009651 51.105446 -0.4534916
v 38.009651 51.105446 0.75322181
v 38.009655 -51.105438 -0.45347935
v 38.009655 -51.105438 0.75323421
v 38.009655 51.105446 1.3056375
v 38.009659 -51.105438 1.3056498
v 38.26741 33.442036 -1.10594
v 38.267414 -33.442036 -1.1059288
v 38.267418 33.442043 1.305666
v 38.267422 -33.442036 1.3056773
v 38.323471 21.823076 -0.45347717
v 38.323471 21.823076 0.75323546
v 38.323475 -21.823072 0.75324637
v 38.323475 -21.823071 -0.45346636
v 38.465641 46.981869 -0.45348752
v 38.465641 46.981869 0.75322634
v 38.465645 -46.981865 -0.45347539
v 38.465645 -46.981865 0.75323856
v 38.639881 14.899235 -1.1059195
v 38.639885 -14.899231 -1.1059093
v 38.639889 14.899238 1.305679
v 38.639893 -14.899234 1.3056893
v 38.679306 60.641232 -1.1059843
v 38.67931 -60.641232 -1.1059713
v 38.67931 60.641232 -0.45350629
v 38.67931 60.641232 0.75320709
v 38.679314 -60.641232 -0.45349327
v 38.679314 -60.641232 0.75322032
v 38.679314 60.641232 1.3056216
v 38.679317 -60.641232 1.3056347
v 39.002209 -36.029858 -1.105934
v 39.002209 36.029858 -1.1059455
v 39.002216 -36.029858 1.3056717
v 39.002216 36.029865 1.30566
v 39.135487 -24.272511 -1.1059238
v 39.135487 24.272516 -1.1059345
v 39.13549 -24.272514 0.75324434
v 39.13549 -24.272512 -0.45346838
v 39.13549 24.272516 -0.45347914
v 39.13549 24.272518 0.75323349
v 39.135494 -24.272514 1.3056843
v 39.135494 24.27252 1.3056734
v 39.139145 66.975281 -1.1059947
v 39.139149 -66.975281 -1.1059812
v 39.139149 66.975281 -0.45351583
v 39.139149 66.975281 0.75319761
v 39.139153 -66.975281 -0.4535023
v 39.139153 -66.975281 0.75321126
v 39.139153 66.975281 1.3056121
v 39.139156 -66.975281 1.3056257
v 39.147728 68.593346 -1.1059968
v 39.147732 -68.593353 -1.1059833
v 39.147732 68.593346 -0.45351806
v 39.147732 68.593346 0.75319541
v 39.147736 -68.593353 -0.45350438
v 39.147736 -68.593353 0.75320917
v 39.147736 68.593346 1.3056098
v 39.147739 -68.593353 1.3056237
v 39.193497 67.79895 -1.1059959
v 39.193501 -67.798958 -1.1059824
v 39.193501 67.79895 -0.45351708
v 39.193501 67.79895 0.75319636
v 39.193504 -67.798958 -0.45350346
v 39.193504 -67.798958 0.75321013
v 39.193504 67.79895 1.3056109
v 39.193508 -67.798958 1.3056245
v 39.19368 -68.188065 -1.1059829
v 39.19368 68.188057 -1.1059965
v 39.193684 -68.188065 -0.45350397
v 39.193684 -68.188065 0.75320965
v 39.193684 68.188057 -0.45351759
v 39.193684 68.188057 0.75319588
v 39.193687 -68.188065 1.305624
v 39.193687 68.188057 1.3056103
v 39.208588 69.403137 -1.105998
v 39.208591 -69.403145 -1.1059844
v 39.208591 69.403137 -0.45351928
v 39.208591 69.403137 0.75319415
v 39.208595 -69.403145 -0.45350555
v 39.208595 -69.403145 0.75320804
v 39.208595 69.403137 1.3056086
v 39.208599 -69.403145 1.3056225
v 39.219883 55.030815 -0.45349994
v 39.219883 55.030815 0.75321352
v 39.219887 -55.030815 -0.45348719
v 39.219887 -55.030815 0.7532264
v 39.318157 71.364296 -1.1060014
v 39.318161 -71.364296 -1.1059875
v 39.318161 71.364296 -0.45352215
v 39.318161 71.364296 0.75319135
v 39.318165 -71.364296 -0.45350829
v 39.318165 -71.364296 0.7532053
v 39.318165 71.364296 1.3056049
v 39.318169 -71.364296 1.305619
v 39.459736 -37.769569 -1.1059376
v 39.459736 37.769569 -1.1059493
v 39.459743 -37.769569 1.3056685
v 39.459743 37.769577 1.3056567
v 39.596752 76.532578 -1.1060092
v 39.596756 -76.532585 -1.1059951
v 39.596756 76.532578 -0.4535301
v 39.596756 76.532578 0.75318336
v 39.59676 -76.532585 -0.45351583
v 39.59676 -76.532585 0.75319773
v 39.59676 76.532578 1.3055966
v 39.596764 -76.532585 1.305611
v 39.960831 62.94083 -0.45351264
v 39.960831 62.94083 0.75320083
v 39.960835 -62.94083 -0.45349917
v 39.960835 -62.94083 0.75321442
v 39.977669 -39.473736 -1.1059408
v 39.977669 39.473736 -1.1059527
v 39.977676 -39.473736 1.3056653
v 39.977676 39.473743 1.3056532
v 40.070293 -86.377487 -1.1060095
v 40.070293 86.37748 -1.1060244
v 40.070297 -86.377487 -0.45352939
v 40.070297 -86.377487 0.7531842
v 40.070297 86.37748 -0.45354441
v 40.070297 86.37748 0.753169
v 40.070301 -86.377487 1.3055974
v 40.070301 86.37748 1.3055824
v 40.19783 91.637901 -1.1060325
v 40.197834 -91.637901 -1.1060172
v 40.197834 91.637901 -0.45355174
v 40.197834 91.637901 0.75316173
v 40.197838 -91.637901 -0.45353636
v 40.197838 -91.637901 0.75317723
v 40.197838 91.637901 1.3055735
v 40.197842 -91.637901 1.305589
v 40.238155 -68.539635 -0.45350689
v 40.238155 -68.539635 0.75320667
v 40.238155 68.539627 -0.4535208
v 40.238155 68.539627 0.75319266
v 40.332588 104.50393 -1.1060512
v 40.332592 -104.50394 -1.1060351
v 40.332596 104.50393 1.3055551
v 40.3326 -104.50394 1.3055713
v 40.334068 70.476013 -0.45352364
v 40.334068 70.476013 0.75318986
v 40.334072 -70.476013 -0.45350954
v 40.334072 -70.476013 0.75320399
v 40.335888 104.35542 -0.4535695
v 40.335888 104.35542 0.75314391
v 40.335892 -104.35542 -0.45355332
v 40.335892 -104.35542 0.75316024
v 40.35535 -71.126617 -0.45351043
v 40.35535 -71.126617 0.75320315
v 40.35535 71.12661 -0.45352453
v 40.35535 71.12661 0.75318885
v 40.35881 70.975517 -0.45352432
v 40.35881 70.975517 0.75318915
v 40.358814 -70.975525 -0.45351025
v 40.358814 -70.975525 0.75320333
v 40.359371 71.495102 -0.45352504
v 40.359371 71.495102 0.75318843
v 40.359375 -71.495102 -0.45351091
v 40.359375 -71.495102 0.75320268
v 40.376209 96.879639 -1.1060404
v 40.376213 -96.879646 -1.1060246
v 40.376213 96.879639 -0.45355916
v 40.376213 96.879639 0.75315428
v 40.376217 -96.879646 -0.45354342
v 40.376217 -96.879646 0.75317013
v 40.376217 96.879639 1.305566
v 40.376221 -96.879646 1.3055819
v 40.41135 104.7705 -1.1060518
v 40.411354 -104.7705 -1.1060356
v 40.411358 104.7705 1.3055545
v 40.411362 -104.7705 1.3055708
v 40.41708 -100.69882 -1.10603
v 40.41708 100.69881 -1.106046
v 40.417084 -100.69882 -0.45354882
v 40.417084 -100.69882 0.75316477
v 40.417084 100.69881 -0.45356476
v 40.417084 100.69881 0.75314867
v 40.417088 -100.69882 1.3055769
v 40.417088 100.69881 1.3055608
v 40.417461 -72.301178 -0.45351204
v 40.417461 -72.301178 0.75320148
v 40.417461 72.301178 -0.45352623
v 40.417461 72.301178 0.75318718
v 40.541317 74.235909 -0.45352909
v 40.541317 74.235909 0.75318432
v 40.541321 -74.235916 -0.45351478
v 40.541321 -74.235916 0.7531988
v 40.550224 24.478354 -0.45348659
v 40.550224 24.478355 0.75322604
v 40.550228 -24.478352 0.75323761
v 40.550228 -24.47835 -0.45347509
v 40.751827 77.996658 -0.45353466
v 40.751827 77.996658 0.75317878
v 40.751831 -77.996658 -0.45352
v 40.751831 -77.996658 0.75319356
v 40.77541 26.083397 -1.1059406
v 40.775414 -26.083389 -1.1059294
v 40.775414 26.083395 -0.45348567
v 40.775414 26.083397 0.75322694
v 40.775417 -26.083393 0.75323838
v 40.775417 -26.083391 -0.45347434
v 40.775417 26.083399 1.3056673
v 40.775421 -26.083393 1.3056787
v 41.136623 86.689629 -0.45354757
v 41.136623 86.689629 0.7531659
v 41.136627 -86.689629 -0.45353231
v 41.136627 -86.689629 0.75318122
v 41.281708 95.36322 -0.45355955
v 41.281708 95.36322 0.75315392
v 41.281712 -95.363228 -0.45354369
v 41.281712 -95.363228 0.75316983
v 41.289864 43.425194 -1.105961
v 41.289867 -43.425194 -1.1059484
v 41.289871 43.425201 1.305645
v 41.289875 -43.425194 1.3056576
v 41.294518 107.42893 -1.1060578
v 41.294521 -107.42895 -1.1060412
v 41.294525 107.42893 1.3055482
v 41.294529 -107.42895 1.305565
v 41.330288 100.77161 -0.45356694
v 41.330288 100.77161 0.75314647
v 41.330292 -100.77162 -0.45355073
v 41.330292 -100.77162 0.75316286
v 41.53727 104.40263 -0.45357266
v 41.53727 104.40263 0.75314075
v 41.537273 -104.40263 -0.45355618
v 41.537273 -104.40263 0.75315744
v 41.668514 44.42551 -1.1059631
v 41.668518 -44.425507 -1.1059505
v 41.668522 44.425514 1.3056428
v 41.668526 -44.425507 1.3056556
v 41.878704 18.78158 -1.1059322
v 41.878708 -18.781572 -1.1059211
v 41.878712 18.781582 1.3056753
v 41.878716 -18.781576 1.3056865
v 42.10714 -110.22675 -1.1060464
v 42.10714 110.22674 -1.1060632
v 42.107147 -110.22675 1.3055598
v 42.107147 110.22674 1.3055427
v 42.115379 45.320633 -1.1059654
v 42.115383 -45.320633 -1.1059525
v 42.115387 45.320641 1.3056406
v 42.115391 -45.320633 1.3056536
v 42.421486 -27.944065 -1.1059355
v 42.421486 27.944071 -1.1059473
v 42.42149 -27.944069 0.75323272
v 42.42149 -27.944067 -0.45348039
v 42.42149 27.944071 0.75322086
v 42.42149 27.944073 -0.45349225
v 42.421494 -27.944069 1.3056723
v 42.421494 27.944073 1.3056602
v 42.750286 111.25401 -1.1060658
v 42.75029 -111.25402 -1.1060485
v 42.750294 111.25401 1.3055402
v 42.750298 -111.25402 1.3055576
v 42.928391 48.566746 -1.1059723
v 42.928394 -48.566746 -1.1059592
v 42.928398 48.566753 1.3056345
v 42.928402 -48.566746 1.3056477
v 42.951538 46.88184 -1.1059697
v 42.951542 -46.88184 -1.1059566
v 42.951546 46.881847 1.3056366
v 42.95155 -46.88184 1.3056499
v 42.981812 50.024719 -1.1059743
v 42.981815 -50.024719 -1.1059611
v 42.981819 50.024727 1.3056324
v 42.981823 -50.024719 1.3056458
v 43.014488 -47.005173 -1.1059568
v 43.014488 47.005177 -1.10597
v 43.014496 -47.005173 1.3056496
v 43.014496 47.00518 1.3056363
v 43.106434 51.476551 -1.1059766
v 43.106438 -51.476551 -1.1059632
v 43.106441 51.476559 1.3056301
v 43.106445 -51.476551 1.3056437
v 43.19754 20.306757 -1.1059372
v 43.197544 -20.306751 -1.1059258
v 43.197548 20.306763 1.3056703
v 43.197552 -20.306757 1.3056818
v 43.305691 54.52412 -1.1059811
v 43.305695 -54.52412 -1.1059675
v 43.305698 54.52412 1.3056257
v 43.305702 -54.52412 1.3056394
v 43.315693 27.374342 0.75321597
v 43.315693 27.374344 -0.45349666
v 43.315697 -27.37434 0.75322843
v 43.315697 -27.374338 -0.45348433
v 43.698963 -58.388897 -1.105974
v 43.698963 58.388901 -1.105988
v 43.698971 -58.388897 1.3056321
v 43.698971 58.388901 1.3056179
v 43.779316 112.15837 -1.1060685
v 43.77932 -112.15838 -1.106051
v 43.779324 112.15837 1.3055375
v 43.779327 -112.15838 1.3055552
v 43.967945 29.81706 -1.1059532
v 43.967949 -29.817057 -1.1059409
v 43.967949 29.81706 0.75321448
v 43.967949 29.817062 -0.45349863
v 43.967953 -29.81706 0.75322682
v 43.967953 -29.817059 -0.45348626
v 43.967953 29.817064 1.3056543
v 43.967957 -29.81706 1.3056668
v 44.018005 62.009815 -1.1059936
v 44.018009 -62.009811 -1.1059792
v 44.018013 62.009815 1.3056123
v 44.018017 -62.009811 1.3056269
v 44.265942 -65.119156 -1.1059842
v 44.265942 65.119148 -1.1059988
v 44.265949 -65.119156 1.3056223
v 44.265949 65.119148 1.3056076
v 44.633224 68.916229 -1.106007
v 44.633228 -68.916237 -1.1059921
v 44.633232 68.916229 1.3055998
v 44.633236 -68.916237 1.3056148
v 44.679386 -22.277571 -1.1059313
v 44.679386 22.277576 -1.1059433
v 44.679394 -22.277575 1.3056763
v 44.679394 22.27758 1.3056642
v 44.836411 71.122635 -1.1060085
v 44.836414 -71.122643 -1.1059934
v 44.836418 71.122635 1.3055983
v 44.836422 -71.122643 1.3056135
v 45.03756 112.80213 -1.1060706
v 45.037563 -112.80215 -1.1060528
v 45.037567 112.80213 1.3055353
v 45.037571 -112.80215 1.3055534
v 45.09901 -75.275658 -1.1060028
v 45.09901 75.275658 -1.1060182
v 45.099018 -75.275658 1.305603
v 45.099018 75.275658 1.3055873
v 45.2677 77.981239 -1.1060193
v 45.267704 -77.981239 -1.1060036
v 45.267708 77.981239 1.3055866
v 45.267712 -77.981239 1.3056024
v 45.414673 81.143555 -1.1060239
v 45.414677 -81.143562 -1.1060081
v 45.41468 81.143555 1.3055819
v 45.414684 -81.143562 1.305598
v 45.589748 84.62056 -1.1060299
v 45.589752 -84.620567 -1.1060137
v 45.589756 84.62056 1.3055769
v 45.58976 -84.620567 1.3055933
v 45.775383 31.809734 -1.1059599
v 45.775387 -31.809731 -1.105947
v 45.775387 31.809734 0.75320768
v 45.775387 31.809736 -0.45350534
v 45.775391 -31.809734 0.75322068
v 45.775391 -31.809732 -0.45349243
v 45.775391 31.809738 1.3056468
v 45.775394 -31.809734 1.3056599
v 45.82568 88.639679 -1.1060357
v 45.825684 -88.639687 -1.1060193
v 45.825687 88.639679 1.3055711
v 45.825691 -88.639687 1.3055876
v 45.966404 92.68119 -1.1060423
v 45.966408 -92.681198 -1.1060256
v 45.966412 92.68119 1.3055637
v 45.966415 -92.681198 1.3055806
v 46.05117 96.245689 -1.1060473
v 46.051174 -96.245697 -1.1060303
v 46.051178 96.245689 1.3055587
v 46.051182 -96.245697 1.3055758
v 46.155991 98.636734 -1.1060507
v 46.155994 -98.636742 -1.1060336
v 46.155998 98.636734 1.3055551
v 46.156002 -98.636742 1.3055726
v 46.186455 101.08717 -1.1060549
v 46.186459 -101.08717 -1.1060375
v 46.186462 101.08717 1.3055519
v 46.186466 -101.08717 1.3055694
v 46.22229 104.70895 -1.1060599
v 46.222294 -104.70895 -1.1060421
v 46.222298 104.70895 1.3055469
v 46.222301 -104.70895 1.3055648
v 46.285851 108.12735 -1.1060649
v 46.285854 -108.12737 -1.1060472
v 46.285858 108.12735 1.3055414
v 46.285862 -108.12737 1.3055594
v 46.333466 113.08732 -1.1060721
v 46.333469 -113.08733 -1.1060539
v 46.333473 113.08732 1.3055339
v 46.333477 -113.08733 1.3055522
v 46.474117 24.584356 -1.1059504
v 46.474121 -24.584349 -1.1059378
v 46.474125 24.584358 1.3056571
v 46.474129 -24.584352 1.3056698
v 47.057968 31.900499 0.75320113
v 47.057968 31.900501 -0.45351151
v 47.057972 -31.900499 0.75321478
v 47.057972 -31.900497 -0.45349795
v 47.481602 -33.907722 -1.1059531
v 47.481602 33.907722 -1.1059666
v 47.481606 -33.907722 -0.45349851
v 47.481606 -33.907722 0.7532146
v 47.481606 33.907726 -0.45351195
v 47.481606 33.907726 0.75320107
v 47.481609 -33.907722 1.3056546
v 47.481609 33.90773 1.3056409
v 48.082527 -26.804369 -1.1059438
v 48.082527 26.804373 -1.1059569
v 48.082535 -26.804373 1.3056638
v 48.082535 26.804377 1.3056506
v 49.115597 36.114567 -1.1059731
v 49.115601 -36.114567 -1.1059592
v 49.115601 36.114571 -0.45351893
v 49.115601 36.114571 0.75319415
v 49.115604 -36.114567 -0.45350501
v 49.115604 -36.114567 0.7532081
v 49.115604 36.114574 1.3056337
v 49.115608 -36.114567 1.3056477
v 50.184982 29.592413 -1.1059657
v 50.184986 -29.592407 -1.105952
v 50.18499 29.592415 1.3056413
v 50.184994 -29.592411 1.3056554
v 50.776806 38.339474 -1.1059798
v 50.77681 -38.339474 -1.1059654
v 50.77681 38.339478 -0.45352566
v 50.77681 38.339478 0.75318742
v 50.776814 -38.339474 -0.45351118
v 50.776814 -38.339474 0.75320196
v 50.776814 38.339481 1.3056269
v 50.776817 -38.339474 1.3056415
v 50.900314 37.074589 -0.45352739
v 50.900314 37.074589 0.75318521
v 50.900318 -37.074585 -0.45351264
v 50.900318 -37.074585 0.75320011
v 52.132591 32.341595 -1.1059742
v 52.132595 -32.341595 -1.1059598
v 52.132599 32.341602 1.3056341
v 52.132603 -32.341595 1.3056487
v 53.320354 41.771023 -1.1059901
v 53.320358 41.771023 -0.45353636
v 53.320358 41.771023 0.75317627
v 53.320362 -41.771019 -1.1059749
v 53.320362 41.771027 1.3056166
v 53.320366 -41.771019 -0.45352101
v 53.320366 -41.771019 0.75319171
v 53.32037 -41.771019 1.305632
v 54.071014 35.045513 -1.1059823
v 54.071022 -35.045513 -1.1059672
v 54.071022 35.045521 1.3056245
v 54.07103 -35.045513 1.3056397
v 54.14463 41.349689 -0.4535408
v 54.14463 41.349689 0.75317186
v 54.144634 -41.349682 -0.45352495
v 54.144634 -41.349682 0.75318772
v 55.737263 45.275303 -1.1060007
v 55.737267 -45.275303 -1.1059846
v 55.737267 45.275307 -0.45354643
v 55.737267 45.275307 0.75316626
v 55.73727 -45.275303 -0.45353034
v 55.73727 -45.275303 0.75318241
v 55.73727 45.275311 1.3056064
v 55.737274 -45.275303 1.3056227
v 56.76664 39.00618 -1.1059935
v 56.766644 -39.00618 -1.1059777
v 56.766647 39.006187 1.3056132
v 56.766651 -39.00618 1.3056293
v 57.190418 47.468761 -1.1060067
v 57.190422 47.468765 -0.45355302
v 57.190422 47.468765 0.75316
v 57.190426 -47.468761 -1.1059902
v 57.190426 47.468769 1.3056003
v 57.19043 -47.468761 -0.45353642
v 57.19043 -47.468761 0.75317669
v 57.190434 -47.468761 1.3056171
v 57.662086 46.294144 -0.4535557
v 57.662086 46.294144 0.75315696
v 57.66209 -46.29414 -0.45353872
v 57.66209 -46.29414 0.75317401
v 58.371937 49.717182 -1.1060128
v 58.371941 -49.717182 -1.1059959
v 58.371941 49.717186 -0.45355868
v 58.371941 49.717186 0.75315398
v 58.371944 -49.717182 -0.45354167
v 58.371944 -49.717182 0.75317109
v 58.371944 49.71719 1.3055947
v 58.371948 -49.717182 1.3056118
v 59.026161 50.863892 -1.1060159
v 59.026165 50.863895 -0.45356166
v 59.026165 50.863895 0.75315094
v 59.026169 -50.863892 -1.1059988
v 59.026169 50.863899 1.3055916
v 59.026173 -50.863892 -0.45354444
v 59.026173 -50.863892 0.75316834
v 59.026176 -50.863892 1.305609
v 59.382854 42.462639 -1.106004
v 59.382862 -42.462635 -1.1059872
v 59.382862 42.462643 1.3056028
v 59.38287 -42.462635 1.3056197
v 59.49929 52.047241 -1.1060184
v 59.499294 52.047245 -0.45356435
v 59.499294 52.047245 0.75314826
v 59.499298 -52.047241 -1.1060011
v 59.499298 52.047249 1.3055891
v 59.499302 -52.047241 -0.45354688
v 59.499302 -52.047241 0.75316584
v 59.499306 -52.047241 1.3056066
v 60.052341 54.380402 -1.1060228
v 60.052345 54.380402 -0.4535687
v 60.052345 54.380402 0.75314403
v 60.052349 -54.380402 -1.1060053
v 60.052349 54.380402 1.3055847
v 60.052353 -54.380402 -0.45355096
v 60.052353 -54.380402 0.75316179
v 60.052357 -54.380402 1.3056024
v 60.613194 51.490982 -0.45356962
v 60.613194 51.490982 0.75314337
v 60.613201 -51.490978 -0.45355165
v 60.613201 -51.490978 0.75316149
v 60.740223 52.23513 -0.45357096
v 60.740223 52.23513 0.75314206
v 60.740231 -52.235123 -0.45355284
v 60.740231 -52.235123 0.7531603
v 60.961819 44.274147 -1.10601
v 60.961826 -44.274143 -1.1059927
v 60.961826 44.274151 1.3055967
v 60.961834 -44.274143 1.3056142
v 61.33276 61.06966 -1.1060355
v 61.332764 61.06966 -0.45358095
v 61.332764 61.06966 0.75313169
v 61.332767 -61.069656 -1.1060171
v 61.332767 61.06966 1.3055712
v 61.332771 -61.069656 -0.45356247
v 61.332771 -61.069656 0.75315022
v 61.332775 -61.069656 1.3055898
v 61.355263 55.837994 -0.45357713
v 61.355263 55.837994 0.75313562
v 61.35527 -55.837994 -0.45355868
v 61.35527 -55.837994 0.75315422
v 61.771576 58.276737 -0.45358136
v 61.771576 58.276737 0.75313127
v 61.771584 -58.276733 -0.45356265
v 61.771584 -58.276733 0.75315011
v 62.404331 67.708023 -1.1060472
v 62.404335 -67.708031 -1.1060281
v 62.404335 67.708023 -0.45359263
v 62.404335 67.708023 0.75312006
v 62.404339 -67.708031 -0.4535735
v 62.404339 -67.708031 0.7531392
v 62.404339 67.708023 1.30556
v 62.404343 -67.708031 1.3055792
v 62.679962 46.10273 -1.1060163
v 62.67997 -46.102726 -1.1059985
v 62.67997 46.102734 1.3055904
v 62.679977 -46.102726 1.3056084
v 63.187889 72.538116 -1.1060559
v 63.187893 -72.538124 -1.1060363
v 63.187893 72.538116 -0.45360127
v 63.187893 72.538116 0.75311136
v 63.187897 -72.538124 -0.45358163
v 63.187897 -72.538124 0.75313109
v 63.187897 72.538116 1.3055516
v 63.187901 -72.538124 1.3055714
v 63.436626 67.970322 -0.4535985
v 63.436626 67.970322 0.75311381
v 63.43663 -67.970329 -0.45357874
v 63.43663 -67.970329 0.75313359
v 64.172447 79.276901 -1.1060679
v 64.172447 79.276901 -0.45361254
v 64.172447 79.276901 0.75310016
v 64.172447 79.276901 1.3055388
v 64.172455 -79.276909 -1.1060476
v 64.172455 -79.276909 -0.45359221
v 64.172455 -79.276909 0.75312054
v 64.172455 -79.276909 1.3055593
v 64.217018 47.644199 -1.1060216
v 64.217018 47.644207 1.305585
v 64.217026 -47.644199 -1.1060035
v 64.217026 -47.644199 1.3056034
v 64.867538 -77.495926 -0.45359415
v 64.867538 -77.495926 0.75311828
v 64.867538 77.495918 -0.45361483
v 64.867538 77.495918 0.75309747
v 65.421806 81.202797 -0.45362127
v 65.421806 81.202797 0.7530911
v 65.421814 -81.202805 -0.45360023
v 65.421814 -81.202805 0.7531122
v 65.526154 89.935379 -1.1060859
v 65.526154 89.935379 -0.45363066
v 65.526154 89.935379 0.75308239
v 65.526154 89.935379 1.3055216
v 65.526161 -89.935387 -1.1060648
v 65.526161 -89.935387 -0.45360935
v 65.526161 -89.935387 0.75310373
v 65.526161 -89.935387 1.3055429
v 65.845009 49.020237 -1.1060272
v 65.845009 49.020241 1.3055794
v 65.845016 -49.020233 -1.1060085
v 65.845016 -49.020233 1.3055984
v 66.002991 51.745037 -1.1060317
v 66.002991 51.745045 1.3055755
v 66.002998 -51.745037 -1.1060127
v 66.002998 -51.745037 1.3055946
v 66.202232 54.446674 -1.1060361
v 66.202232 54.446674 1.3055714
v 66.20224 -54.446674 -1.106017
v 66.20224 -54.446674 1.3055907
v 66.407509 57.12318 -1.1060401
v 66.407509 57.12318 1.3055674
v 66.407516 -57.123177 -1.1060208
v 66.407516 -57.123177 1.3055869
v 66.668259 89.550491 -0.4536359
v 66.668259 89.550491 0.75307673
v 66.668266 -89.550499 -0.453614
v 66.668266 -89.550499 0.75309873
v 66.764175 99.885223 -1.1061029
v 66.764175 99.885223 -0.45364678
v 66.764175 99.885223 0.75306588
v 66.764175 99.885223 1.3055037
v 66.764183 -99.885231 -1.1060808
v 66.764183 -99.885231 -0.45362455
v 66.764183 -99.885231 0.75308818
v 66.764183 -99.885231 1.3055261
v 66.76487 59.759483 -1.106045
v 66.76487 59.759483 1.305563
v 66.764877 -59.75948 -1.1060253
v 66.764877 -59.75948 1.3055828
v 67.361389 -65.055252 -1.1060336
v 67.361389 -65.055252 1.3055733
v 67.361389 65.055244 -1.1060537
v 67.361389 65.055244 1.305553
v 67.561523 -106.33885 -1.1060914
v 67.561523 -106.33885 -0.45363441
v 67.561523 -106.33885 0.75307834
v 67.561523 -106.33885 1.3055162
v 67.561523 106.33884 -1.1061141
v 67.561523 106.33884 -0.45365724
v 67.561523 106.33884 0.75305545
v 67.561523 106.33884 1.3054934
v 67.948357 -99.915565 -0.45363021
v 67.948357 -99.915565 0.75308251
v 67.948357 99.915558 -0.45365304
v 67.948357 99.915558 0.75305963
v 67.988647 70.100487 -1.1060623
v 67.988647 70.100487 1.3055449
v 67.988655 -70.100494 -1.1060418
v 67.988655 -70.100494 1.3055656
v 68.105247 112.37521 -0.45366693
v 68.105247 112.37521 0.75304574
v 68.105255 -112.37522 -0.45364359
v 68.105255 -112.37522 0.7530691
v 68.155388 112.93185 -1.1061246
v 68.155388 112.93185 1.3054824
v 68.155396 -112.93187 -1.1061014
v 68.155396 -112.93187 1.3055059
v 68.772522 106.95548 -0.45366469
v 68.772522 106.95548 0.75304788
v 68.77253 -106.9555 -0.45364124
v 68.77253 -106.9555 0.75307149
v 68.774033 75.564186 -1.1060718
v 68.774033 75.564186 1.3055357
v 68.77404 -75.564194 -1.1060507
v 68.77404 -75.564194 1.305557
v 69.398514 112.47938 -0.45367354
v 69.398514 112.47938 0.75303906
v 69.398521 -112.47939 -0.45364955
v 69.398521 -112.47939 0.7530632
v 69.718765 -80.765503 -1.10606
v 69.718765 -80.765503 1.3055476
v 69.718765 80.765503 -1.1060817
v 69.718765 80.765503 1.3055258
v 71.704948 -92.202194 -1.1060795
v 71.704948 -92.202194 1.3055283
v 71.704948 92.202187 -1.1061022
v 71.704948 92.202187 1.3055053
v 71.73333 118.29366 -1.1061401
v 71.73333 118.29366 1.3054669
v 71.733337 -118.29366 -1.1061156
v 71.733337 -118.29366 1.3054917
v 72.692833 98.202782 -1.1061128
v 72.692833 98.202782 1.3054943
v 72.692841 -98.202789 -1.1060894
v 72.692841 -98.202789 1.3055179
v 73.639465 103.58024 -1.1061226
v 73.639465 103.58024 1.3054842
v 73.639473 -103.58025 -1.1060987
v 73.639473 -103.58025 1.3055083
v 73.707703 -121.18804 -1.1061232
v 73.707703 -121.18804 1.3054841
v 73.707703 121.18803 -1.1061485
v 73.707703 121.18803 1.3054587
v 74.512489 109.12358 -1.1061329
v 74.512489 109.12358 1.3054746
v 74.512497 -109.1236 -1.1061082
v 74.512497 -109.1236 1.3054994
v 75.432838 114.69152 -1.1061424
v 75.432838 114.69152 1.3054651
v 75.432846 -114.69153 -1.1061171
v 75.432846 -114.69153 1.3054905
v 75.446686 123.6107 -1.1061556
v 75.446686 123.6107 1.3054515
v 75.446693 -123.61072 -1.1061298
v 75.446693 -123.61072 1.3054775
v 76.320206 120.12068 -1.1061525
v 76.320206 120.12068 1.305455
v 76.320213 -120.1207 -1.1061267
v 76.320213 -120.1207 1.3054811
v 76.685539 125.19285 -1.1061602
v 76.685539 125.19285 1.3054467
v 76.685547 -125.19286 -1.1061341
v 76.685547 -125.19286 1.305473
v 77.235657 125.6936 -1.1061617
v 77.235657 125.6936 1.3054451
v 77.235664 -125.69361 -1.1061355
v 77.235664 -125.69361 1.3054714
s 1
f 407// 405// 337//
f 407// 337// 339//
f 339// 337// 313//
f 339// 313// 314//
f 451// 449// 405//
f 451// 405// 407//
f 483// 481// 449//
f 483// 449// 451//
f 519// 517// 481//
f 519// 481// 483//
f 547// 545// 517//
f 547// 517// 519//
f 601// 599// 545//
f 601// 545// 547//
f 659// 658// 599//
f 659// 599// 601//
f 732// 731// 658//
f 732// 658// 659//
f 603// 605// 663//
f 603// 663// 661//
f 549// 551// 605//
f 549// 605// 603//
f 342// 411// 409//
f 342// 409// 341//
f 521// 523// 551//
f 521// 551// 549//
f 485// 487// 523//
f 485// 523// 521//
f 265// 266// 294//
f 265// 294// 293//
f 409// 411// 455//
f 409// 455// 453//
f 453// 455// 487//
f 453// 487// 485//
f 317// 318// 342//
f 317// 342// 341//
f 225// 226// 266//
f 225// 266// 265//
f 157// 156// 194//
f 157// 194// 193//
f 293// 294// 318//
f 293// 318// 317//
f 128// 156// 157//
f 128// 157// 129//
f 33// 32// 44//
f 33// 44// 45//
f 193// 194// 226//
f 193// 226// 225//
f 45// 44// 93//
f 45// 93// 94//
f 23// 32// 33//
f 23// 33// 26//
f 30// 29// 21//
f 23// 26// 25//
f 25// 30// 21//
f 23// 25// 21//
f 13// 37// 39//
f 13// 39// 15//
f 37// 49// 51//
f 37// 51// 39//
f 101// 137// 139//
f 101// 139// 103//
f 137// 161// 163//
f 137// 163// 139//
f 161// 197// 199//
f 161// 199// 163//
f 197// 217// 219//
f 197// 219// 199//
f 217// 245// 247//
f 217// 247// 219//
f 245// 297// 299//
f 245// 299// 247//
f 297// 349// 351//
f 297// 351// 299//
f 441// 477// 479//
f 441// 479// 443//
f 477// 533// 535//
f 477// 535// 479//
f 533// 646// 647//
f 533// 647// 535//
f 646// 774// 775//
f 646// 775// 647//
f 774// 876// 877//
f 774// 877// 775//
f 94// 93// 128//
f 94// 128// 129//
f 42// 41// 29//
f 42// 29// 30//
f 91// 89// 41//
f 91// 41// 42//
f 126// 125// 89//
f 126// 89// 91//
f 154// 153// 125//
f 154// 125// 126//
f 190// 189// 153//
f 190// 153// 154//
f 222// 221// 189//
f 222// 189// 190//
f 262// 261// 221//
f 262// 221// 222//
f 290// 289// 261//
f 290// 261// 262//
f 314// 313// 289//
f 314// 289// 290//
f 67// 65// 17//
f 67// 17// 19//
f 133// 65// 67//
f 133// 67// 134//
f 181// 133// 134//
f 181// 134// 183//
f 229// 181// 183//
f 229// 183// 231//
f 275// 273// 229//
f 275// 229// 231//
f 275// 327// 325//
f 275// 325// 273//
f 413// 325// 327//
f 413// 327// 415//
f 505// 413// 415//
f 505// 415// 507//
f 593// 591// 505//
f 593// 505// 507//
f 694// 591// 593//
f 694// 593// 695//
f 750// 694// 695//
f 750// 695// 751//
f 1016// 1031// 944//
f 944// 920// 1002//
f 1016// 944// 1002//
f 936// 987// 1016//
f 830// 888// 936//
f 575// 714// 758//
f 758// 830// 936//
f 936// 1016// 1002//
f 936// 1002// 974//
f 465// 575// 758//
f 309// 345// 465//
f 165// 209// 257//
f 257// 309// 465//
f 936// 974// 958//
f 930// 914// 882//
f 936// 958// 930//
f 165// 257// 465//
f 77// 105// 121//
f 121// 165// 465//
f 758// 936// 930//
f 882// 858// 824//
f 758// 930// 882//
f 83// 77// 121//
f 114// 83// 121//
f 758// 882// 824//
f 824// 780// 744//
f 744// 708// 667//
f 667// 609// 559//
f 667// 559// 511//
f 824// 744// 667//
f 114// 121// 465//
f 202// 175// 147//
f 147// 114// 465//
f 758// 824// 667//
f 667// 511// 471//
f 471// 419// 379//
f 471// 379// 330//
f 465// 758// 667//
f 667// 471// 330//
f 465// 667// 330//
f 202// 147// 465//
f 279// 251// 234//
f 234// 202// 465//
f 465// 330// 302//
f 302// 279// 234//
f 302// 234// 465//
f 1003// 921// 946//
f 946// 1034// 1018//
f 1018// 990// 938//
f 938// 889// 831//
f 759// 715// 577//
f 938// 831// 759//
f 1003// 946// 1018//
f 976// 1003// 1018//
f 1018// 938// 759//
f 759// 577// 467//
f 467// 347// 311//
f 259// 211// 167//
f 467// 311// 259//
f 959// 976// 1018//
f 883// 915// 932//
f 932// 959// 1018//
f 467// 259// 167//
f 122// 106// 78//
f 467// 167// 122//
f 932// 1018// 759//
f 825// 861// 883//
f 883// 932// 759//
f 122// 78// 85//
f 122// 85// 116//
f 825// 883// 759//
f 745// 781// 825//
f 669// 709// 745//
f 561// 611// 669//
f 513// 561// 669//
f 669// 745// 825//
f 467// 122// 116//
f 149// 177// 205//
f 467// 116// 149//
f 669// 825// 759//
f 473// 513// 669//
f 381// 421// 473//
f 333// 381// 473//
f 669// 759// 467//
f 333// 473// 669//
f 333// 669// 467//
f 467// 149// 205//
f 237// 253// 281//
f 467// 205// 237//
f 305// 333// 467//
f 237// 281// 305//
f 467// 237// 305//
f 1089// 1172// 1174//
f 1060// 1168// 1170//
f 1060// 1170// 1088//
f 1089// 1174// 1062//
f 1060// 1088// 1089//
f 1089// 1062// 1060//
f 723// 597// 527//
f 447// 403// 371//
f 723// 527// 447//
f 982// 909// 815//
f 815// 723// 447//
f 447// 371// 395//
f 447// 395// 433//
f 982// 815// 447//
f 1078// 1042// 982//
f 1134// 1118// 1078//
f 1186// 1158// 1134//
f 1214// 1194// 1186//
f 1218// 1221// 1214//
f 1089// 1094// 1218//
f 1172// 1089// 1218//
f 1218// 1214// 1186//
f 1186// 1134// 1078//
f 1078// 982// 447//
f 447// 433// 461//
f 447// 461// 497//
f 1172// 1218// 1186//
f 1179// 1172// 1186//
f 1078// 447// 497//
f 541// 583// 641//
f 1078// 497// 541//
f 1164// 1179// 1186//
f 1152// 1164// 1186//
f 1078// 541// 641//
f 701// 769// 809//
f 1078// 641// 701//
f 1140// 1152// 1186//
f 1124// 1140// 1186//
f 1078// 701// 809//
f 867// 899// 952//
f 1078// 809// 867//
f 1124// 1186// 1078//
f 1084// 1103// 1112//
f 1112// 1124// 1078//
f 1078// 867// 952//
f 1078// 952// 996//
f 1084// 1112// 1078//
f 1052// 1072// 1084//
f 1078// 996// 1024//
f 1024// 1052// 1084//
f 1024// 1084// 1078//
f 1221// 1218// 1216//
f 1221// 1216// 1220//
f 2075// 2097// 2098//
f 2075// 2098// 2076//
f 1298// 1348// 1347//
f 1272// 1343// 1345//
f 1272// 1345// 1296//
f 1298// 1347// 1274//
f 1272// 1296// 1298//
f 1298// 1274// 1272//
f 1286// 1280// 1312//
f 1312// 1328// 1351//
f 1351// 1367// 1399//
f 1456// 1516// 1576//
f 1351// 1399// 1456//
f 1286// 1312// 1351//
f 1322// 1302// 1286//
f 1389// 1362// 1342//
f 1322// 1286// 1351//
f 1342// 1322// 1351//
f 1456// 1576// 1636//
f 1342// 1351// 1456//
f 1450// 1421// 1389//
f 1389// 1342// 1456//
f 1456// 1636// 1666//
f 1666// 1670// 1654//
f 1616// 1552// 1472//
f 1666// 1654// 1616//
f 1389// 1456// 1666//
f 1486// 1450// 1389//
f 1509// 1486// 1389//
f 1666// 1616// 1472//
f 1472// 1416// 1396//
f 1396// 1296// 1345//
f 1396// 1345// 1382//
f 1509// 1389// 1666//
f 1598// 1565// 1542//
f 1542// 1509// 1666//
f 1472// 1396// 1382//
f 1472// 1382// 1406//
f 1598// 1542// 1666//
f 1622// 1598// 1666//
f 1472// 1406// 1430//
f 1430// 1441// 1462//
f 1478// 1498// 1522//
f 1430// 1462// 1478//
f 1642// 1622// 1666//
f 1582// 1592// 1610//
f 1610// 1642// 1666//
f 1472// 1430// 1478//
f 1472// 1478// 1522//
f 1582// 1610// 1666//
f 1534// 1562// 1582//
f 1472// 1522// 1534//
f 1582// 1666// 1472//
f 1472// 1534// 1582//
f 1418// 1398// 1396//
f 1418// 1396// 1416//
f 846// 847// 851//
f 846// 851// 850//
f 839// 838// 818//
f 839// 818// 819//
f 819// 818// 798//
f 819// 798// 799//
f 799// 798// 786//
f 799// 786// 787//
f 762// 738// 739//
f 762// 739// 763//
f 1773// 1651// 1652//
f 1773// 1652// 1775//
f 1798// 1773// 1775//
f 1798// 1775// 1800//
f 1830// 1798// 1800//
f 1830// 1800// 1832//
f 1862// 1830// 1832//
f 1862// 1832// 1864//
f 1918// 1862// 1864//
f 1918// 1864// 1920//
f 1986// 1918// 1920//
f 1986// 1920// 1988//
f 1914// 1942// 1946//
f 1914// 1946// 1936//
f 1945// 1948// 1916//
f 1914// 1936// 1935//
f 1935// 1945// 1916//
f 1914// 1935// 1916//
f 1902// 1914// 1916//
f 1902// 1916// 1904//
f 1700// 1699// 1688//
f 1688// 1686// 1694//
f 1696// 1700// 1688//
f 1688// 1694// 1696//
f 1632// 1686// 1688//
f 1632// 1688// 1634//
f 921// 1003// 1005//
f 876// 1000// 1002//
f 876// 1002// 920//
f 921// 1005// 877//
f 876// 920// 921//
f 921// 877// 876//
f 1018// 1034// 1031//
f 1018// 1031// 1016//
f 738// 718// 719//
f 738// 719// 739//
f 655// 675// 674//
f 655// 674// 654//
f 619// 631// 629//
f 619// 629// 617//
f 634// 635// 655//
f 634// 655// 654//
f 691// 690// 674//
f 691// 674// 675//
f 631// 635// 634//
f 631// 634// 629//
f 838// 839// 847//
f 838// 847// 846//
f 786// 762// 763//
f 786// 763// 787//
f 661// 695// 593//
f 661// 593// 603//
f 507// 485// 521//
f 549// 603// 593//
f 507// 521// 549//
f 549// 593// 507//
f 415// 409// 453//
f 453// 485// 507//
f 453// 507// 415//
f 409// 415// 327//
f 327// 317// 341//
f 327// 341// 409//
f 317// 327// 275//
f 275// 265// 293//
f 275// 293// 317//
f 265// 275// 231//
f 265// 231// 225//
f 225// 231// 183//
f 183// 157// 193//
f 183// 193// 225//
f 157// 183// 134//
f 157// 134// 129//
f 67// 94// 129//
f 67// 129// 134//
f 19// 26// 33//
f 45// 94// 67//
f 19// 33// 45//
f 45// 67// 19//
f 861// 859// 885//
f 861// 885// 883//
f 661// 663// 734//
f 661// 734// 733//
f 959// 961// 977//
f 959// 977// 976//
f 932// 933// 961//
f 932// 961// 959//
f 915// 917// 933//
f 915// 933// 932//
f 827// 859// 861//
f 827// 861// 825//
f 781// 783// 827//
f 781// 827// 825//
f 747// 783// 781//
f 747// 781// 745//
f 513// 515// 563//
f 513// 563// 561//
f 883// 885// 917//
f 883// 917// 915//
f 709// 711// 747//
f 709// 747// 745//
f 669// 671// 711//
f 669// 711// 709//
f 473// 475// 515//
f 473// 515// 513//
f 561// 563// 613//
f 561// 613// 611//
f 423// 475// 473//
f 423// 473// 421//
f 381// 382// 423//
f 381// 423// 421//
f 333// 334// 382//
f 333// 382// 381//
f 177// 178// 206//
f 177// 206// 205//
f 611// 613// 671//
f 611// 671// 669//
f 305// 306// 334//
f 305// 334// 333//
f 281// 282// 306//
f 281// 306// 305//
f 253// 254// 282//
f 253// 282// 281//
f 150// 178// 177//
f 150// 177// 149//
f 205// 206// 238//
f 205// 238// 237//
f 237// 238// 254//
f 237// 254// 253//
f 116// 117// 150//
f 116// 150// 149//
f 85// 86// 117//
f 85// 117// 116//
f 77// 83// 81//
f 75// 86// 85//
f 75// 85// 78//
f 77// 81// 73//
f 75// 78// 77//
f 77// 73// 75//
f 69// 97// 99//
f 69// 99// 71//
f 97// 109// 111//
f 97// 111// 99//
f 109// 141// 143//
f 109// 143// 111//
f 141// 169// 171//
f 141// 171// 143//
f 169// 185// 187//
f 169// 187// 171//
f 185// 213// 215//
f 185// 215// 187//
f 213// 241// 243//
f 213// 243// 215//
f 241// 269// 271//
f 241// 271// 243//
f 269// 285// 287//
f 269// 287// 271//
f 285// 321// 323//
f 285// 323// 287//
f 321// 353// 355//
f 321// 355// 323//
f 353// 425// 427//
f 353// 427// 355//
f 425// 501// 503//
f 425// 503// 427//
f 501// 553// 555//
f 501// 555// 503//
f 553// 650// 651//
f 553// 651// 555//
f 650// 726// 727//
f 650// 727// 651//
f 726// 794// 795//
f 726// 795// 727//
f 794// 802// 803//
f 794// 803// 795//
f 802// 834// 835//
f 802// 835// 803//
f 834// 872// 873//
f 834// 873// 835//
f 872// 904// 905//
f 872// 905// 873//
f 904// 940// 941//
f 904// 941// 905//
f 940// 968// 969//
f 940// 969// 941//
f 968// 1012// 1013//
f 968// 1013// 969//
f 1012// 1036// 1038//
f 1012// 1038// 1013//
f 1036// 1060// 1062//
f 1036// 1062// 1038//
f 1002// 1000// 972//
f 1002// 972// 974//
f 974// 972// 956//
f 974// 956// 958//
f 958// 956// 928//
f 958// 928// 930//
f 930// 928// 912//
f 930// 912// 914//
f 914// 912// 880//
f 914// 880// 882//
f 882// 880// 856//
f 882// 856// 858//
f 858// 856// 822//
f 858// 822// 824//
f 824// 822// 778//
f 824// 778// 780//
f 780// 778// 742//
f 780// 742// 744//
f 744// 742// 706//
f 744// 706// 708//
f 708// 706// 666//
f 708// 666// 667//
f 667// 666// 607//
f 667// 607// 609//
f 609// 607// 557//
f 609// 557// 559//
f 559// 557// 509//
f 559// 509// 511//
f 511// 509// 469//
f 511// 469// 471//
f 471// 469// 417//
f 471// 417// 419//
f 419// 417// 377//
f 419// 377// 379//
f 379// 377// 329//
f 379// 329// 330//
f 330// 329// 301//
f 330// 301// 302//
f 302// 301// 277//
f 302// 277// 279//
f 279// 277// 249//
f 279// 249// 251//
f 251// 249// 233//
f 251// 233// 234//
f 234// 233// 201//
f 234// 201// 202//
f 202// 201// 173//
f 202// 173// 175//
f 175// 173// 145//
f 175// 145// 147//
f 147// 145// 113//
f 147// 113// 114//
f 114// 113// 81//
f 114// 81// 83//
f 121// 105// 106//
f 121// 106// 122//
f 165// 121// 122//
f 165// 122// 167//
f 209// 165// 167//
f 209// 167// 211//
f 259// 257// 209//
f 259// 209// 211//
f 309// 257// 259//
f 309// 259// 311//
f 345// 309// 311//
f 345// 311// 347//
f 465// 345// 347//
f 465// 347// 467//
f 577// 575// 465//
f 577// 465// 467//
f 715// 714// 575//
f 715// 575// 577//
f 759// 758// 714//
f 759// 714// 715//
f 830// 758// 759//
f 830// 759// 831//
f 888// 830// 831//
f 888// 831// 889//
f 936// 888// 889//
f 936// 889// 938//
f 990// 987// 936//
f 990// 936// 938//
f 1016// 987// 990//
f 1016// 990// 1018//
f 976// 977// 1005//
f 976// 1005// 1003//
f 1170// 1168// 1176//
f 1170// 1176// 1178//
f 1178// 1176// 1160//
f 1178// 1160// 1162//
f 1162// 1160// 1148//
f 1162// 1148// 1150//
f 1150// 1148// 1135//
f 1150// 1135// 1137//
f 1137// 1135// 1120//
f 1137// 1120// 1122//
f 1122// 1120// 1108//
f 1122// 1108// 1110//
f 1110// 1108// 1100//
f 1110// 1100// 1102//
f 1102// 1100// 1080//
f 1102// 1080// 1082//
f 1082// 1080// 1068//
f 1082// 1068// 1070//
f 1070// 1068// 1048//
f 1070// 1048// 1050//
f 1050// 1048// 1020//
f 1050// 1020// 1022//
f 1022// 1020// 992//
f 1022// 992// 994//
f 994// 992// 948//
f 994// 948// 950//
f 950// 948// 896//
f 950// 896// 898//
f 898// 896// 864//
f 898// 864// 866//
f 866// 864// 806//
f 866// 806// 808//
f 808// 806// 766//
f 808// 766// 768//
f 768// 766// 698//
f 768// 698// 699//
f 699// 698// 638//
f 699// 638// 639//
f 639// 638// 579//
f 639// 579// 581//
f 581// 579// 537//
f 581// 537// 539//
f 539// 537// 493//
f 539// 493// 495//
f 495// 493// 457//
f 495// 457// 459//
f 459// 457// 429//
f 459// 429// 431//
f 431// 429// 389//
f 431// 389// 392//
f 395// 390// 435//
f 395// 435// 433//
f 369// 371// 403//
f 369// 403// 401//
f 445// 401// 403//
f 445// 403// 447//
f 461// 463// 499//
f 461// 499// 497//
f 1220// 1216// 1092//
f 1092// 1088// 1170//
f 1220// 1092// 1170//
f 1191// 1212// 1220//
f 1132// 1155// 1184//
f 1184// 1191// 1220//
f 1220// 1170// 1178//
f 1220// 1178// 1162//
f 1132// 1184// 1220//
f 1076// 1116// 1132//
f 979// 1040// 1076//
f 814// 908// 979//
f 525// 595// 722//
f 722// 814// 979//
f 979// 1076// 1132//
f 1132// 1220// 1162//
f 1132// 1162// 1150//
f 722// 979// 1132//
f 445// 525// 722//
f 369// 401// 445//
f 431// 392// 369//
f 431// 369// 445//
f 1132// 1150// 1137//
f 1132// 1137// 1122//
f 431// 445// 722//
f 459// 431// 722//
f 1132// 1122// 1110//
f 1110// 1102// 1082//
f 1082// 1070// 1050//
f 1082// 1050// 1022//
f 1132// 1110// 1082//
f 495// 459// 722//
f 639// 581// 539//
f 539// 495// 722//
f 722// 1132// 1082//
f 722// 1082// 1022//
f 639// 539// 722//
f 808// 768// 699//
f 699// 639// 722//
f 722// 1022// 994//
f 950// 898// 866//
f 722// 994// 950//
f 808// 699// 722//
f 950// 866// 808//
f 950// 808// 722//
f 367// 365// 357//
f 367// 357// 359//
f 1124// 1126// 1142//
f 1124// 1142// 1140//
f 397// 437// 439//
f 397// 439// 399//
f 437// 489// 491//
f 437// 491// 439//
f 489// 529// 531//
f 489// 531// 491//
f 529// 571// 573//
f 529// 573// 531//
f 571// 625// 627//
f 571// 627// 573//
f 625// 686// 687//
f 625// 687// 627//
f 686// 754// 755//
f 686// 755// 687//
f 754// 790// 791//
f 754// 791// 755//
f 790// 842// 843//
f 790// 843// 791//
f 842// 892// 893//
f 842// 893// 843//
f 892// 924// 925//
f 892// 925// 893//
f 924// 964// 965//
f 924// 965// 925//
f 964// 984// 985//
f 964// 985// 965//
f 984// 1008// 1009//
f 984// 1009// 985//
f 1008// 1028// 1029//
f 1008// 1029// 1009//
f 1028// 1044// 1046//
f 1028// 1046// 1029//
f 1044// 1056// 1058//
f 1044// 1058// 1046//
f 1056// 1064// 1066//
f 1056// 1066// 1058//
f 1064// 1096// 1098//
f 1064// 1098// 1066//
f 1096// 1128// 1130//
f 1096// 1130// 1098//
f 1128// 1144// 1146//
f 1128// 1146// 1130//
f 1144// 1188// 1190//
f 1144// 1190// 1146//
f 1188// 1204// 1206//
f 1188// 1206// 1190//
f 1204// 1200// 1202//
f 1204// 1202// 1206//
f 1200// 1196// 1198//
f 1200// 1198// 1202//
f 1196// 1208// 1210//
f 1196// 1210// 1198//
f 1208// 1224// 1226//
f 1208// 1226// 1210//
f 1224// 1228// 1230//
f 1224// 1230// 1226//
f 1228// 1232// 1234//
f 1228// 1234// 1230//
f 1232// 1236// 1237//
f 1232// 1237// 1234//
f 1236// 1240// 1242//
f 1236// 1242// 1237//
f 1240// 1244// 1246//
f 1240// 1246// 1242//
f 1244// 1248// 1250//
f 1244// 1250// 1246//
f 1248// 1252// 1253//
f 1248// 1253// 1250//
f 1252// 1256// 1258//
f 1252// 1258// 1253//
f 1256// 1260// 1262//
f 1256// 1262// 1258//
f 1260// 1264// 1266//
f 1260// 1266// 1262//
f 1264// 1268// 1270//
f 1264// 1270// 1266//
f 1268// 1272// 1274//
f 1268// 1274// 1270//
f 367// 390// 395//
f 367// 395// 371//
f 392// 389// 365//
f 367// 371// 369//
f 369// 392// 365//
f 367// 369// 365//
f 1179// 1181// 1174//
f 1179// 1174// 1172//
f 1164// 1166// 1181//
f 1164// 1181// 1179//
f 1112// 1114// 1126//
f 1112// 1126// 1124//
f 1140// 1142// 1154//
f 1140// 1154// 1152//
f 1054// 1074// 1072//
f 1054// 1072// 1052//
f 1152// 1154// 1166//
f 1152// 1166// 1164//
f 1103// 1105// 1114//
f 1103// 1114// 1112//
f 1024// 1025// 1054//
f 1024// 1054// 1052//
f 1072// 1074// 1086//
f 1072// 1086// 1084//
f 997// 1025// 1024//
f 997// 1024// 996//
f 952// 953// 997//
f 952// 997// 996//
f 899// 901// 953//
f 899// 953// 952//
f 771// 811// 809//
f 771// 809// 769//
f 1084// 1086// 1105//
f 1084// 1105// 1103//
f 497// 499// 543//
f 497// 543// 541//
f 809// 811// 869//
f 809// 869// 867//
f 867// 869// 901//
f 867// 901// 899//
f 701// 703// 771//
f 701// 771// 769//
f 641// 643// 703//
f 641// 703// 701//
f 583// 585// 643//
f 583// 643// 641//
f 541// 543// 585//
f 541// 585// 583//
f 525// 445// 447//
f 525// 447// 527//
f 597// 595// 525//
f 597// 525// 527//
f 722// 595// 597//
f 722// 597// 723//
f 814// 722// 723//
f 814// 723// 815//
f 908// 814// 815//
f 908// 815// 909//
f 982// 979// 908//
f 982// 908// 909//
f 1042// 1040// 979//
f 1042// 979// 982//
f 1078// 1076// 1040//
f 1078// 1040// 1042//
f 1118// 1116// 1076//
f 1118// 1076// 1078//
f 1132// 1116// 1118//
f 1132// 1118// 1134//
f 1155// 1132// 1134//
f 1155// 1134// 1158//
f 1184// 1155// 1158//
f 1184// 1158// 1186//
f 1191// 1184// 1186//
f 1191// 1186// 1194//
f 1212// 1191// 1194//
f 1212// 1194// 1214//
f 1220// 1212// 1214//
f 1220// 1214// 1221//
f 433// 435// 463//
f 433// 463// 461//
f 1658// 1632// 1634//
f 1658// 1634// 1660//
f 1674// 1658// 1660//
f 1674// 1660// 1676//
f 1681// 1674// 1676//
f 1681// 1676// 1683//
f 1690// 1681// 1683//
f 1690// 1683// 1692//
f 1705// 1690// 1692//
f 1705// 1692// 1707//
f 1710// 1705// 1707//
f 1710// 1707// 1712//
f 1718// 1710// 1712//
f 1718// 1712// 1720//
f 1730// 1718// 1720//
f 1730// 1720// 1732//
f 1750// 1730// 1732//
f 1750// 1732// 1752//
f 1754// 1750// 1752//
f 1754// 1752// 1756//
f 1738// 1754// 1756//
f 1738// 1756// 1740//
f 1734// 1738// 1740//
f 1734// 1740// 1736//
f 1725// 1734// 1736//
f 1725// 1736// 1727//
f 1714// 1725// 1727//
f 1714// 1727// 1716//
f 1702// 1714// 1716//
f 1702// 1716// 1704//
f 1678// 1702// 1704//
f 1678// 1704// 1680//
f 1662// 1678// 1680//
f 1662// 1680// 1664//
f 1648// 1662// 1664//
f 1648// 1664// 1650//
f 1628// 1648// 1650//
f 1628// 1650// 1630//
f 1603// 1628// 1630//
f 1603// 1630// 1605//
f 1572// 1603// 1605//
f 1572// 1605// 1574//
f 1548// 1572// 1574//
f 1548// 1574// 1550//
f 1528// 1548// 1550//
f 1528// 1550// 1530//
f 1504// 1528// 1530//
f 1504// 1530// 1506//
f 1492// 1504// 1506//
f 1492// 1506// 1494//
f 1467// 1492// 1494//
f 1467// 1494// 1470//
f 1436// 1467// 1470//
f 1436// 1470// 1438//
f 1412// 1436// 1438//
f 1412// 1438// 1413//
f 1376// 1412// 1413//
f 1376// 1413// 1377//
f 1372// 1376// 1377//
f 1372// 1377// 1374//
f 1356// 1372// 1374//
f 1356// 1374// 1357//
f 1331// 1356// 1357//
f 1331// 1357// 1334//
f 1304// 1306// 1326//
f 1304// 1326// 1324//
f 1326// 1340// 1339//
f 1326// 1339// 1324//
f 1339// 1340// 1366//
f 1339// 1366// 1365//
f 1365// 1366// 1392//
f 1365// 1392// 1391//
f 1392// 1424// 1423//
f 1392// 1423// 1391//
f 1423// 1424// 1454//
f 1423// 1454// 1453//
f 1453// 1454// 1490//
f 1453// 1490// 1489//
f 1489// 1490// 1512//
f 1489// 1512// 1511//
f 1511// 1512// 1546//
f 1511// 1546// 1545//
f 1546// 1568// 1567//
f 1546// 1567// 1545//
f 1601// 1602// 1626//
f 1601// 1626// 1625//
f 1625// 1626// 1646//
f 1625// 1646// 1645//
f 1567// 1568// 1602//
f 1567// 1602// 1601//
f 1646// 1614// 1613//
f 1646// 1613// 1645//
f 1613// 1614// 1589//
f 1613// 1589// 1594//
f 1594// 1589// 1586//
f 1594// 1586// 1585//
f 1585// 1586// 1559//
f 1585// 1559// 1558//
f 1558// 1559// 1537//
f 1558// 1537// 1536//
f 1536// 1537// 1526//
f 1536// 1526// 1524//
f 1500// 1501// 1482//
f 1500// 1482// 1480//
f 1464// 1466// 1443//
f 1464// 1443// 1444//
f 1524// 1526// 1501//
f 1524// 1501// 1500//
f 1432// 1434// 1410//
f 1432// 1410// 1408//
f 1480// 1482// 1466//
f 1480// 1466// 1464//
f 1384// 1386// 1347//
f 1384// 1347// 1348//
f 1444// 1443// 1434//
f 1444// 1434// 1432//
f 1280// 1286// 1284//
f 1278// 1290// 1288//
f 1278// 1288// 1282//
f 1280// 1284// 1276//
f 1278// 1282// 1280//
f 1280// 1276// 1278//
f 1408// 1410// 1386//
f 1408// 1386// 1384//
f 1416// 1472// 1474//
f 1416// 1474// 1418//
f 1474// 1472// 1552//
f 1474// 1552// 1554//
f 1552// 1616// 1618//
f 1552// 1618// 1554//
f 1616// 1654// 1656//
f 1616// 1656// 1618//
f 1654// 1670// 1672//
f 1654// 1672// 1656//
f 1670// 1666// 1668//
f 1670// 1668// 1672//
f 1666// 1636// 1638//
f 1666// 1638// 1668//
f 1636// 1576// 1578//
f 1636// 1578// 1638//
f 1576// 1516// 1518//
f 1576// 1518// 1578//
f 1518// 1516// 1456//
f 1518// 1456// 1458//
f 1458// 1456// 1399//
f 1458// 1399// 1401//
f 1399// 1367// 1369//
f 1399// 1369// 1401//
f 1367// 1351// 1353//
f 1367// 1353// 1369//
f 1351// 1328// 1330//
f 1351// 1330// 1353//
f 1328// 1312// 1314//
f 1328// 1314// 1330//
f 1280// 1282// 1314//
f 1280// 1314// 1312//
f 1302// 1301// 1284//
f 1302// 1284// 1286//
f 1322// 1320// 1301//
f 1322// 1301// 1302//
f 1342// 1338// 1320//
f 1342// 1320// 1322//
f 1362// 1360// 1338//
f 1362// 1338// 1342//
f 1389// 1387// 1360//
f 1389// 1360// 1362//
f 1421// 1419// 1387//
f 1421// 1387// 1389//
f 1450// 1448// 1419//
f 1450// 1419// 1421//
f 1486// 1484// 1448//
f 1486// 1448// 1450//
f 1509// 1507// 1484//
f 1509// 1484// 1486//
f 1542// 1540// 1507//
f 1542// 1507// 1509//
f 1565// 1563// 1540//
f 1565// 1540// 1542//
f 1598// 1596// 1563//
f 1598// 1563// 1565//
f 1622// 1620// 1596//
f 1622// 1596// 1598//
f 1642// 1640// 1620//
f 1642// 1620// 1622//
f 1610// 1608// 1640//
f 1610// 1640// 1642//
f 1592// 1588// 1608//
f 1592// 1608// 1610//
f 1582// 1580// 1588//
f 1582// 1588// 1592//
f 1562// 1560// 1580//
f 1562// 1580// 1582//
f 1534// 1532// 1560//
f 1534// 1560// 1562//
f 1522// 1520// 1532//
f 1522// 1532// 1534//
f 1498// 1496// 1520//
f 1498// 1520// 1522//
f 1478// 1476// 1496//
f 1478// 1496// 1498//
f 1460// 1476// 1478//
f 1460// 1478// 1462//
f 1441// 1439// 1460//
f 1441// 1460// 1462//
f 1430// 1428// 1439//
f 1430// 1439// 1441//
f 1406// 1404// 1428//
f 1406// 1428// 1430//
f 1382// 1380// 1404//
f 1382// 1404// 1406//
f 1345// 1343// 1380//
f 1345// 1380// 1382//
f 1330// 1314// 1282//
f 1288// 1304// 1324//
f 1330// 1282// 1288//
f 1401// 1369// 1353//
f 1353// 1330// 1288//
f 1353// 1288// 1324//
f 1458// 1401// 1353//
f 1578// 1518// 1458//
f 1668// 1638// 1578//
f 1656// 1672// 1668//
f 1474// 1554// 1618//
f 1618// 1656// 1668//
f 1668// 1578// 1458//
f 1458// 1353// 1324//
f 1339// 1365// 1391//
f 1458// 1324// 1339//
f 1474// 1618// 1668//
f 1398// 1418// 1474//
f 1348// 1298// 1398//
f 1384// 1348// 1398//
f 1668// 1458// 1339//
f 1391// 1423// 1453//
f 1668// 1339// 1391//
f 1384// 1398// 1474//
f 1408// 1384// 1474//
f 1668// 1391// 1453//
f 1453// 1489// 1511//
f 1545// 1567// 1601//
f 1668// 1453// 1511//
f 1668// 1511// 1545//
f 1432// 1408// 1474//
f 1464// 1444// 1432//
f 1524// 1500// 1480//
f 1480// 1464// 1432//
f 1668// 1545// 1601//
f 1668// 1601// 1625//
f 1480// 1432// 1474//
f 1524// 1480// 1474//
f 1668// 1625// 1645//
f 1613// 1594// 1585//
f 1668// 1645// 1613//
f 1536// 1524// 1474//
f 1585// 1558// 1536//
f 1668// 1613// 1585//
f 1585// 1536// 1474//
f 1585// 1474// 1668//
f 1288// 1290// 1306//
f 1288// 1306// 1304//
f 1922// 1910// 1912//
f 1922// 1912// 1924//
f 1938// 1922// 1924//
f 1938// 1924// 1940//
f 1950// 1938// 1940//
f 1950// 1940// 1952//
f 1974// 1950// 1952//
f 1974// 1952// 1976//
f 1997// 1974// 1976//
f 1997// 1976// 1999//
f 2061// 1997// 1999//
f 2061// 1999// 2063//
f 2077// 2061// 2063//
f 2077// 2063// 2079//
f 2178// 2077// 2079//
f 2178// 2079// 2180//
f 2194// 2178// 2180//
f 2194// 2180// 2196//
f 2206// 2194// 2196//
f 2206// 2196// 2208//
f 2226// 2206// 2208//
f 2226// 2208// 2228//
f 2233// 2226// 2228//
f 2233// 2228// 2235//
f 2222// 2233// 2235//
f 2222// 2235// 2224//
f 2230// 2222// 2224//
f 2230// 2224// 2232//
f 2238// 2230// 2232//
f 2238// 2232// 2240//
f 2246// 2238// 2240//
f 2246// 2240// 2248//
f 2253// 2246// 2248//
f 2253// 2248// 2255//
f 2270// 2253// 2255//
f 2270// 2255// 2272//
f 2273// 2270// 2272//
f 2273// 2272// 2275//
f 2278// 2273// 2275//
f 2278// 2275// 2280//
f 2286// 2278// 2280//
f 2286// 2280// 2288//
f 2293// 2286// 2288//
f 2293// 2288// 2295//
f 2298// 2293// 2295//
f 2298// 2295// 2300//
f 2302// 2298// 2300//
f 2302// 2300// 2304//
f 2306// 2302// 2304//
f 2306// 2304// 2308//
f 2318// 2306// 2308//
f 2318// 2308// 2320//
f 2322// 2318// 2320//
f 2322// 2320// 2324//
f 2326// 2322// 2324//
f 2326// 2324// 2328//
f 2330// 2326// 2328//
f 2330// 2328// 2332//
f 2334// 2330// 2332//
f 2334// 2332// 2336//
f 2338// 2334// 2336//
f 2338// 2336// 2340//
f 2342// 2338// 2340//
f 2342// 2340// 2344//
f 2346// 2342// 2344//
f 2346// 2344// 2348//
f 2182// 2201// 2203//
f 2182// 2203// 2184//
f 2111// 2139// 2137//
f 2104// 2143// 2140//
f 2104// 2140// 2112//
f 2111// 2137// 2102//
f 2104// 2112// 2111//
f 2111// 2102// 2104//
f 2140// 2143// 2132//
f 2140// 2132// 2130//
f 2104// 2102// 2134//
f 2104// 2134// 2136//
f 2130// 2132// 2096//
f 2130// 2096// 2094//
f 2094// 2096// 2087//
f 2094// 2087// 2084//
f 2084// 2087// 2072//
f 2084// 2072// 2070//
f 2070// 2072// 2060//
f 2070// 2060// 2058//
f 2058// 2060// 2048//
f 2058// 2048// 2046//
f 2046// 2048// 2024//
f 2046// 2024// 2022//
f 2036// 2039// 2032//
f 2036// 2032// 2030//
f 2030// 2032// 2016//
f 2030// 2016// 2014//
f 2022// 2024// 2039//
f 2022// 2039// 2036//
f 2014// 2016// 1996//
f 2014// 1996// 1994//
f 1994// 1996// 1972//
f 1994// 1972// 1970//
f 1970// 1972// 1959//
f 1970// 1959// 1956//
f 1956// 1959// 1931//
f 1956// 1931// 1928//
f 1928// 1931// 1892//
f 1928// 1892// 1890//
f 1819// 1820// 1808//
f 1819// 1808// 1807//
f 1890// 1892// 1876//
f 1890// 1876// 1874//
f 1874// 1876// 1852//
f 1874// 1852// 1850//
f 1850// 1852// 1844//
f 1850// 1844// 1843//
f 1843// 1844// 1828//
f 1843// 1828// 1827//
f 1807// 1808// 1796//
f 1807// 1796// 1795//
f 1795// 1796// 1784//
f 1795// 1784// 1783//
f 1783// 1784// 1771//
f 1783// 1771// 1772//
f 1771// 1747// 1748//
f 1771// 1748// 1772//
f 1748// 1747// 1699//
f 1748// 1699// 1700//
f 1827// 1828// 1820//
f 1827// 1820// 1819//
f 1764// 1762// 1786//
f 1764// 1786// 1788//
f 1696// 1694// 1742//
f 1696// 1742// 1744//
f 1744// 1742// 1766//
f 1744// 1766// 1768//
f 1768// 1766// 1778//
f 1768// 1778// 1780//
f 1780// 1778// 1790//
f 1780// 1790// 1792//
f 1792// 1790// 1802//
f 1792// 1802// 1804//
f 1804// 1802// 1815//
f 1804// 1815// 1818//
f 1818// 1815// 1822//
f 1818// 1822// 1824//
f 1824// 1822// 1839//
f 1824// 1839// 1842//
f 1842// 1839// 1846//
f 1842// 1846// 1849//
f 1849// 1846// 1870//
f 1849// 1870// 1873//
f 1873// 1870// 1886//
f 1873// 1886// 1889//
f 1889// 1886// 1925//
f 1889// 1925// 1927//
f 1927// 1925// 1953//
f 1927// 1953// 1955//
f 1955// 1953// 1966//
f 1955// 1966// 1969//
f 1969// 1966// 1990//
f 1969// 1990// 1993//
f 1993// 1990// 2010//
f 1993// 2010// 2013//
f 2013// 2010// 2026//
f 2013// 2026// 2029//
f 2029// 2026// 2033//
f 2029// 2033// 2035//
f 2035// 2033// 2018//
f 2035// 2018// 2021//
f 2021// 2018// 2042//
f 2021// 2042// 2045//
f 2045// 2042// 2054//
f 2045// 2054// 2057//
f 2057// 2054// 2066//
f 2057// 2066// 2069//
f 2069// 2066// 2081//
f 2069// 2081// 2083//
f 2083// 2081// 2090//
f 2083// 2090// 2093//
f 2093// 2090// 2126//
f 2093// 2126// 2129//
f 2129// 2126// 2137//
f 2129// 2137// 2139//
f 2111// 2112// 2192//
f 2111// 2192// 2191//
f 2187// 2191// 2192//
f 2187// 2192// 2188//
f 2175// 2187// 2188//
f 2175// 2188// 2176//
f 2171// 2175// 2176//
f 2171// 2176// 2172//
f 2159// 2171// 2172//
f 2159// 2172// 2160//
f 2051// 2075// 2076//
f 2051// 2076// 2052//
f 1983// 2051// 2052//
f 1983// 2052// 1984//
f 1963// 1983// 1984//
f 1963// 1984// 1964//
f 1908// 1907// 1963//
f 1908// 1963// 1964//
f 1853// 1907// 1908//
f 1853// 1908// 1854//
f 1835// 1853// 1854//
f 1835// 1854// 1836//
f 1811// 1835// 1836//
f 1811// 1836// 1812//
f 1788// 1786// 1811//
f 1788// 1811// 1812//
f 1866// 1858// 1860//
f 1866// 1860// 1868//
f 1878// 1866// 1868//
f 1878// 1868// 1880//
f 1882// 1878// 1880//
f 1882// 1880// 1884//
f 1894// 1882// 1884//
f 1894// 1884// 1896//
f 1898// 1894// 1896//
f 1898// 1896// 1900//
f 1910// 1898// 1900//
f 1910// 1900// 1912//
f 2134// 2182// 2184//
f 2134// 2184// 2136//
f 1722// 1724// 1700//
f 1722// 1700// 1696//
f 2550// 2549// 2577//
f 2550// 2577// 2578//
f 2578// 2577// 2589//
f 2578// 2589// 2590//
f 2530// 2529// 2549//
f 2530// 2549// 2550//
f 2517// 2514// 2529//
f 2517// 2529// 2530//
f 2538// 2524// 2523//
f 2538// 2523// 2537//
f 2571// 2572// 2544//
f 2571// 2544// 2543//
f 2571// 2597// 2598//
f 2571// 2598// 2572//
f 2597// 2615// 2616//
f 2597// 2616// 2598//
f 2615// 2623// 2624//
f 2615// 2624// 2616//
f 2608// 2624// 2623//
f 2608// 2623// 2607//
f 2635// 2636// 2612//
f 2635// 2612// 2611//
f 2671// 2663// 2664//
f 2671// 2664// 2672//
f 2663// 2655// 2656//
f 2663// 2656// 2664//
f 2655// 2651// 2652//
f 2655// 2652// 2656//
f 2651// 2643// 2644//
f 2651// 2644// 2652//
f 2643// 2639// 2640//
f 2643// 2640// 2644//
f 2639// 2629// 2630//
f 2639// 2630// 2640//
f 2629// 2625// 2626//
f 2629// 2626// 2630//
f 2625// 2619// 2620//
f 2625// 2620// 2626//
f 2619// 2603// 2604//
f 2619// 2604// 2620//
f 2603// 2585// 2586//
f 2603// 2586// 2604//
f 2585// 2583// 2584//
f 2585// 2584// 2586//
f 2583// 2567// 2568//
f 2583// 2568// 2584//
f 2567// 2563// 2564//
f 2567// 2564// 2568//
f 2563// 2559// 2560//
f 2563// 2560// 2564//
f 2559// 2555// 2556//
f 2559// 2556// 2560//
f 2555// 2535// 2536//
f 2555// 2536// 2556//
f 2535// 2510// 2512//
f 2535// 2512// 2536//
f 2510// 2482// 2484//
f 2510// 2484// 2512//
f 2482// 2454// 2456//
f 2482// 2456// 2484//
f 2454// 2422// 2424//
f 2454// 2424// 2456//
f 2422// 2406// 2408//
f 2422// 2408// 2424//
f 2406// 2394// 2396//
f 2406// 2396// 2408//
f 2394// 2378// 2380//
f 2394// 2380// 2396//
f 2378// 2365// 2367//
f 2378// 2367// 2380//
f 2365// 2350// 2352//
f 2365// 2352// 2367//
f 2350// 2281// 2283//
f 2350// 2283// 2352//
f 2281// 2242// 2244//
f 2281// 2244// 2283//
f 2242// 2198// 2200//
f 2242// 2200// 2244//
f 1948// 1945// 2003//
f 1948// 2003// 2007//
f 2215// 2168// 2165//
f 2215// 2165// 2211//
f 2003// 2165// 2168//
f 2003// 2168// 2007//
f 2265// 2268// 2215//
f 2265// 2215// 2211//
f 2363// 2316// 2313//
f 2363// 2313// 2360//
f 2374// 2376// 2363//
f 2374// 2363// 2360//
f 2313// 2316// 2268//
f 2313// 2268// 2265//
f 2386// 2388// 2376//
f 2386// 2376// 2374//
f 2403// 2404// 2388//
f 2403// 2388// 2386//
f 2420// 2404// 2403//
f 2420// 2403// 2418//
f 2442// 2444// 2432//
f 2442// 2432// 2431//
f 2464// 2452// 2451//
f 2464// 2451// 2463//
f 2431// 2432// 2420//
f 2431// 2420// 2418//
f 2518// 2520// 2508//
f 2518// 2508// 2506//
f 2451// 2452// 2444//
f 2451// 2444// 2442//
f 2471// 2472// 2464//
f 2471// 2464// 2463//
f 2552// 2532// 2531//
f 2552// 2531// 2551//
f 2506// 2508// 2492//
f 2506// 2492// 2491//
f 2579// 2580// 2552//
f 2579// 2552// 2551//
f 2531// 2532// 2520//
f 2531// 2520// 2518//
f 2591// 2592// 2580//
f 2591// 2580// 2579//
f 2612// 2592// 2591//
f 2612// 2591// 2608//
f 2590// 2589// 2611//
f 2612// 2608// 2607//
f 2607// 2590// 2611//
f 2612// 2607// 2611//
f 2491// 2492// 2472//
f 2491// 2472// 2471//
f 2356// 2391// 2392//
f 2356// 2392// 2355//
f 2392// 2391// 2411//
f 2392// 2411// 2412//
f 2411// 2435// 2436//
f 2411// 2436// 2412//
f 2435// 2475// 2476//
f 2435// 2476// 2436//
f 2495// 2499// 2500//
f 2495// 2500// 2496//
f 2476// 2475// 2479//
f 2476// 2479// 2480//
f 2499// 2523// 2524//
f 2499// 2524// 2500//
f 1946// 1942// 2001//
f 1946// 2001// 2004//
f 2004// 2001// 2162//
f 2004// 2162// 2166//
f 2166// 2162// 2209//
f 2166// 2209// 2212//
f 2212// 2209// 2262//
f 2212// 2262// 2266//
f 2266// 2262// 2310//
f 2266// 2310// 2314//
f 2314// 2310// 2357//
f 2314// 2357// 2359//
f 2359// 2357// 2370//
f 2359// 2370// 2373//
f 2373// 2370// 2382//
f 2373// 2382// 2385//
f 2385// 2382// 2400//
f 2385// 2400// 2402//
f 2402// 2400// 2414//
f 2402// 2414// 2417//
f 2417// 2414// 2428//
f 2417// 2428// 2430//
f 2430// 2428// 2438//
f 2430// 2438// 2441//
f 2441// 2438// 2448//
f 2441// 2448// 2450//
f 2450// 2448// 2460//
f 2450// 2460// 2462//
f 2462// 2460// 2468//
f 2462// 2468// 2470//
f 2470// 2468// 2488//
f 2470// 2488// 2490//
f 2490// 2488// 2502//
f 2490// 2502// 2505//
f 2505// 2502// 2514//
f 2505// 2514// 2517//
f 2251// 2155// 2156//
f 2251// 2156// 2252//
f 2198// 1986// 1988//
f 2198// 1988// 2200//
f 1858// 1902// 1904//
f 1858// 1904// 1860//
f 946// 944// 1031//
f 946// 1031// 1034//
f 921// 920// 944//
f 921// 944// 946//
f 443// 351// 349//
f 443// 349// 441//
f 101// 103// 51//
f 101// 51// 49//
f 23// 21// 9//
f 23// 9// 11//
f 11// 9// 1//
f 11// 1// 3//
f 3// 1// 5//
f 3// 5// 7//
f 7// 5// 13//
f 7// 13// 15//
f 75// 73// 61//
f 75// 61// 63//
f 63// 61// 53//
f 63// 53// 55//
f 55// 53// 57//
f 55// 57// 59//
f 59// 57// 69//
f 59// 69// 71//
f 2636// 2635// 2645//
f 2636// 2645// 2646//
f 2646// 2645// 2659//
f 2646// 2659// 2660//
f 2660// 2659// 2667//
f 2660// 2667// 2668//
f 2668// 2667// 2671//
f 2668// 2671// 2672//
f 1331// 1334// 1318//
f 1331// 1318// 1316//
f 1316// 1318// 1310//
f 1316// 1310// 1308//
f 1308// 1310// 1294//
f 1308// 1294// 1292//
f 1292// 1294// 1278//
f 1292// 1278// 1276//
f 397// 399// 387//
f 397// 387// 385//
f 385// 387// 375//
f 385// 375// 373//
f 373// 375// 363//
f 373// 363// 361//
f 361// 363// 359//
f 361// 359// 357//
f 2346// 2348// 2292//
f 2346// 2292// 2290//
f 2290// 2292// 2260//
f 2290// 2260// 2258//
f 2258// 2260// 2220//
f 2258// 2220// 2218//
f 2218// 2220// 2203//
f 2218// 2203// 2201//
f 2188// 2192// 2112//
f 2188// 2112// 2140//
f 2172// 2176// 2188//
f 2152// 2160// 2172//
f 2124// 2146// 2152//
f 2108// 2120// 2114//
f 2124// 2152// 2172//
f 2108// 2114// 2124//
f 2076// 2098// 2108//
f 1984// 2052// 2076//
f 1908// 1964// 1984//
f 1812// 1836// 1854//
f 1854// 1908// 1984//
f 1984// 2076// 2108//
f 2124// 2172// 2188//
f 1984// 2108// 2124//
f 1812// 1854// 1984//
f 1764// 1788// 1812//
f 1724// 1760// 1764//
f 1748// 1700// 1724//
f 1772// 1748// 1724//
f 1724// 1764// 1812//
f 1984// 2124// 2188//
f 2188// 2140// 2130//
f 2130// 2094// 2084//
f 2188// 2130// 2084//
f 1772// 1724// 1812//
f 1783// 1772// 1812//
f 1984// 2188// 2084//
f 1984// 2084// 2070//
f 1795// 1783// 1812//
f 1819// 1807// 1795//
f 1819// 1795// 1812//
f 1984// 2070// 2058//
f 2046// 2022// 2036//
f 1819// 1812// 1984//
f 1827// 1819// 1984//
f 2058// 2046// 2036//
f 2058// 2036// 2030//
f 1843// 1827// 1984//
f 1874// 1850// 1843//
f 1874// 1843// 1984//
f 1984// 2058// 2030//
f 2014// 1994// 1970//
f 1984// 2030// 2014//
f 1890// 1874// 1984//
f 1928// 1890// 1984//
f 1984// 2014// 1970//
f 1956// 1928// 1984//
f 1970// 1956// 1984//
f 1811// 1786// 1762//
f 1762// 1758// 1722//
f 1722// 1696// 1744//
f 1722// 1744// 1768//
f 1811// 1762// 1722//
f 1853// 1835// 1811//
f 1963// 1907// 1853//
f 2051// 1983// 1963//
f 2097// 2075// 2051//
f 2113// 2119// 2107//
f 2107// 2097// 2051//
f 1963// 1853// 1811//
f 1811// 1722// 1768//
f 1811// 1768// 1780//
f 2107// 2051// 1963//
f 2123// 2113// 2107//
f 2151// 2145// 2123//
f 2171// 2159// 2151//
f 2187// 2175// 2171//
f 2111// 2191// 2187//
f 2139// 2111// 2187//
f 2187// 2171// 2151//
f 2123// 2107// 1963//
f 2187// 2151// 2123//
f 2129// 2139// 2187//
f 2083// 2093// 2129//
f 2083// 2129// 2187//
f 1811// 1780// 1792//
f 1792// 1804// 1818//
f 1811// 1792// 1818//
f 2083// 2187// 2123//
f 2069// 2083// 2123//
f 1963// 1811// 1818//
f 1963// 1818// 1824//
f 2057// 2069// 2123//
f 2035// 2021// 2045//
f 2045// 2057// 2123//
f 1963// 1824// 1842//
f 1842// 1849// 1873//
f 1963// 1842// 1873//
f 2035// 2045// 2123//
f 2029// 2035// 2123//
f 1963// 1873// 1889//
f 1963// 1889// 1927//
f 2013// 2029// 2123//
f 1969// 1993// 2013//
f 1963// 1927// 1955//
f 1969// 2013// 2123//
f 1963// 1955// 1969//
f 1969// 2123// 1963//
f 2151// 2159// 2160//
f 2151// 2160// 2152//
f 2448// 2438// 2428//
f 2514// 2502// 2488//
f 2382// 2370// 2357//
f 2310// 2262// 2209//
f 2001// 1942// 1914//
f 2001// 1914// 1902//
f 2162// 2001// 1902//
f 1858// 1866// 1878//
f 2162// 1902// 1858//
f 2209// 2162// 1858//
f 1858// 1878// 1882//
f 1882// 1894// 1898//
f 1898// 1910// 1922//
f 1938// 1950// 1974//
f 1898// 1922// 1938//
f 1858// 1882// 1898//
f 2310// 2209// 1858//
f 1858// 1898// 1938//
f 1938// 1974// 1997//
f 1938// 1997// 2061//
f 1858// 1938// 2061//
f 2635// 2611// 2589//
f 2659// 2645// 2635//
f 2671// 2667// 2659//
f 2651// 2655// 2663//
f 2663// 2671// 2659//
f 2659// 2635// 2589//
f 2659// 2589// 2577//
f 2651// 2663// 2659//
f 2639// 2643// 2651//
f 2625// 2629// 2639//
f 2619// 2625// 2639//
f 2639// 2651// 2659//
f 2659// 2577// 2549//
f 2659// 2549// 2529//
f 2619// 2639// 2659//
f 2603// 2619// 2659//
f 2659// 2529// 2514//
f 2659// 2514// 2488//
f 2603// 2659// 2488//
f 2603// 2488// 2468//
f 2567// 2583// 2585//
f 2585// 2603// 2468//
f 2585// 2468// 2460//
f 2567// 2585// 2460//
f 2567// 2460// 2448//
f 2563// 2567// 2448//
f 2563// 2448// 2428//
f 2535// 2555// 2559//
f 2559// 2563// 2428//
f 2559// 2428// 2414//
f 2510// 2535// 2559//
f 2482// 2510// 2559//
f 2559// 2414// 2400//
f 2559// 2400// 2382//
f 2454// 2482// 2559//
f 2394// 2406// 2422//
f 2422// 2454// 2559//
f 2559// 2382// 2357//
f 2559// 2357// 2310//
f 2378// 2394// 2422//
f 2422// 2559// 2310//
f 2422// 2310// 1858//
f 2365// 2378// 2422//
f 2281// 2350// 2365//
f 2198// 2242// 2281//
f 1918// 1986// 2198//
f 1830// 1862// 1918//
f 1773// 1798// 1830//
f 853// 1651// 1773//
f 850// 853// 1773//
f 1773// 1830// 1918//
f 1918// 2198// 2281//
f 2281// 2365// 2422//
f 2281// 2422// 1858//
f 1773// 1918// 2281//
f 846// 850// 1773//
f 838// 846// 1773//
f 1773// 2281// 1858//
f 1773// 1858// 2061//
f 818// 838// 1773//
f 798// 818// 1773//
f 1773// 2061// 2077//
f 1773// 2077// 2178//
f 786// 798// 1773//
f 762// 786// 1773//
f 738// 762// 1773//
f 2206// 2226// 2233//
f 2206// 2233// 2222//
f 2194// 2206// 2222//
f 2230// 2238// 2246//
f 2194// 2222// 2230//
f 2178// 2194// 2230//
f 2246// 2253// 2270//
f 2178// 2230// 2246//
f 565// 615// 617//
f 587// 567// 565//
f 678// 621// 587//
f 731// 678// 587//
f 587// 565// 617//
f 587// 617// 629//
f 587// 629// 634//
f 587// 634// 654//
f 731// 587// 654//
f 731// 654// 674//
f 545// 599// 658//
f 731// 674// 690//
f 731// 690// 718//
f 731// 718// 738//
f 731// 738// 1773//
f 1773// 2178// 2246//
f 2246// 2270// 2273//
f 2273// 2278// 2286//
f 2286// 2293// 2298//
f 2286// 2298// 2302//
f 1773// 2246// 2273//
f 2273// 2286// 2302//
f 2306// 2318// 2322//
f 2273// 2302// 2306//
f 481// 517// 545//
f 405// 449// 481//
f 313// 337// 405//
f 221// 261// 289//
f 289// 313// 405//
f 221// 289// 405//
f 125// 153// 189//
f 189// 221// 405//
f 21// 29// 41//
f 1// 9// 21//
f 13// 5// 1//
f 49// 37// 13//
f 137// 101// 49//
f 197// 161// 137//
f 217// 197// 137//
f 49// 13// 1//
f 217// 137// 49//
f 245// 217// 49//
f 49// 1// 21//
f 21// 41// 89//
f 49// 21// 89//
f 245// 49// 89//
f 245// 89// 125//
f 441// 349// 297//
f 297// 245// 125//
f 297// 125// 189//
f 477// 441// 297//
f 646// 533// 477//
f 774// 646// 477//
f 477// 297// 189//
f 477// 189// 405//
f 774// 477// 405//
f 774// 405// 481//
f 876// 774// 481//
f 876// 481// 545//
f 876// 545// 658//
f 2273// 2306// 2322//
f 2326// 2330// 2334//
f 2273// 2322// 2326//
f 876// 658// 731//
f 876// 731// 1773//
f 2273// 2326// 2334//
f 2338// 2342// 2346//
f 2273// 2334// 2338//
f 1000// 876// 1773//
f 2273// 2338// 2346//
f 2346// 2290// 2258//
f 2258// 2218// 2201//
f 2182// 2134// 2102//
f 2258// 2201// 2182//
f 2273// 2346// 2258//
f 880// 912// 928//
f 822// 856// 880//
f 742// 778// 822//
f 666// 706// 742//
f 557// 607// 666//
f 509// 557// 666//
f 666// 742// 822//
f 469// 509// 666//
f 377// 417// 469//
f 329// 377// 469//
f 329// 469// 666//
f 2273// 2258// 2182//
f 2182// 2102// 2137//
f 2126// 2090// 2081//
f 2182// 2137// 2126//
f 233// 249// 277//
f 145// 173// 201//
f 201// 233// 277//
f 201// 277// 301//
f 113// 145// 201//
f 61// 73// 81//
f 81// 113// 201//
f 201// 301// 329//
f 61// 81// 201//
f 57// 53// 61//
f 97// 69// 57//
f 141// 109// 97//
f 185// 169// 141//
f 213// 185// 141//
f 141// 97// 57//
f 57// 61// 201//
f 57// 201// 329//
f 213// 141// 57//
f 285// 269// 241//
f 241// 213// 57//
f 57// 329// 666//
f 241// 57// 666//
f 321// 285// 241//
f 425// 353// 321//
f 650// 553// 501//
f 501// 425// 321//
f 321// 241// 666//
f 501// 321// 666//
f 794// 726// 650//
f 650// 501// 666//
f 650// 666// 822//
f 802// 794// 650//
f 904// 872// 834//
f 834// 802// 650//
f 650// 822// 880//
f 650// 880// 928//
f 904// 834// 650//
f 940// 904// 650//
f 650// 928// 956//
f 940// 650// 956//
f 1036// 1012// 968//
f 968// 940// 956//
f 968// 956// 972//
f 1060// 1036// 968//
f 1060// 968// 972//
f 2273// 2182// 2126//
f 2273// 2126// 2081//
f 1060// 972// 1000//
f 1060// 1000// 1773//
f 2273// 2081// 2066//
f 2273// 2066// 2054//
f 1168// 1060// 1773//
f 2273// 2054// 2042//
f 2042// 2018// 2033//
f 2042// 2033// 2026//
f 1080// 1100// 1108//
f 1048// 1068// 1080//
f 1020// 1048// 1080//
f 864// 896// 948//
f 698// 766// 806//
f 806// 864// 948//
f 579// 638// 698//
f 537// 579// 698//
f 365// 389// 429//
f 361// 357// 365//
f 385// 373// 361//
f 437// 397// 385//
f 571// 529// 489//
f 489// 437// 385//
f 385// 361// 365//
f 385// 365// 429//
f 571// 489// 385//
f 754// 686// 625//
f 625// 571// 385//
f 385// 429// 457//
f 385// 457// 493//
f 754// 625// 385//
f 842// 790// 754//
f 924// 892// 842//
f 984// 964// 924//
f 1044// 1028// 1008//
f 1008// 984// 924//
f 842// 754// 385//
f 1008// 924// 842//
f 1044// 1008// 842//
f 842// 385// 493//
f 842// 493// 537//
f 1056// 1044// 842//
f 1096// 1064// 1056//
f 1128// 1096// 1056//
f 1056// 842// 537//
f 1056// 537// 698//
f 1144// 1128// 1056//
f 1204// 1188// 1144//
f 1196// 1200// 1204//
f 1196// 1204// 1144//
f 1144// 1056// 698//
f 1144// 698// 806//
f 1208// 1196// 1144//
f 1232// 1228// 1224//
f 1224// 1208// 1144//
f 1144// 806// 948//
f 1144// 948// 992//
f 1232// 1224// 1144//
f 1244// 1240// 1236//
f 1236// 1232// 1144//
f 1144// 992// 1020//
f 1144// 1020// 1080//
f 1244// 1236// 1144//
f 1252// 1248// 1244//
f 1260// 1256// 1252//
f 1268// 1264// 1260//
f 1272// 1268// 1260//
f 1252// 1244// 1144//
f 1272// 1260// 1252//
f 1272// 1252// 1144//
f 1144// 1080// 1108//
f 1144// 1108// 1120//
f 1272// 1144// 1120//
f 1272// 1120// 1135//
f 1272// 1135// 1148//
f 1272// 1148// 1160//
f 1272// 1160// 1176//
f 2273// 2042// 2026//
f 2010// 1990// 1966//
f 2273// 2026// 2010//
f 1272// 1176// 1168//
f 1272// 1168// 1773//
f 2273// 2010// 1966//
f 2273// 1966// 1953//
f 1343// 1272// 1773//
f 1380// 1343// 1773//
f 1773// 2273// 1953//
f 1773// 1953// 1925//
f 1404// 1380// 1773//
f 1460// 1439// 1428//
f 1428// 1404// 1773//
f 1773// 1925// 1886//
f 1870// 1846// 1839//
f 1773// 1886// 1870//
f 1476// 1460// 1428//
f 1520// 1496// 1476//
f 1580// 1560// 1532//
f 1608// 1588// 1580//
f 1640// 1608// 1580//
f 1540// 1563// 1596//
f 1448// 1484// 1507//
f 1387// 1419// 1448//
f 1338// 1360// 1387//
f 1284// 1301// 1320//
f 1292// 1276// 1284//
f 1316// 1308// 1292//
f 1356// 1331// 1316//
f 1376// 1372// 1356//
f 1436// 1412// 1376//
f 1492// 1467// 1436//
f 1528// 1504// 1492//
f 1572// 1548// 1528//
f 1648// 1628// 1603//
f 1648// 1603// 1572//
f 1678// 1662// 1648//
f 1714// 1702// 1678//
f 1725// 1714// 1678//
f 1678// 1648// 1572//
f 1528// 1492// 1436//
f 1678// 1572// 1528//
f 1734// 1725// 1678//
f 1750// 1754// 1738//
f 1734// 1678// 1528//
f 1750// 1738// 1734//
f 1730// 1750// 1734//
f 1734// 1528// 1436//
f 1436// 1376// 1356//
f 1356// 1316// 1292//
f 1292// 1284// 1320//
f 1292// 1320// 1338//
f 1436// 1356// 1292//
f 1730// 1734// 1436//
f 1705// 1710// 1718//
f 1718// 1730// 1436//
f 1436// 1292// 1338//
f 1387// 1448// 1507//
f 1436// 1338// 1387//
f 1705// 1718// 1436//
f 1681// 1690// 1705//
f 1658// 1674// 1681//
f 1632// 1658// 1681//
f 1436// 1387// 1507//
f 1436// 1507// 1540//
f 1632// 1681// 1705//
f 1742// 1694// 1686//
f 1815// 1802// 1790//
f 1705// 1436// 1540//
f 1705// 1540// 1596//
f 1705// 1596// 1620//
f 1705// 1620// 1640//
f 1632// 1705// 1640//
f 1632// 1640// 1580//
f 1632// 1580// 1532//
f 1632// 1532// 1520//
f 1632// 1520// 1476//
f 1773// 1870// 1839//
f 1773// 1839// 1822//
f 1632// 1476// 1428//
f 1632// 1428// 1773//
f 1773// 1822// 1815//
f 1773// 1815// 1790//
f 1686// 1632// 1773//
f 1742// 1686// 1773//
f 1773// 1790// 1778//
f 1766// 1742// 1773//
f 1778// 1766// 1773//
f 1707// 1692// 1683//
f 1683// 1676// 1660//
f 1683// 1660// 1634//
f 1712// 1707// 1683//
f 1720// 1712// 1683//
f 1720// 1683// 1634//
f 1732// 1720// 1634//
f 1688// 1699// 1747//
f 1796// 1808// 1820//
f 1740// 1756// 1752//
f 1736// 1740// 1752//
f 1736// 1752// 1732//
f 1704// 1716// 1727//
f 1727// 1736// 1732//
f 1727// 1732// 1634//
f 1680// 1704// 1727//
f 1650// 1664// 1680//
f 1605// 1630// 1650//
f 1530// 1550// 1574//
f 1574// 1605// 1650//
f 1680// 1727// 1634//
f 1574// 1650// 1680//
f 1494// 1506// 1530//
f 1530// 1574// 1680//
f 1494// 1530// 1680//
f 1438// 1470// 1494//
f 1377// 1413// 1438//
f 1357// 1374// 1377//
f 1318// 1334// 1357//
f 1294// 1310// 1318//
f 1290// 1278// 1294//
f 1326// 1306// 1290//
f 1392// 1366// 1340//
f 1326// 1290// 1294//
f 1340// 1326// 1294//
f 1294// 1318// 1357//
f 1357// 1377// 1438//
f 1438// 1494// 1680//
f 1357// 1438// 1680//
f 1340// 1294// 1357//
f 1454// 1424// 1392//
f 1392// 1340// 1357//
f 1844// 1852// 1876//
f 1392// 1357// 1680//
f 1490// 1454// 1392//
f 1512// 1490// 1392//
f 1972// 1996// 2016//
f 1512// 1392// 1680//
f 1602// 1568// 1546//
f 1546// 1512// 1680//
f 1602// 1546// 1680//
f 1626// 1602// 1680//
f 1646// 1626// 1680//
f 1586// 1589// 1614//
f 1646// 1680// 1634//
f 1586// 1614// 1646//
f 1537// 1559// 1586//
f 1482// 1501// 1526//
f 1434// 1443// 1466//
f 1410// 1434// 1466//
f 1410// 1466// 1482//
f 1586// 1646// 1634//
f 1537// 1586// 1634//
f 1526// 1537// 1634//
f 1482// 1526// 1634//
f 1410// 1482// 1634//
f 1386// 1410// 1634//
f 1347// 1386// 1634//
f 1266// 1270// 1274//
f 1258// 1262// 1266//
f 1246// 1250// 1253//
f 1253// 1258// 1266//
f 1253// 1266// 1274//
f 1237// 1242// 1246//
f 1246// 1253// 1274//
f 1237// 1246// 1274//
f 1230// 1234// 1237//
f 1226// 1230// 1237//
f 1226// 1237// 1274//
f 2039// 2024// 2048//
f 2039// 2048// 2060//
f 2032// 2039// 2060//
f 2032// 2060// 2072//
f 2032// 2072// 2087//
f 2087// 2096// 2132//
f 2143// 2104// 2136//
f 2143// 2136// 2184//
f 2184// 2203// 2220//
f 2220// 2260// 2292//
f 2292// 2348// 2344//
f 2340// 2336// 2332//
f 2292// 2344// 2340//
f 2184// 2220// 2292//
f 2132// 2143// 2184//
f 2087// 2132// 2184//
f 2184// 2292// 2340//
f 2340// 2332// 2328//
f 2328// 2324// 2320//
f 2328// 2320// 2308//
f 2184// 2340// 2328//
f 2032// 2087// 2184//
f 2032// 2184// 2328//
f 2328// 2308// 2304//
f 2304// 2300// 2295//
f 2295// 2288// 2280//
f 2275// 2272// 2255//
f 2295// 2280// 2275//
f 2328// 2304// 2295//
f 2016// 2032// 2328//
f 1972// 2016// 2328//
f 2328// 2295// 2275//
f 2275// 2255// 2248//
f 2248// 2240// 2232//
f 2224// 2235// 2228//
f 2224// 2228// 2208//
f 2224// 2208// 2196//
f 2232// 2224// 2196//
f 2232// 2196// 2180//
f 2328// 2275// 2248//
f 2248// 2232// 2180//
f 2248// 2180// 2079//
f 1972// 2328// 2248//
f 1959// 1972// 2248//
f 2248// 2079// 2063//
f 2063// 1999// 1976//
f 1976// 1952// 1940//
f 1940// 1924// 1912//
f 1900// 1896// 1884//
f 1940// 1912// 1900//
f 2063// 1976// 1940//
f 1959// 2248// 2063//
f 1931// 1959// 2063//
f 1931// 2063// 1940//
f 1892// 1931// 1940//
f 1900// 1884// 1880//
f 1892// 1940// 1900//
f 1876// 1892// 1900//
f 1900// 1880// 1868//
f 1900// 1868// 1860//
f 1844// 1876// 1900//
f 1828// 1844// 1900//
f 1828// 1900// 1860//
f 1820// 1828// 1860//
f 1904// 1916// 1948//
f 1796// 1820// 1860//
f 1904// 1948// 2007//
f 1784// 1796// 1860//
f 1860// 1904// 2007//
f 1860// 2007// 2168//
f 1771// 1784// 1860//
f 1747// 1771// 1860//
f 1860// 2168// 2215//
f 2215// 2268// 2316//
f 2363// 2376// 2388//
f 1860// 2215// 2316//
f 1688// 1747// 1860//
f 2432// 2444// 2452//
f 1206// 1202// 1198//
f 1146// 1190// 1206//
f 1066// 1098// 1130//
f 1146// 1206// 1198//
f 1058// 1066// 1130//
f 1130// 1146// 1198//
f 1130// 1198// 1210//
f 1046// 1058// 1130//
f 1009// 1029// 1046//
f 925// 965// 985//
f 985// 1009// 1046//
f 1046// 1130// 1210//
f 1046// 1210// 1226//
f 925// 985// 1046//
f 843// 893// 925//
f 755// 791// 843//
f 627// 687// 755//
f 491// 531// 573//
f 573// 627// 755//
f 843// 925// 1046//
f 573// 755// 843//
f 439// 491// 573//
f 387// 399// 439//
f 363// 375// 387//
f 367// 359// 363//
f 435// 390// 367//
f 435// 367// 363//
f 363// 387// 439//
f 439// 573// 843//
f 843// 1046// 1226//
f 439// 843// 1226//
f 435// 363// 439//
f 463// 435// 439//
f 2492// 2508// 2520//
f 499// 463// 439//
f 643// 585// 543//
f 543// 499// 439//
f 2592// 2612// 2636//
f 2636// 2646// 2660//
f 2660// 2668// 2672//
f 2664// 2656// 2652//
f 2660// 2672// 2664//
f 2592// 2636// 2660//
f 2580// 2592// 2660//
f 2660// 2664// 2652//
f 2652// 2644// 2640//
f 2640// 2630// 2626//
f 2640// 2626// 2620//
f 2660// 2652// 2640//
f 2552// 2580// 2660//
f 2532// 2552// 2660//
f 2660// 2640// 2620//
f 2660// 2620// 2604//
f 2520// 2532// 2660//
f 2492// 2520// 2660//
f 2492// 2660// 2604//
f 2472// 2492// 2604//
f 2586// 2584// 2568//
f 2472// 2604// 2586//
f 2464// 2472// 2586//
f 2464// 2586// 2568//
f 2452// 2464// 2568//
f 2452// 2568// 2564//
f 2432// 2452// 2564//
f 2560// 2556// 2536//
f 2432// 2564// 2560//
f 2420// 2432// 2560//
f 2560// 2536// 2512//
f 2560// 2512// 2484//
f 2404// 2420// 2560//
f 2388// 2404// 2560//
f 2560// 2484// 2456//
f 2424// 2408// 2396//
f 2560// 2456// 2424//
f 2363// 2388// 2560//
f 2316// 2363// 2560//
f 2424// 2396// 2380//
f 2316// 2560// 2424//
f 1860// 2316// 2424//
f 2424// 2380// 2367//
f 2367// 2352// 2283//
f 2283// 2244// 2200//
f 2200// 1988// 1920//
f 1920// 1864// 1832//
f 1832// 1800// 1775//
f 1775// 1652// 854//
f 1775// 854// 851//
f 1920// 1832// 1775//
f 2283// 2200// 1920//
f 2424// 2367// 2283//
f 1860// 2424// 2283//
f 2283// 1920// 1775//
f 1775// 851// 847//
f 1775// 847// 839//
f 1860// 2283// 1775//
f 1688// 1860// 1775//
f 1775// 839// 819//
f 1775// 819// 799//
f 1634// 1688// 1775//
f 1347// 1634// 1775//
f 1775// 799// 787//
f 1775// 787// 763//
f 1274// 1347// 1775//
f 543// 439// 1226//
f 703// 643// 543//
f 811// 771// 703//
f 953// 901// 869//
f 953// 869// 811//
f 703// 543// 1226//
f 1274// 1775// 763//
f 811// 703// 1226//
f 953// 811// 1226//
f 1274// 763// 739//
f 1274// 739// 719//
f 997// 953// 1226//
f 1074// 1054// 1025//
f 1025// 997// 1226//
f 1274// 719// 691//
f 1074// 1025// 1226//
f 1114// 1105// 1086//
f 1086// 1074// 1226//
f 619// 616// 566//
f 566// 569// 589//
f 589// 623// 683//
f 589// 683// 734//
f 619// 566// 589//
f 631// 619// 589//
f 635// 631// 589//
f 655// 635// 589//
f 655// 589// 734//
f 675// 655// 734//
f 663// 605// 551//
f 691// 675// 734//
f 1086// 1226// 1274//
f 1114// 1086// 1274//
f 551// 523// 487//
f 487// 455// 411//
f 411// 342// 318//
f 294// 266// 226//
f 411// 318// 294//
f 411// 294// 226//
f 194// 156// 128//
f 411// 226// 194//
f 44// 32// 23//
f 23// 11// 3//
f 3// 7// 15//
f 15// 39// 51//
f 51// 103// 139//
f 139// 163// 199//
f 139// 199// 219//
f 3// 15// 51//
f 51// 139// 219//
f 51// 219// 247//
f 23// 3// 51//
f 93// 44// 23//
f 93// 23// 51//
f 93// 51// 247//
f 128// 93// 247//
f 299// 351// 443//
f 128// 247// 299//
f 194// 128// 299//
f 299// 443// 479//
f 479// 535// 647//
f 479// 647// 775//
f 194// 299// 479//
f 411// 194// 479//
f 411// 479// 775//
f 487// 411// 775//
f 487// 775// 877//
f 551// 487// 877//
f 663// 551// 877//
f 734// 663// 877//
f 691// 734// 877//
f 1126// 1114// 1274//
f 1142// 1126// 1274//
f 691// 877// 1005//
f 1154// 1142// 1274//
f 1166// 1154// 1274//
f 933// 917// 885//
f 885// 859// 827//
f 827// 783// 747//
f 747// 711// 671//
f 671// 613// 563//
f 671// 563// 515//
f 827// 747// 671//
f 671// 515// 475//
f 475// 423// 382//
f 475// 382// 334//
f 671// 475// 334//
f 1181// 1166// 1274//
f 1174// 1181// 1274//
f 282// 254// 238//
f 206// 178// 150//
f 282// 238// 206//
f 306// 282// 206//
f 206// 150// 117//
f 86// 75// 63//
f 206// 117// 86//
f 334// 306// 206//
f 206// 86// 63//
f 63// 55// 59//
f 59// 71// 99//
f 99// 111// 143//
f 143// 171// 187//
f 143// 187// 215//
f 59// 99// 143//
f 206// 63// 59//
f 334// 206// 59//
f 59// 143// 215//
f 243// 271// 287//
f 59// 215// 243//
f 671// 334// 59//
f 671// 59// 243//
f 243// 287// 323//
f 323// 355// 427//
f 503// 555// 651//
f 323// 427// 503//
f 671// 243// 323//
f 671// 323// 503//
f 651// 727// 795//
f 671// 503// 651//
f 827// 671// 651//
f 651// 795// 803//
f 835// 873// 905//
f 651// 803// 835//
f 885// 827// 651//
f 933// 885// 651//
f 651// 835// 905//
f 651// 905// 941//
f 961// 933// 651//
f 961// 651// 941//
f 969// 1013// 1038//
f 961// 941// 969//
f 977// 961// 969//
f 969// 1038// 1062//
f 1062// 1174// 1274//
f 1005// 977// 969//
f 1062// 1274// 691//
f 1005// 969// 1062//
f 691// 1005// 1062//
f 1722// 1758// 1760//
f 1722// 1760// 1724//
f 1760// 1758// 1762//
f 1760// 1762// 1764//
f 1980// 1979// 1935//
f 1980// 1935// 1936//
f 2499// 2495// 2479//
f 2479// 2475// 2435//
f 2435// 2411// 2391//
f 2391// 2356// 2252//
f 2156// 1980// 1936//
f 2391// 2252// 2156//
f 2479// 2435// 2391//
f 2537// 2523// 2499//
f 2156// 1936// 1946//
f 2156// 1946// 2004//
f 2537// 2499// 2479//
f 2571// 2543// 2537//
f 2615// 2597// 2571//
f 2607// 2623// 2615//
f 2590// 2607// 2615//
f 2615// 2571// 2537//
f 2391// 2156// 2004//
f 2391// 2004// 2166//
f 2615// 2537// 2479//
f 2578// 2590// 2615//
f 2550// 2578// 2615//
f 2391// 2166// 2212//
f 2212// 2266// 2314//
f 2359// 2373// 2385//
f 2391// 2212// 2314//
f 2391// 2314// 2359//
f 2550// 2615// 2479//
f 2530// 2550// 2479//
f 2391// 2359// 2385//
f 2391// 2385// 2402//
f 2517// 2530// 2479//
f 2490// 2505// 2517//
f 2490// 2517// 2479//
f 2479// 2391// 2402//
f 2479// 2402// 2417//
f 2470// 2490// 2479//
f 2462// 2470// 2479//
f 2479// 2417// 2430//
f 2430// 2441// 2450//
f 2450// 2462// 2479//
f 2479// 2430// 2450//
f 2156// 2155// 1979//
f 2156// 1979// 1980//
f 2524// 2538// 2544//
f 2544// 2572// 2598//
f 2598// 2616// 2624//
f 2624// 2608// 2591//
f 2624// 2591// 2579//
f 2544// 2598// 2624//
f 2500// 2524// 2544//
f 2480// 2496// 2500//
f 2436// 2476// 2480//
f 2392// 2412// 2436//
f 2251// 2355// 2392//
f 1935// 1979// 2155//
f 2155// 2251// 2392//
f 2392// 2436// 2480//
f 2480// 2500// 2544//
f 2544// 2624// 2579//
f 2544// 2579// 2551//
f 1945// 1935// 2155//
f 2003// 1945// 2155//
f 2480// 2544// 2551//
f 2480// 2551// 2531//
f 2003// 2155// 2392//
f 2165// 2003// 2392//
f 2480// 2531// 2518//
f 2518// 2506// 2491//
f 2480// 2518// 2491//
f 2211// 2165// 2392//
f 2313// 2265// 2211//
f 2386// 2374// 2360//
f 2313// 2211// 2392//
f 2360// 2313// 2392//
f 2480// 2491// 2471//
f 2480// 2471// 2463//
f 2386// 2360// 2392//
f 2403// 2386// 2392//
f 2480// 2463// 2451//
f 2451// 2442// 2431//
f 2418// 2403// 2392//
f 2480// 2451// 2431//
f 2431// 2418// 2392//
f 2431// 2392// 2480//
f 2538// 2537// 2543//
f 2538// 2543// 2544//
f 2355// 2251// 2252//
f 2355// 2252// 2356//
f 2479// 2495// 2496//
f 2479// 2496// 2480//
f 2151// 2152// 2098//
f 2151// 2098// 2097//
f 587// 621// 623//
f 587// 623// 589//
f 623// 621// 678//
f 678// 679// 681//
f 681// 683// 623//
f 678// 681// 623//
f 407// 339// 314//
f 290// 262// 222//
f 407// 314// 290//
f 483// 451// 407//
f 547// 519// 483//
f 659// 601// 547//
f 591// 694// 659//
f 413// 505// 591//
f 413// 591// 659//
f 413// 659// 547//
f 413// 547// 483//
f 407// 290// 222//
f 413// 483// 407//
f 325// 413// 407//
f 407// 222// 190//
f 190// 154// 126//
f 325// 407// 190//
f 273// 325// 190//
f 273// 190// 126//
f 133// 181// 229//
f 229// 273// 126//
f 229// 126// 91//
f 17// 65// 133//
f 133// 229// 91//
f 42// 30// 25//
f 133// 91// 42//
f 25// 17// 133//
f 42// 25// 133//
f 567// 587// 589//
f 567// 589// 569//
f 565// 567// 569//
f 565// 569// 566//
f 1298// 1296// 1396//
f 1298// 1396// 1398//
f 850// 851// 854//
f 850// 854// 853//
f 617// 615// 616//
f 617// 616// 619//
f 78// 106// 105//
f 78// 105// 77//
f 1094// 1089// 1088//
f 1094// 1088// 1092//
f 1216// 1218// 1094//
f 1216// 1094// 1092//
f 691// 719// 718//
f 691// 718// 690//
f 25// 26// 19//
f 25// 19// 17//
f 681// 679// 732//
f 732// 750// 751//
f 751// 733// 681//
f 732// 751// 681//
f 678// 731// 732//
f 678// 732// 679//
f 681// 733// 734//
f 681// 734// 683//
f 733// 751// 695//
f 733// 695// 661//
f 659// 694// 750//
f 659// 750// 732//
f 408// 340// 338//
f 408// 338// 406//
f 340// 316// 315//
f 340// 315// 338//
f 452// 408// 406//
f 452// 406// 450//
f 484// 452// 450//
f 484// 450// 482//
f 520// 484// 482//
f 520// 482// 518//
f 548// 520// 518//
f 548// 518// 546//
f 602// 548// 546//
f 602// 546// 600//
f 660// 602// 600//
f 660// 600// 657//
f 730// 660// 657//
f 730// 657// 729//
f 604// 662// 664//
f 604// 664// 606//
f 550// 604// 606//
f 550// 606// 552//
f 344// 343// 410//
f 344// 410// 412//
f 522// 550// 552//
f 522// 552// 524//
f 486// 522// 524//
f 486// 524// 488//
f 267// 295// 296//
f 267// 296// 268//
f 410// 454// 456//
f 410// 456// 412//
f 454// 486// 488//
f 454// 488// 456//
f 319// 343// 344//
f 319// 344// 320//
f 227// 267// 268//
f 227// 268// 228//
f 159// 195// 196//
f 159// 196// 160//
f 295// 319// 320//
f 295// 320// 296//
f 132// 131// 159//
f 132// 159// 160//
f 35// 47// 48//
f 35// 48// 36//
f 195// 227// 228//
f 195// 228// 196//
f 47// 95// 96//
f 47// 96// 48//
f 22// 31// 34//
f 22// 34// 27//
f 35// 36// 24//
f 22// 27// 28//
f 28// 35// 24//
f 24// 22// 28//
f 14// 16// 40//
f 14// 40// 38//
f 38// 40// 52//
f 38// 52// 50//
f 102// 104// 140//
f 102// 140// 138//
f 138// 140// 164//
f 138// 164// 162//
f 162// 164// 200//
f 162// 200// 198//
f 198// 200// 220//
f 198// 220// 218//
f 218// 220// 248//
f 218// 248// 246//
f 246// 248// 300//
f 246// 300// 298//
f 298// 300// 352//
f 298// 352// 350//
f 442// 444// 480//
f 442// 480// 478//
f 478// 480// 536//
f 478// 536// 534//
f 534// 536// 648//
f 534// 648// 645//
f 645// 648// 776//
f 645// 776// 773//
f 773// 776// 878//
f 773// 878// 875//
f 95// 131// 132//
f 95// 132// 96//
f 46// 34// 31//
f 46// 31// 43//
f 92// 46// 43//
f 92// 43// 90//
f 130// 92// 90//
f 130// 90// 127//
f 158// 130// 127//
f 158// 127// 155//
f 192// 158// 155//
f 192// 155// 191//
f 224// 192// 191//
f 224// 191// 223//
f 264// 224// 223//
f 264// 223// 263//
f 292// 264// 263//
f 292// 263// 291//
f 316// 292// 291//
f 316// 291// 315//
f 68// 20// 18//
f 68// 18// 66//
f 135// 136// 68//
f 135// 68// 66//
f 182// 184// 136//
f 182// 136// 135//
f 230// 232// 184//
f 230// 184// 182//
f 276// 232// 230//
f 276// 230// 274//
f 276// 274// 326//
f 276// 326// 328//
f 414// 416// 328//
f 414// 328// 326//
f 506// 508// 416//
f 506// 416// 414//
f 594// 508// 506//
f 594// 506// 592//
f 693// 696// 594//
f 693// 594// 592//
f 749// 752// 696//
f 749// 696// 693//
f 943// 1032// 1015//
f 1015// 988// 935//
f 935// 887// 829//
f 757// 713// 576//
f 935// 829// 757//
f 1001// 919// 943//
f 1001// 943// 1015//
f 1015// 935// 757//
f 757// 576// 466//
f 466// 346// 310//
f 258// 210// 166//
f 466// 310// 258//
f 973// 1001// 1015//
f 957// 973// 1015//
f 466// 258// 166//
f 123// 107// 79//
f 466// 166// 123//
f 957// 1015// 757//
f 881// 913// 929//
f 929// 957// 757//
f 123// 79// 84//
f 123// 84// 118//
f 881// 929// 757//
f 823// 857// 881//
f 743// 779// 823//
f 668// 707// 743//
f 560// 610// 668//
f 512// 560// 668//
f 668// 743// 823//
f 823// 881// 757//
f 466// 123// 118//
f 148// 176// 204//
f 466// 118// 148//
f 668// 823// 757//
f 472// 512// 668//
f 380// 420// 472//
f 332// 380// 472//
f 668// 757// 466//
f 332// 472// 668//
f 332// 668// 466//
f 466// 148// 204//
f 236// 252// 280//
f 466// 204// 236//
f 304// 332// 466//
f 236// 280// 304//
f 466// 236// 304//
f 931// 916// 884//
f 884// 862// 826//
f 826// 782// 746//
f 746// 710// 670//
f 670// 612// 562//
f 670// 562// 514//
f 826// 746// 670//
f 670// 514// 474//
f 474// 422// 383//
f 474// 383// 335//
f 670// 474// 335//
f 945// 922// 1004//
f 1017// 1033// 945//
f 937// 989// 1017//
f 832// 890// 937//
f 578// 716// 760//
f 760// 832// 937//
f 1017// 945// 1004//
f 1017// 1004// 975//
f 760// 937// 1017//
f 468// 578// 760//
f 312// 348// 468//
f 168// 212// 260//
f 260// 312// 468//
f 1017// 975// 960//
f 1017// 960// 931//
f 168// 260// 468//
f 80// 108// 124//
f 124// 168// 468//
f 760// 1017// 931//
f 760// 931// 884//
f 87// 80// 124//
f 119// 87// 124//
f 760// 884// 826//
f 760// 826// 670//
f 119// 124// 468//
f 207// 179// 151//
f 151// 119// 468//
f 468// 760// 670//
f 468// 670// 335//
f 207// 151// 468//
f 283// 255// 239//
f 239// 207// 468//
f 468// 335// 307//
f 307// 283// 239//
f 307// 239// 468//
f 1087// 1169// 1167//
f 1061// 1173// 1171//
f 1061// 1171// 1090//
f 1087// 1167// 1059//
f 1061// 1090// 1087//
f 1087// 1059// 1061//
f 816// 910// 981//
f 981// 1041// 1077//
f 1077// 1117// 1133//
f 1133// 1157// 1185//
f 1185// 1193// 1213//
f 1213// 1222// 1217//
f 1217// 1093// 1090//
f 1217// 1090// 1171//
f 1185// 1213// 1217//
f 1077// 1133// 1185//
f 816// 981// 1077//
f 528// 598// 724//
f 724// 816// 1077//
f 1185// 1217// 1171//
f 1185// 1171// 1180//
f 528// 724// 1077//
f 372// 404// 448//
f 448// 528// 1077//
f 1185// 1180// 1163//
f 1185// 1163// 1151//
f 396// 372// 448//
f 434// 396// 448//
f 1185// 1151// 1139//
f 1185// 1139// 1123//
f 462// 434// 448//
f 498// 462// 448//
f 1077// 1185// 1123//
f 1111// 1104// 1083//
f 1077// 1123// 1111//
f 498// 448// 1077//
f 642// 584// 542//
f 542// 498// 1077//
f 1077// 1111// 1083//
f 1083// 1071// 1051//
f 1083// 1051// 1023//
f 642// 542// 1077//
f 810// 770// 702//
f 702// 642// 1077//
f 1077// 1083// 1023//
f 1077// 1023// 995//
f 810// 702// 1077//
f 951// 900// 868//
f 868// 810// 1077//
f 1077// 995// 951//
f 1077// 951// 868//
f 1222// 1219// 1215//
f 1222// 1215// 1217//
f 2073// 2074// 2100//
f 2073// 2100// 2099//
f 1295// 1346// 1344//
f 1273// 1350// 1349//
f 1273// 1349// 1297//
f 1295// 1344// 1271//
f 1273// 1297// 1295//
f 1295// 1271// 1273//
f 1285// 1300// 1321//
f 1341// 1361// 1390//
f 1390// 1422// 1449//
f 1449// 1485// 1510//
f 1541// 1566// 1597//
f 1390// 1449// 1510//
f 1341// 1390// 1510//
f 1609// 1590// 1581//
f 1581// 1561// 1533//
f 1521// 1497// 1477//
f 1461// 1442// 1429//
f 1461// 1429// 1405//
f 1477// 1461// 1405//
f 1641// 1609// 1581//
f 1346// 1295// 1395//
f 1395// 1415// 1471//
f 1471// 1551// 1615//
f 1615// 1653// 1669//
f 1669// 1665// 1635//
f 1635// 1575// 1515//
f 1455// 1400// 1368//
f 1635// 1515// 1455//
f 1471// 1615// 1669//
f 1346// 1395// 1471//
f 1381// 1346// 1471//
f 1669// 1635// 1455//
f 1455// 1368// 1352//
f 1352// 1327// 1311//
f 1311// 1279// 1285//
f 1311// 1285// 1321//
f 1455// 1352// 1311//
f 1405// 1381// 1471//
f 1477// 1405// 1471//
f 1669// 1455// 1311//
f 1311// 1321// 1341//
f 1311// 1341// 1510//
f 1477// 1471// 1669//
f 1521// 1477// 1669//
f 1669// 1311// 1510//
f 1669// 1510// 1541//
f 1533// 1521// 1669//
f 1581// 1533// 1669//
f 1669// 1541// 1597//
f 1669// 1597// 1621//
f 1641// 1581// 1669//
f 1621// 1641// 1669//
f 1417// 1415// 1395//
f 1417// 1395// 1397//
f 845// 849// 852//
f 845// 852// 848//
f 840// 820// 817//
f 840// 817// 837//
f 820// 800// 797//
f 820// 797// 817//
f 800// 788// 785//
f 800// 785// 797//
f 761// 764// 740//
f 761// 740// 737//
f 1774// 1776// 1652//
f 1774// 1652// 1651//
f 1797// 1799// 1776//
f 1797// 1776// 1774//
f 1829// 1831// 1799//
f 1829// 1799// 1797//
f 1861// 1863// 1831//
f 1861// 1831// 1829//
f 1917// 1919// 1863//
f 1917// 1863// 1861//
f 1985// 1987// 1919//
f 1985// 1919// 1917//
f 1915// 1947// 1944//
f 1915// 1944// 1934//
f 1943// 1941// 1913//
f 1915// 1934// 1933//
f 1933// 1943// 1913//
f 1913// 1915// 1933//
f 1901// 1903// 1915//
f 1901// 1915// 1913//
f 1697// 1695// 1693//
f 1693// 1685// 1687//
f 1687// 1698// 1697//
f 1697// 1693// 1687//
f 1631// 1633// 1687//
f 1631// 1687// 1685//
f 919// 1001// 999//
f 878// 1006// 1004//
f 878// 1004// 922//
f 919// 999// 875//
f 878// 922// 919//
f 919// 875// 878//
f 1017// 1015// 1032//
f 1017// 1032// 1033//
f 737// 740// 720//
f 737// 720// 717//
f 656// 653// 673//
f 656// 673// 676//
f 620// 618// 630//
f 620// 630// 632//
f 633// 653// 656//
f 633// 656// 636//
f 692// 676// 673//
f 692// 673// 689//
f 632// 630// 633//
f 632// 633// 636//
f 837// 845// 848//
f 837// 848// 840//
f 785// 788// 764//
f 785// 764// 761//
f 662// 604// 594//
f 662// 594// 696//
f 522// 486// 508//
f 508// 594// 604//
f 550// 522// 508//
f 508// 604// 550//
f 454// 410// 416//
f 416// 508// 486//
f 416// 486// 454//
f 328// 416// 410//
f 410// 343// 319//
f 410// 319// 328//
f 276// 328// 319//
f 295// 267// 276//
f 319// 295// 276//
f 267// 227// 232//
f 267// 232// 276//
f 184// 232// 227//
f 195// 159// 184//
f 227// 195// 184//
f 159// 131// 136//
f 159// 136// 184//
f 68// 136// 131//
f 68// 131// 95//
f 35// 28// 20//
f 20// 68// 95//
f 47// 35// 20//
f 20// 95// 47//
f 862// 884// 886//
f 862// 886// 860//
f 662// 735// 736//
f 662// 736// 664//
f 960// 975// 978//
f 960// 978// 962//
f 931// 960// 962//
f 931// 962// 934//
f 916// 931// 934//
f 916// 934// 918//
f 828// 826// 862//
f 828// 862// 860//
f 782// 826// 828//
f 782// 828// 784//
f 748// 746// 782//
f 748// 782// 784//
f 514// 562// 564//
f 514// 564// 516//
f 884// 916// 918//
f 884// 918// 886//
f 710// 746// 748//
f 710// 748// 712//
f 670// 710// 712//
f 670// 712// 672//
f 474// 514// 516//
f 474// 516// 476//
f 562// 612// 614//
f 562// 614// 564//
f 424// 422// 474//
f 424// 474// 476//
f 383// 422// 424//
f 383// 424// 384//
f 335// 383// 384//
f 335// 384// 336//
f 179// 207// 208//
f 179// 208// 180//
f 612// 670// 672//
f 612// 672// 614//
f 307// 335// 336//
f 307// 336// 308//
f 283// 307// 308//
f 283// 308// 284//
f 255// 283// 284//
f 255// 284// 256//
f 152// 151// 179//
f 152// 179// 180//
f 207// 239// 240//
f 207// 240// 208//
f 239// 255// 256//
f 239// 256// 240//
f 119// 151// 152//
f 119// 152// 120//
f 87// 119// 120//
f 87// 120// 88//
f 80// 87// 88//
f 74// 82// 84//
f 74// 84// 79//
f 80// 88// 76//
f 74// 79// 80//
f 80// 76// 74//
f 70// 72// 100//
f 70// 100// 98//
f 98// 100// 112//
f 98// 112// 110//
f 110// 112// 144//
f 110// 144// 142//
f 142// 144// 172//
f 142// 172// 170//
f 170// 172// 188//
f 170// 188// 186//
f 186// 188// 216//
f 186// 216// 214//
f 214// 216// 244//
f 214// 244// 242//
f 242// 244// 272//
f 242// 272// 270//
f 270// 272// 288//
f 270// 288// 286//
f 286// 288// 324//
f 286// 324// 322//
f 322// 324// 356//
f 322// 356// 354//
f 354// 356// 428//
f 354// 428// 426//
f 426// 428// 504//
f 426// 504// 502//
f 502// 504// 556//
f 502// 556// 554//
f 554// 556// 652//
f 554// 652// 649//
f 649// 652// 728//
f 649// 728// 725//
f 725// 728// 796//
f 725// 796// 793//
f 793// 796// 804//
f 793// 804// 801//
f 801// 804// 836//
f 801// 836// 833//
f 833// 836// 874//
f 833// 874// 871//
f 871// 874// 906//
f 871// 906// 903//
f 903// 906// 942//
f 903// 942// 939//
f 939// 942// 970//
f 939// 970// 967//
f 967// 970// 1014//
f 967// 1014// 1011//
f 1011// 1014// 1037//
f 1011// 1037// 1035//
f 1035// 1037// 1061//
f 1035// 1061// 1059//
f 1001// 973// 971//
f 1001// 971// 999//
f 973// 957// 955//
f 973// 955// 971//
f 957// 929// 927//
f 957// 927// 955//
f 929// 913// 911//
f 929// 911// 927//
f 913// 881// 879//
f 913// 879// 911//
f 881// 857// 855//
f 881// 855// 879//
f 857// 823// 821//
f 857// 821// 855//
f 823// 779// 777//
f 823// 777// 821//
f 779// 743// 741//
f 779// 741// 777//
f 743// 707// 705//
f 743// 705// 741//
f 707// 668// 665//
f 707// 665// 705//
f 668// 610// 608//
f 668// 608// 665//
f 610// 560// 558//
f 610// 558// 608//
f 560// 512// 510//
f 560// 510// 558//
f 512// 472// 470//
f 512// 470// 510//
f 472// 420// 418//
f 472// 418// 470//
f 420// 380// 378//
f 420// 378// 418//
f 380// 332// 331//
f 380// 331// 378//
f 332// 304// 303//
f 332// 303// 331//
f 304// 280// 278//
f 304// 278// 303//
f 280// 252// 250//
f 280// 250// 278//
f 252// 236// 235//
f 252// 235// 250//
f 236// 204// 203//
f 236// 203// 235//
f 204// 176// 174//
f 204// 174// 203//
f 176// 148// 146//
f 176// 146// 174//
f 148// 118// 115//
f 148// 115// 146//
f 118// 84// 82//
f 118// 82// 115//
f 123// 124// 108//
f 123// 108// 107//
f 166// 168// 124//
f 166// 124// 123//
f 210// 212// 168//
f 210// 168// 166//
f 260// 212// 210//
f 260// 210// 258//
f 310// 312// 260//
f 310// 260// 258//
f 346// 348// 312//
f 346// 312// 310//
f 466// 468// 348//
f 466// 348// 346//
f 578// 468// 466//
f 578// 466// 576//
f 716// 578// 576//
f 716// 576// 713//
f 760// 716// 713//
f 760// 713// 757//
f 829// 832// 760//
f 829// 760// 757//
f 887// 890// 832//
f 887// 832// 829//
f 935// 937// 890//
f 935// 890// 887//
f 989// 937// 935//
f 989// 935// 988//
f 1015// 1017// 989//
f 1015// 989// 988//
f 975// 1004// 1006//
f 975// 1006// 978//
f 1169// 1177// 1175//
f 1169// 1175// 1167//
f 1177// 1161// 1159//
f 1177// 1159// 1175//
f 1161// 1149// 1147//
f 1161// 1147// 1159//
f 1149// 1138// 1136//
f 1149// 1136// 1147//
f 1138// 1121// 1119//
f 1138// 1119// 1136//
f 1121// 1109// 1107//
f 1121// 1107// 1119//
f 1109// 1101// 1099//
f 1109// 1099// 1107//
f 1101// 1081// 1079//
f 1101// 1079// 1099//
f 1081// 1069// 1067//
f 1081// 1067// 1079//
f 1069// 1049// 1047//
f 1069// 1047// 1067//
f 1049// 1021// 1019//
f 1049// 1019// 1047//
f 1021// 993// 991//
f 1021// 991// 1019//
f 993// 949// 947//
f 993// 947// 991//
f 949// 897// 895//
f 949// 895// 947//
f 897// 865// 863//
f 897// 863// 895//
f 865// 807// 805//
f 865// 805// 863//
f 807// 767// 765//
f 807// 765// 805//
f 767// 700// 697//
f 767// 697// 765//
f 700// 640// 637//
f 700// 637// 697//
f 640// 582// 580//
f 640// 580// 637//
f 582// 540// 538//
f 582// 538// 580//
f 540// 496// 494//
f 540// 494// 538//
f 496// 460// 458//
f 496// 458// 494//
f 460// 432// 430//
f 460// 430// 458//
f 432// 394// 391//
f 432// 391// 430//
f 396// 434// 436//
f 396// 436// 393//
f 370// 402// 404//
f 370// 404// 372//
f 446// 448// 404//
f 446// 404// 402//
f 462// 498// 500//
f 462// 500// 464//
f 1091// 1215// 1219//
f 1219// 1211// 1192//
f 1183// 1156// 1131//
f 1219// 1192// 1183//
f 1087// 1091// 1219//
f 1169// 1087// 1219//
f 1219// 1183// 1131//
f 1131// 1115// 1075//
f 1075// 1039// 980//
f 980// 907// 813//
f 721// 596// 526//
f 980// 813// 721//
f 1131// 1075// 980//
f 1177// 1169// 1219//
f 1161// 1177// 1219//
f 1131// 980// 721//
f 721// 526// 446//
f 446// 402// 370//
f 370// 394// 432//
f 446// 370// 432//
f 1161// 1219// 1131//
f 1149// 1161// 1131//
f 721// 446// 432//
f 721// 432// 460//
f 1138// 1149// 1131//
f 1121// 1138// 1131//
f 721// 460// 496//
f 540// 582// 640//
f 721// 496// 540//
f 1109// 1121// 1131//
f 1081// 1101// 1109//
f 1049// 1069// 1081//
f 1021// 1049// 1081//
f 1081// 1109// 1131//
f 721// 540// 640//
f 700// 767// 807//
f 721// 640// 700//
f 1081// 1131// 721//
f 1021// 1081// 721//
f 721// 700// 807//
f 865// 897// 949//
f 721// 807// 865//
f 993// 1021// 721//
f 721// 865// 949//
f 721// 949// 993//
f 368// 360// 358//
f 368// 358// 366//
f 1123// 1139// 1141//
f 1123// 1141// 1125//
f 398// 400// 440//
f 398// 440// 438//
f 438// 440// 492//
f 438// 492// 490//
f 490// 492// 532//
f 490// 532// 530//
f 530// 532// 574//
f 530// 574// 572//
f 572// 574// 628//
f 572// 628// 626//
f 626// 628// 688//
f 626// 688// 685//
f 685// 688// 756//
f 685// 756// 753//
f 753// 756// 792//
f 753// 792// 789//
f 789// 792// 844//
f 789// 844// 841//
f 841// 844// 894//
f 841// 894// 891//
f 891// 894// 926//
f 891// 926// 923//
f 923// 926// 966//
f 923// 966// 963//
f 963// 966// 986//
f 963// 986// 983//
f 983// 986// 1010//
f 983// 1010// 1007//
f 1007// 1010// 1030//
f 1007// 1030// 1027//
f 1027// 1030// 1045//
f 1027// 1045// 1043//
f 1043// 1045// 1057//
f 1043// 1057// 1055//
f 1055// 1057// 1065//
f 1055// 1065// 1063//
f 1063// 1065// 1097//
f 1063// 1097// 1095//
f 1095// 1097// 1129//
f 1095// 1129// 1127//
f 1127// 1129// 1145//
f 1127// 1145// 1143//
f 1143// 1145// 1189//
f 1143// 1189// 1187//
f 1187// 1189// 1205//
f 1187// 1205// 1203//
f 1203// 1205// 1201//
f 1203// 1201// 1199//
f 1199// 1201// 1197//
f 1199// 1197// 1195//
f 1195// 1197// 1209//
f 1195// 1209// 1207//
f 1207// 1209// 1225//
f 1207// 1225// 1223//
f 1223// 1225// 1229//
f 1223// 1229// 1227//
f 1227// 1229// 1233//
f 1227// 1233// 1231//
f 1231// 1233// 1238//
f 1231// 1238// 1235//
f 1235// 1238// 1241//
f 1235// 1241// 1239//
f 1239// 1241// 1245//
f 1239// 1245// 1243//
f 1243// 1245// 1249//
f 1243// 1249// 1247//
f 1247// 1249// 1254//
f 1247// 1254// 1251//
f 1251// 1254// 1257//
f 1251// 1257// 1255//
f 1255// 1257// 1261//
f 1255// 1261// 1259//
f 1259// 1261// 1265//
f 1259// 1265// 1263//
f 1263// 1265// 1269//
f 1263// 1269// 1267//
f 1267// 1269// 1273//
f 1267// 1273// 1271//
f 366// 391// 394//
f 366// 394// 370//
f 396// 393// 368//
f 366// 370// 372//
f 372// 396// 368//
f 368// 366// 372//
f 1180// 1171// 1173//
f 1180// 1173// 1182//
f 1163// 1180// 1182//
f 1163// 1182// 1165//
f 1111// 1123// 1125//
f 1111// 1125// 1113//
f 1139// 1151// 1153//
f 1139// 1153// 1141//
f 1053// 1051// 1071//
f 1053// 1071// 1073//
f 1151// 1163// 1165//
f 1151// 1165// 1153//
f 1104// 1111// 1113//
f 1104// 1113// 1106//
f 1023// 1051// 1053//
f 1023// 1053// 1026//
f 1071// 1083// 1085//
f 1071// 1085// 1073//
f 998// 995// 1023//
f 998// 1023// 1026//
f 951// 995// 998//
f 951// 998// 954//
f 900// 951// 954//
f 900// 954// 902//
f 772// 770// 810//
f 772// 810// 812//
f 1083// 1104// 1106//
f 1083// 1106// 1085//
f 498// 542// 544//
f 498// 544// 500//
f 810// 868// 870//
f 810// 870// 812//
f 868// 900// 902//
f 868// 902// 870//
f 702// 770// 772//
f 702// 772// 704//
f 642// 702// 704//
f 642// 704// 644//
f 584// 642// 644//
f 584// 644// 586//
f 542// 584// 586//
f 542// 586// 544//
f 526// 528// 448//
f 526// 448// 446//
f 598// 528// 526//
f 598// 526// 596//
f 721// 724// 598//
f 721// 598// 596//
f 813// 816// 724//
f 813// 724// 721//
f 907// 910// 816//
f 907// 816// 813//
f 981// 910// 907//
f 981// 907// 980//
f 1041// 981// 980//
f 1041// 980// 1039//
f 1077// 1041// 1039//
f 1077// 1039// 1075//
f 1117// 1077// 1075//
f 1117// 1075// 1115//
f 1131// 1133// 1117//
f 1131// 1117// 1115//
f 1156// 1157// 1133//
f 1156// 1133// 1131//
f 1183// 1185// 1157//
f 1183// 1157// 1156//
f 1192// 1193// 1185//
f 1192// 1185// 1183//
f 1211// 1213// 1193//
f 1211// 1193// 1192//
f 1219// 1222// 1213//
f 1219// 1213// 1211//
f 434// 462// 464//
f 434// 464// 436//
f 1657// 1659// 1633//
f 1657// 1633// 1631//
f 1673// 1675// 1659//
f 1673// 1659// 1657//
f 1682// 1684// 1675//
f 1682// 1675// 1673//
f 1689// 1691// 1684//
f 1689// 1684// 1682//
f 1706// 1708// 1691//
f 1706// 1691// 1689//
f 1709// 1711// 1708//
f 1709// 1708// 1706//
f 1717// 1719// 1711//
f 1717// 1711// 1709//
f 1729// 1731// 1719//
f 1729// 1719// 1717//
f 1749// 1751// 1731//
f 1749// 1731// 1729//
f 1753// 1755// 1751//
f 1753// 1751// 1749//
f 1737// 1739// 1755//
f 1737// 1755// 1753//
f 1733// 1735// 1739//
f 1733// 1739// 1737//
f 1726// 1728// 1735//
f 1726// 1735// 1733//
f 1713// 1715// 1728//
f 1713// 1728// 1726//
f 1701// 1703// 1715//
f 1701// 1715// 1713//
f 1677// 1679// 1703//
f 1677// 1703// 1701//
f 1661// 1663// 1679//
f 1661// 1679// 1677//
f 1647// 1649// 1663//
f 1647// 1663// 1661//
f 1627// 1629// 1649//
f 1627// 1649// 1647//
f 1604// 1606// 1629//
f 1604// 1629// 1627//
f 1571// 1573// 1606//
f 1571// 1606// 1604//
f 1547// 1549// 1573//
f 1547// 1573// 1571//
f 1527// 1529// 1549//
f 1527// 1549// 1547//
f 1503// 1505// 1529//
f 1503// 1529// 1527//
f 1491// 1493// 1505//
f 1491// 1505// 1503//
f 1468// 1469// 1493//
f 1468// 1493// 1491//
f 1435// 1437// 1469//
f 1435// 1469// 1468//
f 1411// 1414// 1437//
f 1411// 1437// 1435//
f 1375// 1378// 1414//
f 1375// 1414// 1411//
f 1371// 1373// 1378//
f 1371// 1378// 1375//
f 1355// 1358// 1373//
f 1355// 1373// 1371//
f 1332// 1333// 1358//
f 1332// 1358// 1355//
f 1303// 1323// 1325//
f 1303// 1325// 1305//
f 1325// 1323// 1336//
f 1325// 1336// 1337//
f 1336// 1363// 1364//
f 1336// 1364// 1337//
f 1363// 1393// 1394//
f 1363// 1394// 1364//
f 1394// 1393// 1425//
f 1394// 1425// 1426//
f 1425// 1451// 1452//
f 1425// 1452// 1426//
f 1451// 1487// 1488//
f 1451// 1488// 1452//
f 1487// 1513// 1514//
f 1487// 1514// 1488//
f 1513// 1543// 1544//
f 1513// 1544// 1514//
f 1544// 1543// 1569//
f 1544// 1569// 1570//
f 1599// 1623// 1624//
f 1599// 1624// 1600//
f 1623// 1643// 1644//
f 1623// 1644// 1624//
f 1569// 1599// 1600//
f 1569// 1600// 1570//
f 1644// 1643// 1611//
f 1644// 1611// 1612//
f 1611// 1593// 1591//
f 1611// 1591// 1612//
f 1593// 1583// 1584//
f 1593// 1584// 1591//
f 1583// 1555// 1557//
f 1583// 1557// 1584//
f 1555// 1535// 1538//
f 1555// 1538// 1557//
f 1535// 1523// 1525//
f 1535// 1525// 1538//
f 1499// 1479// 1481//
f 1499// 1481// 1502//
f 1463// 1445// 1446//
f 1463// 1446// 1465//
f 1523// 1499// 1502//
f 1523// 1502// 1525//
f 1431// 1407// 1409//
f 1431// 1409// 1433//
f 1479// 1463// 1465//
f 1479// 1465// 1481//
f 1383// 1349// 1350//
f 1383// 1350// 1385//
f 1445// 1431// 1433//
f 1445// 1433// 1446//
f 1281// 1287// 1289//
f 1275// 1283// 1285//
f 1275// 1285// 1279//
f 1281// 1289// 1277//
f 1275// 1279// 1281//
f 1281// 1277// 1275//
f 1407// 1383// 1385//
f 1407// 1385// 1409//
f 1415// 1417// 1473//
f 1415// 1473// 1471//
f 1473// 1553// 1551//
f 1473// 1551// 1471//
f 1551// 1553// 1617//
f 1551// 1617// 1615//
f 1615// 1617// 1655//
f 1615// 1655// 1653//
f 1653// 1655// 1671//
f 1653// 1671// 1669//
f 1669// 1671// 1667//
f 1669// 1667// 1665//
f 1665// 1667// 1637//
f 1665// 1637// 1635//
f 1635// 1637// 1577//
f 1635// 1577// 1575//
f 1575// 1577// 1517//
f 1575// 1517// 1515//
f 1517// 1457// 1455//
f 1517// 1455// 1515//
f 1457// 1402// 1400//
f 1457// 1400// 1455//
f 1400// 1402// 1370//
f 1400// 1370// 1368//
f 1368// 1370// 1354//
f 1368// 1354// 1352//
f 1352// 1354// 1329//
f 1352// 1329// 1327//
f 1327// 1329// 1313//
f 1327// 1313// 1311//
f 1279// 1311// 1313//
f 1279// 1313// 1281//
f 1300// 1285// 1283//
f 1300// 1283// 1299//
f 1321// 1300// 1299//
f 1321// 1299// 1319//
f 1341// 1321// 1319//
f 1341// 1319// 1335//
f 1361// 1341// 1335//
f 1361// 1335// 1359//
f 1390// 1361// 1359//
f 1390// 1359// 1388//
f 1422// 1390// 1388//
f 1422// 1388// 1420//
f 1449// 1422// 1420//
f 1449// 1420// 1447//
f 1485// 1449// 1447//
f 1485// 1447// 1483//
f 1510// 1485// 1483//
f 1510// 1483// 1508//
f 1541// 1510// 1508//
f 1541// 1508// 1539//
f 1566// 1541// 1539//
f 1566// 1539// 1564//
f 1597// 1566// 1564//
f 1597// 1564// 1595//
f 1621// 1597// 1595//
f 1621// 1595// 1619//
f 1641// 1621// 1619//
f 1641// 1619// 1639//
f 1609// 1641// 1639//
f 1609// 1639// 1607//
f 1590// 1609// 1607//
f 1590// 1607// 1587//
f 1581// 1590// 1587//
f 1581// 1587// 1579//
f 1561// 1581// 1579//
f 1561// 1579// 1556//
f 1533// 1561// 1556//
f 1533// 1556// 1531//
f 1521// 1533// 1531//
f 1521// 1531// 1519//
f 1497// 1521// 1519//
f 1497// 1519// 1495//
f 1477// 1497// 1495//
f 1477// 1495// 1475//
f 1459// 1461// 1477//
f 1459// 1477// 1475//
f 1442// 1461// 1459//
f 1442// 1459// 1440//
f 1429// 1442// 1440//
f 1429// 1440// 1427//
f 1405// 1429// 1427//
f 1405// 1427// 1403//
f 1381// 1405// 1403//
f 1381// 1403// 1379//
f 1346// 1381// 1379//
f 1346// 1379// 1344//
f 1281// 1313// 1329//
f 1354// 1370// 1402//
f 1281// 1329// 1354//
f 1323// 1303// 1287//
f 1287// 1281// 1354//
f 1354// 1402// 1457//
f 1457// 1517// 1577//
f 1577// 1637// 1667//
f 1667// 1671// 1655//
f 1617// 1553// 1473//
f 1667// 1655// 1617//
f 1457// 1577// 1667//
f 1287// 1354// 1457//
f 1323// 1287// 1457//
f 1667// 1617// 1473//
f 1473// 1417// 1397//
f 1397// 1297// 1349//
f 1397// 1349// 1383//
f 1323// 1457// 1667//
f 1393// 1363// 1336//
f 1336// 1323// 1667//
f 1473// 1397// 1383//
f 1473// 1383// 1407//
f 1393// 1336// 1667//
f 1451// 1425// 1393//
f 1513// 1487// 1451//
f 1599// 1569// 1543//
f 1513// 1451// 1393//
f 1513// 1393// 1667//
f 1473// 1407// 1431//
f 1431// 1445// 1463//
f 1479// 1499// 1523//
f 1431// 1463// 1479//
f 1543// 1513// 1667//
f 1599// 1543// 1667//
f 1473// 1431// 1479//
f 1473// 1479// 1523//
f 1623// 1599// 1667//
f 1643// 1623// 1667//
f 1473// 1523// 1535//
f 1535// 1555// 1583//
f 1583// 1593// 1611//
f 1611// 1643// 1667//
f 1473// 1535// 1583//
f 1583// 1611// 1667//
f 1667// 1473// 1583//
f 1287// 1303// 1305//
f 1287// 1305// 1289//
f 1921// 1923// 1911//
f 1921// 1911// 1909//
f 1937// 1939// 1923//
f 1937// 1923// 1921//
f 1949// 1951// 1939//
f 1949// 1939// 1937//
f 1973// 1975// 1951//
f 1973// 1951// 1949//
f 1998// 2000// 1975//
f 1998// 1975// 1973//
f 2062// 2064// 2000//
f 2062// 2000// 1998//
f 2078// 2080// 2064//
f 2078// 2064// 2062//
f 2177// 2179// 2080//
f 2177// 2080// 2078//
f 2193// 2195// 2179//
f 2193// 2179// 2177//
f 2205// 2207// 2195//
f 2205// 2195// 2193//
f 2225// 2227// 2207//
f 2225// 2207// 2205//
f 2234// 2236// 2227//
f 2234// 2227// 2225//
f 2221// 2223// 2236//
f 2221// 2236// 2234//
f 2229// 2231// 2223//
f 2229// 2223// 2221//
f 2237// 2239// 2231//
f 2237// 2231// 2229//
f 2245// 2247// 2239//
f 2245// 2239// 2237//
f 2254// 2256// 2247//
f 2254// 2247// 2245//
f 2269// 2271// 2256//
f 2269// 2256// 2254//
f 2274// 2276// 2271//
f 2274// 2271// 2269//
f 2277// 2279// 2276//
f 2277// 2276// 2274//
f 2285// 2287// 2279//
f 2285// 2279// 2277//
f 2294// 2296// 2287//
f 2294// 2287// 2285//
f 2297// 2299// 2296//
f 2297// 2296// 2294//
f 2301// 2303// 2299//
f 2301// 2299// 2297//
f 2305// 2307// 2303//
f 2305// 2303// 2301//
f 2317// 2319// 2307//
f 2317// 2307// 2305//
f 2321// 2323// 2319//
f 2321// 2319// 2317//
f 2325// 2327// 2323//
f 2325// 2323// 2321//
f 2329// 2331// 2327//
f 2329// 2327// 2325//
f 2333// 2335// 2331//
f 2333// 2331// 2329//
f 2337// 2339// 2335//
f 2337// 2335// 2333//
f 2341// 2343// 2339//
f 2341// 2339// 2337//
f 2345// 2347// 2343//
f 2345// 2343// 2341//
f 2181// 2183// 2204//
f 2181// 2204// 2202//
f 2110// 2142// 2144//
f 2101// 2138// 2141//
f 2101// 2141// 2109//
f 2110// 2144// 2103//
f 2101// 2109// 2110//
f 2110// 2103// 2101//
f 2142// 2128// 2131//
f 2142// 2131// 2144//
f 2103// 2135// 2133//
f 2103// 2133// 2101//
f 2128// 2092// 2095//
f 2128// 2095// 2131//
f 2092// 2086// 2088//
f 2092// 2088// 2095//
f 2086// 2068// 2071//
f 2086// 2071// 2088//
f 2068// 2056// 2059//
f 2068// 2059// 2071//
f 2056// 2044// 2047//
f 2056// 2047// 2059//
f 2044// 2020// 2023//
f 2044// 2023// 2047//
f 2038// 2028// 2031//
f 2038// 2031// 2040//
f 2028// 2012// 2015//
f 2028// 2015// 2031//
f 2020// 2038// 2040//
f 2020// 2040// 2023//
f 2012// 1992// 1995//
f 2012// 1995// 2015//
f 1992// 1968// 1971//
f 1992// 1971// 1995//
f 1968// 1958// 1960//
f 1968// 1960// 1971//
f 1958// 1930// 1932//
f 1958// 1932// 1960//
f 1930// 1888// 1891//
f 1930// 1891// 1932//
f 1816// 1805// 1806//
f 1816// 1806// 1817//
f 1888// 1872// 1875//
f 1888// 1875// 1891//
f 1872// 1848// 1851//
f 1872// 1851// 1875//
f 1848// 1840// 1841//
f 1848// 1841// 1851//
f 1840// 1825// 1826//
f 1840// 1826// 1841//
f 1805// 1793// 1794//
f 1805// 1794// 1806//
f 1793// 1781// 1782//
f 1793// 1782// 1794//
f 1781// 1769// 1770//
f 1781// 1770// 1782//
f 1770// 1769// 1745//
f 1770// 1745// 1746//
f 1745// 1697// 1698//
f 1745// 1698// 1746//
f 1825// 1816// 1817//
f 1825// 1817// 1826//
f 1763// 1787// 1785//
f 1763// 1785// 1761//
f 1695// 1743// 1741//
f 1695// 1741// 1693//
f 1743// 1767// 1765//
f 1743// 1765// 1741//
f 1767// 1779// 1777//
f 1767// 1777// 1765//
f 1779// 1791// 1789//
f 1779// 1789// 1777//
f 1791// 1803// 1801//
f 1791// 1801// 1789//
f 1803// 1814// 1813//
f 1803// 1813// 1801//
f 1814// 1823// 1821//
f 1814// 1821// 1813//
f 1823// 1838// 1837//
f 1823// 1837// 1821//
f 1838// 1847// 1845//
f 1838// 1845// 1837//
f 1847// 1871// 1869//
f 1847// 1869// 1845//
f 1871// 1887// 1885//
f 1871// 1885// 1869//
f 1887// 1929// 1926//
f 1887// 1926// 1885//
f 1929// 1957// 1954//
f 1929// 1954// 1926//
f 1957// 1967// 1965//
f 1957// 1965// 1954//
f 1967// 1991// 1989//
f 1967// 1989// 1965//
f 1991// 2011// 2009//
f 1991// 2009// 1989//
f 2011// 2027// 2025//
f 2011// 2025// 2009//
f 2027// 2037// 2034//
f 2027// 2034// 2025//
f 2037// 2019// 2017//
f 2037// 2017// 2034//
f 2019// 2043// 2041//
f 2019// 2041// 2017//
f 2043// 2055// 2053//
f 2043// 2053// 2041//
f 2055// 2067// 2065//
f 2055// 2065// 2053//
f 2067// 2085// 2082//
f 2067// 2082// 2065//
f 2085// 2091// 2089//
f 2085// 2089// 2082//
f 2091// 2127// 2125//
f 2091// 2125// 2089//
f 2127// 2141// 2138//
f 2127// 2138// 2125//
f 2109// 2189// 2190//
f 2109// 2190// 2110//
f 2185// 2186// 2190//
f 2185// 2190// 2189//
f 2173// 2174// 2186//
f 2173// 2186// 2185//
f 2169// 2170// 2174//
f 2169// 2174// 2173//
f 2157// 2158// 2170//
f 2157// 2170// 2169//
f 2049// 2050// 2074//
f 2049// 2074// 2073//
f 1981// 1982// 2050//
f 1981// 2050// 2049//
f 1961// 1962// 1982//
f 1961// 1982// 1981//
f 1906// 1962// 1961//
f 1906// 1961// 1905//
f 1855// 1856// 1906//
f 1855// 1906// 1905//
f 1833// 1834// 1856//
f 1833// 1856// 1855//
f 1809// 1810// 1834//
f 1809// 1834// 1833//
f 1787// 1810// 1809//
f 1787// 1809// 1785//
f 1865// 1867// 1859//
f 1865// 1859// 1857//
f 1877// 1879// 1867//
f 1877// 1867// 1865//
f 1881// 1883// 1879//
f 1881// 1879// 1877//
f 1893// 1895// 1883//
f 1893// 1883// 1881//
f 1897// 1899// 1895//
f 1897// 1895// 1893//
f 1909// 1911// 1899//
f 1909// 1899// 1897//
f 2133// 2135// 2183//
f 2133// 2183// 2181//
f 1721// 1695// 1697//
f 1721// 1697// 1723//
f 2546// 2574// 2573//
f 2546// 2573// 2545//
f 2574// 2594// 2593//
f 2574// 2593// 2573//
f 2526// 2546// 2545//
f 2526// 2545// 2525//
f 2515// 2526// 2525//
f 2515// 2525// 2513//
f 2540// 2539// 2521//
f 2540// 2521// 2522//
f 2569// 2541// 2542//
f 2569// 2542// 2570//
f 2569// 2570// 2600//
f 2569// 2600// 2599//
f 2599// 2600// 2614//
f 2599// 2614// 2613//
f 2613// 2614// 2622//
f 2613// 2622// 2621//
f 2606// 2605// 2621//
f 2606// 2621// 2622//
f 2633// 2609// 2610//
f 2633// 2610// 2634//
f 2669// 2670// 2662//
f 2669// 2662// 2661//
f 2661// 2662// 2654//
f 2661// 2654// 2653//
f 2653// 2654// 2650//
f 2653// 2650// 2649//
f 2649// 2650// 2642//
f 2649// 2642// 2641//
f 2641// 2642// 2638//
f 2641// 2638// 2637//
f 2637// 2638// 2632//
f 2637// 2632// 2631//
f 2631// 2632// 2628//
f 2631// 2628// 2627//
f 2627// 2628// 2618//
f 2627// 2618// 2617//
f 2617// 2618// 2602//
f 2617// 2602// 2601//
f 2601// 2602// 2588//
f 2601// 2588// 2587//
f 2587// 2588// 2582//
f 2587// 2582// 2581//
f 2581// 2582// 2566//
f 2581// 2566// 2565//
f 2565// 2566// 2562//
f 2565// 2562// 2561//
f 2561// 2562// 2558//
f 2561// 2558// 2557//
f 2557// 2558// 2554//
f 2557// 2554// 2553//
f 2553// 2554// 2534//
f 2553// 2534// 2533//
f 2533// 2534// 2511//
f 2533// 2511// 2509//
f 2509// 2511// 2483//
f 2509// 2483// 2481//
f 2481// 2483// 2455//
f 2481// 2455// 2453//
f 2453// 2455// 2423//
f 2453// 2423// 2421//
f 2421// 2423// 2407//
f 2421// 2407// 2405//
f 2405// 2407// 2395//
f 2405// 2395// 2393//
f 2393// 2395// 2379//
f 2393// 2379// 2377//
f 2377// 2379// 2368//
f 2377// 2368// 2366//
f 2366// 2368// 2351//
f 2366// 2351// 2349//
f 2349// 2351// 2284//
f 2349// 2284// 2282//
f 2282// 2284// 2243//
f 2282// 2243// 2241//
f 2241// 2243// 2199//
f 2241// 2199// 2197//
f 1947// 2008// 2006//
f 1947// 2006// 1944//
f 2216// 2213// 2164//
f 2216// 2164// 2167//
f 2006// 2008// 2167//
f 2006// 2167// 2164//
f 2263// 2213// 2216//
f 2263// 2216// 2267//
f 2364// 2362// 2311//
f 2364// 2311// 2315//
f 2372// 2362// 2364//
f 2372// 2364// 2375//
f 2311// 2263// 2267//
f 2311// 2267// 2315//
f 2384// 2372// 2375//
f 2384// 2375// 2387//
f 2399// 2384// 2387//
f 2399// 2387// 2401//
f 2419// 2416// 2399//
f 2419// 2399// 2401//
f 2440// 2427// 2429//
f 2440// 2429// 2443//
f 2461// 2459// 2447//
f 2461// 2447// 2449//
f 2427// 2416// 2419//
f 2427// 2419// 2429//
f 2516// 2504// 2507//
f 2516// 2507// 2519//
f 2447// 2440// 2443//
f 2447// 2443// 2449//
f 2467// 2459// 2461//
f 2467// 2461// 2469//
f 2548// 2547// 2527//
f 2548// 2527// 2528//
f 2504// 2487// 2489//
f 2504// 2489// 2507//
f 2575// 2547// 2548//
f 2575// 2548// 2576//
f 2527// 2516// 2519//
f 2527// 2519// 2528//
f 2595// 2575// 2576//
f 2595// 2576// 2596//
f 2609// 2593// 2594//
f 2609// 2594// 2605//
f 2595// 2596// 2610//
f 2609// 2605// 2606//
f 2606// 2595// 2610//
f 2610// 2609// 2606//
f 2487// 2467// 2469//
f 2487// 2469// 2489//
f 2354// 2353// 2390//
f 2354// 2390// 2389//
f 2390// 2410// 2409//
f 2390// 2409// 2389//
f 2409// 2410// 2434//
f 2409// 2434// 2433//
f 2433// 2434// 2474//
f 2433// 2474// 2473//
f 2493// 2494// 2498//
f 2493// 2498// 2497//
f 2474// 2478// 2477//
f 2474// 2477// 2473//
f 2497// 2498// 2522//
f 2497// 2522// 2521//
f 1943// 2005// 2002//
f 1943// 2002// 1941//
f 2005// 2163// 2161//
f 2005// 2161// 2002//
f 2163// 2214// 2210//
f 2163// 2210// 2161//
f 2214// 2264// 2261//
f 2214// 2261// 2210//
f 2264// 2312// 2309//
f 2264// 2309// 2261//
f 2312// 2361// 2358//
f 2312// 2358// 2309//
f 2361// 2371// 2369//
f 2361// 2369// 2358//
f 2371// 2383// 2381//
f 2371// 2381// 2369//
f 2383// 2398// 2397//
f 2383// 2397// 2381//
f 2398// 2415// 2413//
f 2398// 2413// 2397//
f 2415// 2426// 2425//
f 2415// 2425// 2413//
f 2426// 2439// 2437//
f 2426// 2437// 2425//
f 2439// 2446// 2445//
f 2439// 2445// 2437//
f 2446// 2458// 2457//
f 2446// 2457// 2445//
f 2458// 2466// 2465//
f 2458// 2465// 2457//
f 2466// 2486// 2485//
f 2466// 2485// 2465//
f 2486// 2503// 2501//
f 2486// 2501// 2485//
f 2503// 2515// 2513//
f 2503// 2513// 2501//
f 2249// 2250// 2153//
f 2249// 2153// 2154//
f 2197// 2199// 1987//
f 2197// 1987// 1985//
f 1857// 1859// 1903//
f 1857// 1903// 1901//
f 945// 1033// 1032//
f 945// 1032// 943//
f 922// 945// 943//
f 922// 943// 919//
f 444// 442// 350//
f 444// 350// 352//
f 102// 50// 52//
f 102// 52// 104//
f 24// 12// 10//
f 24// 10// 22//
f 12// 4// 2//
f 12// 2// 10//
f 4// 8// 6//
f 4// 6// 2//
f 8// 16// 14//
f 8// 14// 6//
f 76// 64// 62//
f 76// 62// 74//
f 64// 56// 54//
f 64// 54// 62//
f 56// 60// 58//
f 56// 58// 54//
f 60// 72// 70//
f 60// 70// 58//
f 2634// 2648// 2647//
f 2634// 2647// 2633//
f 2648// 2658// 2657//
f 2648// 2657// 2647//
f 2658// 2666// 2665//
f 2658// 2665// 2657//
f 2666// 2670// 2669//
f 2666// 2669// 2665//
f 1332// 1315// 1317//
f 1332// 1317// 1333//
f 1315// 1307// 1309//
f 1315// 1309// 1317//
f 1307// 1291// 1293//
f 1307// 1293// 1309//
f 1291// 1275// 1277//
f 1291// 1277// 1293//
f 398// 386// 388//
f 398// 388// 400//
f 386// 374// 376//
f 386// 376// 388//
f 374// 362// 364//
f 374// 364// 376//
f 362// 358// 360//
f 362// 360// 364//
f 2345// 2289// 2291//
f 2345// 2291// 2347//
f 2289// 2257// 2259//
f 2289// 2259// 2291//
f 2257// 2217// 2219//
f 2257// 2219// 2259//
f 2217// 2202// 2204//
f 2217// 2204// 2219//
f 2110// 2190// 2186//
f 2186// 2174// 2170//
f 2170// 2158// 2150//
f 2150// 2148// 2122//
f 2116// 2118// 2106//
f 2170// 2150// 2122//
f 2122// 2116// 2106//
f 2106// 2100// 2074//
f 2074// 2050// 1982//
f 1982// 1962// 1906//
f 1856// 1834// 1810//
f 1982// 1906// 1856//
f 2106// 2074// 1982//
f 2186// 2170// 2122//
f 2122// 2106// 1982//
f 1982// 1856// 1810//
f 1810// 1787// 1763//
f 1763// 1759// 1723//
f 1723// 1697// 1745//
f 1723// 1745// 1769//
f 1810// 1763// 1723//
f 2186// 2122// 1982//
f 2142// 2110// 2186//
f 2086// 2092// 2128//
f 2128// 2142// 2186//
f 1810// 1723// 1769//
f 1810// 1769// 1781//
f 2086// 2128// 2186//
f 2068// 2086// 2186//
f 1810// 1781// 1793//
f 1793// 1805// 1816//
f 1810// 1793// 1816//
f 2068// 2186// 1982//
f 2056// 2068// 1982//
f 1982// 1810// 1816//
f 1982// 1816// 1825//
f 2038// 2020// 2044//
f 2028// 2038// 2044//
f 1982// 1825// 1840//
f 1840// 1848// 1872//
f 1982// 1840// 1872//
f 2028// 2044// 2056//
f 1968// 1992// 2012//
f 2028// 2056// 1982//
f 2012// 2028// 1982//
f 1982// 1872// 1888//
f 1982// 1888// 1930//
f 1968// 2012// 1982//
f 1982// 1930// 1958//
f 1982// 1958// 1968//
f 1761// 1785// 1809//
f 1809// 1833// 1855//
f 1855// 1905// 1961//
f 1961// 1981// 2049//
f 2049// 2073// 2099//
f 2105// 2117// 2115//
f 2049// 2099// 2105//
f 1809// 1855// 1961//
f 1757// 1761// 1809//
f 1743// 1695// 1721//
f 1721// 1757// 1809//
f 1961// 2049// 2105//
f 2105// 2115// 2121//
f 2121// 2147// 2149//
f 2149// 2157// 2169//
f 2169// 2173// 2185//
f 2185// 2189// 2109//
f 2185// 2109// 2141//
f 2149// 2169// 2185//
f 1961// 2105// 2121//
f 2121// 2149// 2185//
f 2185// 2141// 2127//
f 2127// 2091// 2085//
f 2185// 2127// 2085//
f 1743// 1721// 1809//
f 1767// 1743// 1809//
f 2121// 2185// 2085//
f 2121// 2085// 2067//
f 1779// 1767// 1809//
f 1814// 1803// 1791//
f 1791// 1779// 1809//
f 2121// 2067// 2055//
f 2043// 2019// 2037//
f 2121// 2055// 2043//
f 1814// 1791// 1809//
f 1823// 1814// 1809//
f 2121// 2043// 2037//
f 2121// 2037// 2027//
f 1823// 1809// 1961//
f 1871// 1847// 1838//
f 1838// 1823// 1961//
f 2121// 2027// 2011//
f 2011// 1991// 1967//
f 2121// 2011// 1967//
f 1871// 1838// 1961//
f 1887// 1871// 1961//
f 1961// 2121// 1967//
f 1961// 1967// 1957//
f 1929// 1887// 1961//
f 1961// 1957// 1929//
f 2149// 2150// 2158//
f 2149// 2158// 2157//
f 2485// 2501// 2513//
f 2425// 2437// 2445//
f 2593// 2609// 2633//
f 2633// 2647// 2657//
f 2657// 2665// 2669//
f 2661// 2653// 2649//
f 2657// 2669// 2661//
f 2593// 2633// 2657//
f 2573// 2593// 2657//
f 2657// 2661// 2649//
f 2649// 2641// 2637//
f 2637// 2631// 2627//
f 2637// 2627// 2617//
f 2657// 2649// 2637//
f 2545// 2573// 2657//
f 2525// 2545// 2657//
f 2657// 2637// 2617//
f 2657// 2617// 2601//
f 2513// 2525// 2657//
f 2485// 2513// 2657//
f 2485// 2657// 2601//
f 2465// 2485// 2601//
f 2587// 2581// 2565//
f 2465// 2601// 2587//
f 2457// 2465// 2587//
f 2457// 2587// 2565//
f 2445// 2457// 2565//
f 2445// 2565// 2561//
f 2425// 2445// 2561//
f 2557// 2553// 2533//
f 2425// 2561// 2557//
f 2413// 2425// 2557//
f 2557// 2533// 2509//
f 2557// 2509// 2481//
f 2397// 2413// 2557//
f 2358// 2369// 2381//
f 2381// 2397// 2557//
f 2557// 2481// 2453//
f 2421// 2405// 2393//
f 2557// 2453// 2421//
f 2358// 2381// 2557//
f 2210// 2261// 2309//
f 2309// 2358// 2557//
f 2421// 2393// 2377//
f 2309// 2557// 2421//
f 2210// 2309// 2421//
f 2421// 2377// 2366//
f 2366// 2349// 2282//
f 2282// 2241// 2197//
f 2197// 1985// 1917//
f 1917// 1861// 1829//
f 1829// 1797// 1774//
f 1774// 1651// 853//
f 1774// 853// 849//
f 1917// 1829// 1774//
f 2282// 2197// 1917//
f 2421// 2366// 2282//
f 2161// 2210// 2421//
f 1913// 1941// 2002//
f 2002// 2161// 2421//
f 2421// 2282// 1917//
f 1917// 1774// 849//
f 1917// 849// 845//
f 2002// 2421// 1917//
f 1901// 1913// 2002//
f 1877// 1865// 1857//
f 1857// 1901// 2002//
f 1917// 845// 837//
f 1917// 837// 817//
f 1857// 2002// 1917//
f 1881// 1877// 1857//
f 1897// 1893// 1881//
f 1921// 1909// 1897//
f 1973// 1949// 1937//
f 1937// 1921// 1897//
f 1897// 1881// 1857//
f 1917// 817// 797//
f 1917// 797// 785//
f 1937// 1897// 1857//
f 1917// 785// 761//
f 1917// 761// 737//
f 1917// 737// 717//
f 1998// 1973// 1937//
f 2062// 1998// 1937//
f 2062// 1937// 1857//
f 618// 615// 565//
f 565// 568// 588//
f 588// 622// 677//
f 588// 677// 729//
f 618// 565// 588//
f 630// 618// 588//
f 633// 630// 588//
f 653// 633// 588//
f 653// 588// 729//
f 673// 653// 729//
f 657// 600// 546//
f 689// 673// 729//
f 717// 689// 729//
f 2234// 2225// 2205//
f 2221// 2234// 2205//
f 2221// 2205// 2193//
f 2245// 2237// 2229//
f 2229// 2221// 2193//
f 2229// 2193// 2177//
f 2269// 2254// 2245//
f 2245// 2229// 2177//
f 2245// 2177// 2078//
f 2274// 2269// 2245//
f 2285// 2277// 2274//
f 2297// 2294// 2285//
f 2301// 2297// 2285//
f 2274// 2245// 2078//
f 2301// 2285// 2274//
f 2321// 2317// 2305//
f 2305// 2301// 2274//
f 2274// 2078// 2062//
f 2274// 2062// 1857//
f 2321// 2305// 2274//
f 2333// 2329// 2325//
f 2325// 2321// 2274//
f 2325// 2274// 1857//
f 2337// 2333// 2325//
f 2345// 2341// 2337//
f 2257// 2289// 2345//
f 2202// 2217// 2257//
f 2101// 2133// 2181//
f 2181// 2202// 2257//
f 2257// 2345// 2337//
f 2337// 2325// 1857//
f 546// 518// 482//
f 482// 450// 406//
f 406// 338// 315//
f 291// 263// 223//
f 406// 315// 291//
f 406// 291// 223//
f 191// 155// 127//
f 406// 223// 191//
f 43// 31// 22//
f 22// 10// 2//
f 2// 6// 14//
f 14// 38// 50//
f 50// 102// 138//
f 138// 162// 198//
f 138// 198// 218//
f 2// 14// 50//
f 50// 138// 218//
f 50// 218// 246//
f 22// 2// 50//
f 90// 43// 22//
f 90// 22// 50//
f 90// 50// 246//
f 127// 90// 246//
f 298// 350// 442//
f 127// 246// 298//
f 191// 127// 298//
f 298// 442// 478//
f 478// 534// 645//
f 478// 645// 773//
f 191// 298// 478//
f 406// 191// 478//
f 406// 478// 773//
f 482// 406// 773//
f 482// 773// 875//
f 546// 482// 875//
f 657// 546// 875//
f 729// 657// 875//
f 717// 729// 875//
f 2181// 2257// 2337//
f 2138// 2101// 2181//
f 2082// 2089// 2125//
f 2125// 2138// 2181//
f 717// 875// 999//
f 1917// 717// 999//
f 927// 911// 879//
f 879// 855// 821//
f 821// 777// 741//
f 741// 705// 665//
f 665// 608// 558//
f 665// 558// 510//
f 821// 741// 665//
f 665// 510// 470//
f 470// 418// 378//
f 470// 378// 331//
f 665// 470// 331//
f 2125// 2181// 2337//
f 2082// 2125// 2337//
f 2065// 2082// 2337//
f 2053// 2065// 2337//
f 2041// 2053// 2337//
f 2034// 2017// 2041//
f 2025// 2034// 2041//
f 278// 250// 235//
f 203// 174// 146//
f 278// 235// 203//
f 303// 278// 203//
f 203// 146// 115//
f 82// 74// 62//
f 203// 115// 82//
f 331// 303// 203//
f 203// 82// 62//
f 62// 54// 58//
f 58// 70// 98//
f 98// 110// 142//
f 142// 170// 186//
f 142// 186// 214//
f 58// 98// 142//
f 203// 62// 58//
f 331// 203// 58//
f 58// 142// 214//
f 242// 270// 286//
f 58// 214// 242//
f 665// 331// 58//
f 665// 58// 242//
f 242// 286// 322//
f 322// 354// 426//
f 502// 554// 649//
f 322// 426// 502//
f 665// 242// 322//
f 665// 322// 502//
f 649// 725// 793//
f 665// 502// 649//
f 821// 665// 649//
f 649// 793// 801//
f 833// 871// 903//
f 649// 801// 833//
f 879// 821// 649//
f 927// 879// 649//
f 649// 833// 903//
f 649// 903// 939//
f 955// 927// 649//
f 955// 649// 939//
f 967// 1011// 1035//
f 955// 939// 967//
f 971// 955// 967//
f 967// 1035// 1059//
f 971// 967// 1059//
f 2025// 2041// 2337//
f 1965// 1989// 2009//
f 2009// 2025// 2337//
f 1965// 2009// 2337//
f 1954// 1965// 2337//
f 1954// 2337// 1857//
f 1926// 1954// 1857//
f 999// 971// 1059//
f 1917// 999// 1059//
f 1885// 1926// 1857//
f 1917// 1059// 1167//
f 1869// 1885// 1857//
f 1837// 1845// 1869//
f 1837// 1869// 1857//
f 1107// 1099// 1079//
f 1079// 1067// 1047//
f 1079// 1047// 1019//
f 947// 895// 863//
f 805// 765// 697//
f 947// 863// 805//
f 697// 637// 580//
f 697// 580// 538//
f 430// 391// 366//
f 366// 358// 362//
f 362// 374// 386//
f 386// 398// 438//
f 490// 530// 572//
f 386// 438// 490//
f 366// 362// 386//
f 430// 366// 386//
f 386// 490// 572//
f 626// 685// 753//
f 386// 572// 626//
f 458// 430// 386//
f 494// 458// 386//
f 386// 626// 753//
f 753// 789// 841//
f 841// 891// 923//
f 923// 963// 983//
f 1007// 1027// 1043//
f 923// 983// 1007//
f 386// 753// 841//
f 841// 923// 1007//
f 841// 1007// 1043//
f 494// 386// 841//
f 538// 494// 841//
f 841// 1043// 1055//
f 1055// 1063// 1095//
f 1055// 1095// 1127//
f 538// 841// 1055//
f 697// 538// 1055//
f 1055// 1127// 1143//
f 1143// 1187// 1203//
f 1203// 1199// 1195//
f 1143// 1203// 1195//
f 697// 1055// 1143//
f 805// 697// 1143//
f 1143// 1195// 1207//
f 1223// 1227// 1231//
f 1143// 1207// 1223//
f 947// 805// 1143//
f 991// 947// 1143//
f 1143// 1223// 1231//
f 1235// 1239// 1243//
f 1143// 1231// 1235//
f 1019// 991// 1143//
f 1079// 1019// 1143//
f 1143// 1235// 1243//
f 1243// 1247// 1251//
f 1251// 1255// 1259//
f 1259// 1263// 1267//
f 1259// 1267// 1271//
f 1143// 1243// 1251//
f 1251// 1259// 1271//
f 1143// 1251// 1271//
f 1107// 1079// 1143//
f 1119// 1107// 1143//
f 1119// 1143// 1271//
f 1136// 1119// 1271//
f 1147// 1136// 1271//
f 1159// 1147// 1271//
f 1175// 1159// 1271//
f 1821// 1837// 1857//
f 1789// 1801// 1813//
f 1813// 1821// 1857//
f 1167// 1175// 1271//
f 1917// 1167// 1271//
f 1813// 1857// 1917//
f 1789// 1813// 1917//
f 1917// 1271// 1344//
f 1777// 1789// 1917//
f 1765// 1777// 1917//
f 1427// 1440// 1459//
f 1475// 1495// 1519//
f 1427// 1459// 1475//
f 1403// 1427// 1475//
f 1741// 1765// 1917//
f 1685// 1693// 1741//
f 1673// 1657// 1631//
f 1685// 1741// 1917//
f 1682// 1673// 1631//
f 1631// 1685// 1917//
f 1531// 1556// 1579//
f 1579// 1587// 1607//
f 1579// 1607// 1639//
f 1595// 1564// 1539//
f 1508// 1483// 1447//
f 1447// 1420// 1388//
f 1388// 1359// 1335//
f 1319// 1299// 1283//
f 1283// 1275// 1291//
f 1291// 1307// 1315//
f 1315// 1332// 1355//
f 1355// 1371// 1375//
f 1375// 1411// 1435//
f 1435// 1468// 1491//
f 1491// 1503// 1527//
f 1527// 1547// 1571//
f 1604// 1627// 1647//
f 1571// 1604// 1647//
f 1647// 1661// 1677//
f 1677// 1701// 1713//
f 1677// 1713// 1726//
f 1571// 1647// 1677//
f 1435// 1491// 1527//
f 1527// 1571// 1677//
f 1677// 1726// 1733//
f 1737// 1753// 1749//
f 1527// 1677// 1733//
f 1733// 1737// 1749//
f 1733// 1749// 1729//
f 1435// 1527// 1733//
f 1355// 1375// 1435//
f 1291// 1315// 1355//
f 1319// 1283// 1291//
f 1335// 1319// 1291//
f 1291// 1355// 1435//
f 1435// 1733// 1729//
f 1717// 1709// 1706//
f 1435// 1729// 1717//
f 1335// 1291// 1435//
f 1508// 1447// 1388//
f 1388// 1335// 1435//
f 1435// 1717// 1706//
f 1706// 1689// 1682//
f 1631// 1917// 1344//
f 1706// 1682// 1631//
f 1508// 1388// 1435//
f 1539// 1508// 1435//
f 1631// 1344// 1379//
f 1631// 1379// 1403//
f 1539// 1435// 1706//
f 1595// 1539// 1706//
f 1706// 1631// 1403//
f 1706// 1403// 1475//
f 1619// 1595// 1706//
f 1639// 1619// 1706//
f 1706// 1475// 1519//
f 1706// 1519// 1531//
f 1579// 1639// 1706//
f 1531// 1579// 1706//
f 1708// 1711// 1719//
f 1684// 1691// 1708//
f 1659// 1675// 1684//
f 1633// 1659// 1684//
f 1684// 1708// 1719//
f 1633// 1684// 1719//
f 1746// 1698// 1687//
f 1633// 1719// 1731//
f 1751// 1755// 1739//
f 1751// 1739// 1735//
f 1731// 1751// 1735//
f 1728// 1715// 1703//
f 1731// 1735// 1728//
f 1633// 1731// 1728//
f 1728// 1703// 1679//
f 1679// 1663// 1649//
f 1649// 1629// 1606//
f 1573// 1549// 1529//
f 1649// 1606// 1573//
f 1633// 1728// 1679//
f 1679// 1649// 1573//
f 1529// 1505// 1493//
f 1679// 1573// 1529//
f 1679// 1529// 1493//
f 1493// 1469// 1437//
f 1437// 1414// 1378//
f 1378// 1373// 1358//
f 1358// 1333// 1317//
f 1317// 1309// 1293//
f 1293// 1277// 1289//
f 1289// 1305// 1325//
f 1337// 1364// 1394//
f 1293// 1289// 1325//
f 1293// 1325// 1337//
f 1358// 1317// 1293//
f 1437// 1378// 1358//
f 1679// 1493// 1437//
f 1679// 1437// 1358//
f 1358// 1293// 1337//
f 1394// 1426// 1452//
f 1358// 1337// 1394//
f 1817// 1806// 1794//
f 1679// 1358// 1394//
f 1394// 1452// 1488//
f 1394// 1488// 1514//
f 1875// 1851// 1841//
f 1679// 1394// 1514//
f 1544// 1570// 1600//
f 1679// 1514// 1544//
f 1679// 1544// 1600//
f 1679// 1600// 1624//
f 1679// 1624// 1644//
f 1612// 1591// 1584//
f 1633// 1679// 1644//
f 1644// 1612// 1584//
f 1584// 1557// 1538//
f 1525// 1502// 1481//
f 1465// 1446// 1433//
f 1465// 1433// 1409//
f 1481// 1465// 1409//
f 1633// 1644// 1584//
f 1633// 1584// 1538//
f 1633// 1538// 1525//
f 1633// 1525// 1481//
f 1633// 1481// 1409//
f 1633// 1409// 1385//
f 1633// 1385// 1350//
f 1273// 1269// 1265//
f 1265// 1261// 1257//
f 1254// 1249// 1245//
f 1265// 1257// 1254//
f 1273// 1265// 1254//
f 1245// 1241// 1238//
f 1273// 1254// 1245//
f 1273// 1245// 1238//
f 1238// 1233// 1229//
f 1238// 1229// 1225//
f 1273// 1238// 1225//
f 2015// 1995// 1971//
f 1197// 1201// 1205//
f 1205// 1189// 1145//
f 1129// 1097// 1065//
f 1197// 1205// 1145//
f 1129// 1065// 1057//
f 1197// 1145// 1129//
f 1209// 1197// 1129//
f 1129// 1057// 1045//
f 1045// 1030// 1010//
f 986// 966// 926//
f 1045// 1010// 986//
f 1209// 1129// 1045//
f 1225// 1209// 1045//
f 1045// 986// 926//
f 926// 894// 844//
f 844// 792// 756//
f 756// 688// 628//
f 574// 532// 492//
f 756// 628// 574//
f 1045// 926// 844//
f 844// 756// 574//
f 574// 492// 440//
f 440// 400// 388//
f 388// 376// 364//
f 364// 360// 368//
f 368// 393// 436//
f 364// 368// 436//
f 440// 388// 364//
f 844// 574// 440//
f 1225// 1045// 844//
f 1225// 844// 440//
f 440// 364// 436//
f 440// 436// 464//
f 2047// 2023// 2040//
f 2059// 2047// 2040//
f 2059// 2040// 2031//
f 2071// 2059// 2031//
f 2088// 2071// 2031//
f 2131// 2095// 2088//
f 2135// 2103// 2144//
f 2183// 2135// 2144//
f 2219// 2204// 2183//
f 2291// 2259// 2219//
f 2343// 2347// 2291//
f 2331// 2335// 2339//
f 2339// 2343// 2291//
f 2291// 2219// 2183//
f 2183// 2144// 2131//
f 2183// 2131// 2088//
f 2339// 2291// 2183//
f 2327// 2331// 2339//
f 2319// 2323// 2327//
f 2307// 2319// 2327//
f 2327// 2339// 2183//
f 2183// 2088// 2031//
f 2327// 2183// 2031//
f 2303// 2307// 2327//
f 2296// 2299// 2303//
f 2279// 2287// 2296//
f 2256// 2271// 2276//
f 2276// 2279// 2296//
f 2296// 2303// 2327//
f 2327// 2031// 2015//
f 2327// 2015// 1971//
f 2276// 2296// 2327//
f 2247// 2256// 2276//
f 2231// 2239// 2247//
f 2227// 2236// 2223//
f 2207// 2227// 2223//
f 2195// 2207// 2223//
f 2195// 2223// 2231//
f 2179// 2195// 2231//
f 2247// 2276// 2327//
f 2179// 2231// 2247//
f 2080// 2179// 2247//
f 2247// 2327// 1971//
f 2247// 1971// 1960//
f 2064// 2080// 2247//
f 1975// 2000// 2064//
f 1939// 1951// 1975//
f 1911// 1923// 1939//
f 1883// 1895// 1899//
f 1899// 1911// 1939//
f 1939// 1975// 2064//
f 2064// 2247// 1960//
f 2064// 1960// 1932//
f 1939// 2064// 1932//
f 1939// 1932// 1891//
f 1879// 1883// 1899//
f 1899// 1939// 1891//
f 1899// 1891// 1875//
f 1867// 1879// 1899//
f 1859// 1867// 1899//
f 1899// 1875// 1841//
f 1899// 1841// 1826//
f 1859// 1899// 1826//
f 1859// 1826// 1817//
f 1947// 1915// 1903//
f 1859// 1817// 1794//
f 2008// 1947// 1903//
f 1859// 1794// 1782//
f 2008// 1903// 1859//
f 2167// 2008// 1859//
f 1859// 1782// 1770//
f 1859// 1770// 1746//
f 2216// 2167// 1859//
f 2315// 2267// 2216//
f 2387// 2375// 2364//
f 2315// 2216// 1859//
f 1859// 1746// 1687//
f 2449// 2443// 2429//
f 440// 464// 500//
f 544// 586// 644//
f 440// 500// 544//
f 2519// 2507// 2489//
f 1225// 440// 544//
f 544// 644// 704//
f 704// 772// 812//
f 870// 902// 954//
f 812// 870// 954//
f 1225// 544// 704//
f 1225// 704// 812//
f 1225// 812// 954//
f 1225// 954// 998//
f 1026// 1053// 1073//
f 1225// 998// 1026//
f 1225// 1026// 1073//
f 1085// 1106// 1113//
f 1225// 1073// 1085//
f 1273// 1225// 1085//
f 1273// 1085// 1113//
f 1273// 1113// 1125//
f 1273// 1125// 1141//
f 1273// 1141// 1153//
f 1273// 1153// 1165//
f 1273// 1165// 1182//
f 1273// 1182// 1173//
f 1273// 1173// 1061//
f 1061// 1037// 1014//
f 1061// 1014// 970//
f 1061// 970// 942//
f 906// 874// 836//
f 1061// 942// 906//
f 1061// 906// 836//
f 804// 796// 728//
f 836// 804// 728//
f 652// 556// 504//
f 836// 728// 652//
f 1061// 836// 652//
f 504// 428// 356//
f 1061// 652// 504//
f 1061// 504// 356//
f 324// 288// 272//
f 1061// 356// 324//
f 324// 272// 244//
f 216// 188// 172//
f 216// 172// 144//
f 144// 112// 100//
f 100// 72// 60//
f 60// 56// 64//
f 64// 76// 88//
f 64// 88// 120//
f 100// 60// 64//
f 216// 144// 100//
f 244// 216// 100//
f 100// 64// 120//
f 152// 180// 208//
f 100// 120// 152//
f 324// 244// 100//
f 324// 100// 152//
f 324// 152// 208//
f 324// 208// 240//
f 240// 256// 284//
f 240// 284// 308//
f 2634// 2610// 2596//
f 2658// 2648// 2634//
f 2670// 2666// 2658//
f 2650// 2654// 2662//
f 2662// 2670// 2658//
f 2658// 2634// 2596//
f 2658// 2596// 2576//
f 2650// 2662// 2658//
f 2638// 2642// 2650//
f 2628// 2632// 2638//
f 2618// 2628// 2638//
f 2638// 2650// 2658//
f 2658// 2576// 2548//
f 2658// 2548// 2528//
f 2618// 2638// 2658//
f 2602// 2618// 2658//
f 2658// 2528// 2519//
f 2658// 2519// 2489//
f 2602// 2658// 2489//
f 2602// 2489// 2469//
f 2566// 2582// 2588//
f 2588// 2602// 2469//
f 2588// 2469// 2461//
f 2566// 2588// 2461//
f 2566// 2461// 2449//
f 2562// 2566// 2449//
f 2562// 2449// 2429//
f 2534// 2554// 2558//
f 2558// 2562// 2429//
f 2558// 2429// 2419//
f 2511// 2534// 2558//
f 2483// 2511// 2558//
f 2558// 2419// 2401//
f 2558// 2401// 2387//
f 2455// 2483// 2558//
f 2395// 2407// 2423//
f 2423// 2455// 2558//
f 2558// 2387// 2364//
f 2558// 2364// 2315//
f 2379// 2395// 2423//
f 2423// 2558// 2315//
f 2423// 2315// 1859//
f 2368// 2379// 2423//
f 2284// 2351// 2368//
f 2199// 2243// 2284//
f 1919// 1987// 2199//
f 1831// 1863// 1919//
f 1776// 1799// 1831//
f 854// 1652// 1776//
f 852// 854// 1776//
f 1776// 1831// 1919//
f 1919// 2199// 2284//
f 2284// 2368// 2423//
f 2284// 2423// 1859//
f 1776// 1919// 2284//
f 848// 852// 1776//
f 840// 848// 1776//
f 1776// 2284// 1859//
f 1776// 1859// 1687//
f 820// 840// 1776//
f 800// 820// 1776//
f 1776// 1687// 1633//
f 1776// 1633// 1350//
f 788// 800// 1776//
f 764// 788// 1776//
f 1776// 1350// 1273//
f 1776// 1273// 1061//
f 740// 764// 1776//
f 740// 1776// 1061//
f 324// 240// 308//
f 336// 384// 424//
f 324// 308// 336//
f 720// 740// 1061//
f 692// 720// 1061//
f 324// 336// 424//
f 324// 424// 476//
f 566// 616// 620//
f 590// 570// 566//
f 684// 624// 590//
f 736// 684// 590//
f 590// 566// 620//
f 590// 620// 632//
f 590// 632// 636//
f 590// 636// 656//
f 736// 590// 656//
f 736// 656// 676//
f 552// 606// 664//
f 736// 676// 692//
f 324// 476// 516//
f 564// 614// 672//
f 324// 516// 564//
f 488// 524// 552//
f 412// 456// 488//
f 320// 344// 412//
f 228// 268// 296//
f 296// 320// 412//
f 228// 296// 412//
f 132// 160// 196//
f 196// 228// 412//
f 24// 36// 48//
f 4// 12// 24//
f 16// 8// 4//
f 52// 40// 16//
f 140// 104// 52//
f 200// 164// 140//
f 220// 200// 140//
f 52// 16// 4//
f 220// 140// 52//
f 248// 220// 52//
f 52// 4// 24//
f 24// 48// 96//
f 52// 24// 96//
f 248// 52// 96//
f 248// 96// 132//
f 444// 352// 300//
f 300// 248// 132//
f 300// 132// 196//
f 480// 444// 300//
f 648// 536// 480//
f 776// 648// 480//
f 480// 300// 196//
f 480// 196// 412//
f 776// 480// 412//
f 776// 412// 488//
f 878// 776// 488//
f 878// 488// 552//
f 878// 552// 664//
f 878// 664// 736//
f 878// 736// 692//
f 324// 564// 672//
f 672// 712// 748//
f 748// 784// 828//
f 828// 860// 886//
f 886// 918// 934//
f 672// 748// 828//
f 1061// 324// 672//
f 1006// 878// 692//
f 1006// 692// 1061//
f 1061// 672// 828//
f 1061// 828// 886//
f 978// 1006// 1061//
f 962// 978// 1061//
f 1061// 886// 934//
f 1061// 934// 962//
f 1721// 1723// 1759//
f 1721// 1759// 1757//
f 1759// 1763// 1761//
f 1759// 1761// 1757//
f 1977// 1933// 1934//
f 1977// 1934// 1978//
f 2477// 2493// 2497//
f 2497// 2521// 2539//
f 2539// 2541// 2569//
f 2569// 2599// 2613//
f 2613// 2621// 2605//
f 2613// 2605// 2594//
f 2539// 2569// 2613//
f 2477// 2497// 2539//
f 2433// 2473// 2477//
f 2389// 2409// 2433//
f 2250// 2354// 2389//
f 1933// 1977// 2153//
f 2153// 2250// 2389//
f 2389// 2433// 2477//
f 2477// 2539// 2613//
f 2613// 2594// 2574//
f 2613// 2574// 2546//
f 1943// 1933// 2153//
f 2005// 1943// 2153//
f 2477// 2613// 2546//
f 2477// 2546// 2526//
f 2005// 2153// 2389//
f 2163// 2005// 2389//
f 2477// 2526// 2515//
f 2515// 2503// 2486//
f 2477// 2515// 2486//
f 2214// 2163// 2389//
f 2312// 2264// 2214//
f 2383// 2371// 2361//
f 2312// 2214// 2389//
f 2361// 2312// 2389//
f 2477// 2486// 2466//
f 2477// 2466// 2458//
f 2383// 2361// 2389//
f 2398// 2383// 2389//
f 2477// 2458// 2446//
f 2446// 2439// 2426//
f 2415// 2398// 2389//
f 2477// 2446// 2426//
f 2426// 2415// 2389//
f 2426// 2389// 2477//
f 2153// 1977// 1978//
f 2153// 1978// 2154//
f 2542// 2540// 2522//
f 2498// 2494// 2478//
f 2542// 2522// 2498//
f 2600// 2570// 2542//
f 2622// 2614// 2600//
f 2595// 2606// 2622//
f 2575// 2595// 2622//
f 2622// 2600// 2542//
f 2542// 2498// 2478//
f 2478// 2474// 2434//
f 2434// 2410// 2390//
f 2390// 2353// 2249//
f 2154// 1978// 1934//
f 2390// 2249// 2154//
f 2478// 2434// 2390//
f 2622// 2542// 2478//
f 2547// 2575// 2622//
f 2527// 2547// 2622//
f 2154// 1934// 1944//
f 2154// 1944// 2006//
f 2527// 2622// 2478//
f 2487// 2504// 2516//
f 2516// 2527// 2478//
f 2390// 2154// 2006//
f 2390// 2006// 2164//
f 2487// 2516// 2478//
f 2467// 2487// 2478//
f 2390// 2164// 2213//
f 2213// 2263// 2311//
f 2362// 2372// 2384//
f 2390// 2213// 2311//
f 2390// 2311// 2362//
f 2459// 2467// 2478//
f 2427// 2440// 2447//
f 2447// 2459// 2478//
f 2390// 2362// 2384//
f 2390// 2384// 2399//
f 2427// 2447// 2478//
f 2390// 2399// 2416//
f 2416// 2427// 2478//
f 2478// 2390// 2416//
f 2540// 2542// 2541//
f 2540// 2541// 2539//
f 2353// 2354// 2250//
f 2353// 2250// 2249//
f 2477// 2478// 2494//
f 2477// 2494// 2493//
f 2149// 2099// 2100//
f 2149// 2100// 2150//
f 588// 590// 624//
f 588// 624// 622//
f 677// 622// 624//
f 624// 684// 682//
f 682// 680// 677//
f 624// 682// 677//
f 316// 340// 408//
f 408// 452// 484//
f 484// 520// 548//
f 548// 602// 660//
f 660// 693// 592//
f 592// 506// 414//
f 660// 592// 414//
f 548// 660// 414//
f 484// 548// 414//
f 292// 316// 408//
f 408// 484// 414//
f 408// 414// 326//
f 264// 292// 408//
f 224// 264// 408//
f 408// 326// 274//
f 230// 182// 135//
f 408// 274// 230//
f 192// 224// 408//
f 130// 158// 192//
f 192// 408// 230//
f 135// 66// 18//
f 192// 230// 135//
f 130// 192// 135//
f 135// 18// 27//
f 27// 34// 46//
f 92// 130// 135//
f 135// 27// 46//
f 135// 46// 92//
f 568// 570// 590//
f 568// 590// 588//
f 565// 566// 570//
f 565// 570// 568//
f 1297// 1397// 1395//
f 1297// 1395// 1295//
f 849// 853// 854//
f 849// 854// 852//
f 618// 620// 616//
f 618// 616// 615//
f 80// 79// 107//
f 80// 107// 108//
f 1093// 1091// 1087//
f 1093// 1087// 1090//
f 1215// 1091// 1093//
f 1215// 1093// 1217//
f 692// 689// 717//
f 692// 717// 720//
f 27// 18// 20//
f 27// 20// 28//
f 730// 680// 682//
f 682// 735// 752//
f 752// 749// 730//
f 682// 752// 730//
f 677// 680// 730//
f 677// 730// 729//
f 682// 684// 736//
f 682// 736// 735//
f 735// 662// 696//
f 735// 696// 752//
f 660// 730// 749//
f 660// 749// 693//
