# Blender 5.2.1 LTS
# www.blender.org
mtllib the vordo.mtl
o Frame
v -0.189224 -0.013600 0.247098
v -0.189224 -0.033175 0.247098
v -0.240906 -0.033174 0.261931
v -0.240906 -0.013600 0.261931
v -0.278397 -0.033174 0.275820
v -0.278397 -0.013600 0.275820
v -0.163480 -0.013600 0.227335
v -0.163480 -0.033175 0.227335
v -0.146667 -0.013600 0.215032
v -0.146668 -0.033175 0.215032
v -0.120785 -0.013600 0.192400
v -0.120785 -0.033175 0.192400
v -0.093299 -0.013600 0.169902
v -0.093299 -0.033175 0.169902
v -0.064506 -0.013600 0.140866
v -0.064506 -0.033175 0.140866
v -0.039030 -0.013600 0.117193
v -0.039030 -0.033175 0.117193
v -0.005695 -0.013600 0.083413
v -0.005695 -0.033175 0.083413
v -0.064506 0.022602 0.140866
v -0.064506 0.039174 0.140866
v -0.039030 0.039174 0.117193
v -0.039030 0.022601 0.117193
v -0.093299 0.022602 0.169902
v -0.093299 0.039174 0.169902
v -0.240905 0.039174 0.261931
v -0.189224 0.039174 0.247098
v -0.189224 0.022602 0.247098
v -0.240905 0.022602 0.261931
v -0.120785 0.022602 0.192400
v -0.120785 0.039174 0.192400
v -0.146667 0.022602 0.215033
v -0.146667 0.039174 0.215033
v -0.358648 0.022602 0.307324
v -0.358648 0.039174 0.307324
v -0.315097 0.039174 0.291219
v -0.315097 0.022602 0.291219
v -0.163480 0.039174 0.227335
v -0.163480 0.022602 0.227335
v -0.278397 0.022602 0.275820
v -0.278397 0.039174 0.275820
v -0.413277 0.022602 0.327554
v -0.413277 0.039174 0.327554
v -0.512159 0.022602 0.362091
v -0.512159 0.039174 0.362091
v -0.455983 0.039174 0.342975
v -0.455983 0.022602 0.342975
v -0.565367 0.039174 0.381816
v -0.565367 0.022602 0.381816
v -0.708376 0.022603 0.427664
v -0.708376 0.039174 0.427664
v -0.680578 0.039174 0.420104
v -0.680578 0.022602 0.420104
v -0.623520 0.039174 0.402210
v -0.623520 0.022602 0.402210
v -0.711317 0.039174 0.430174
v -0.710494 0.022603 0.429472
v -0.708376 -0.013599 0.427664
v -0.708376 -0.033174 0.427664
v -0.711317 -0.033174 0.430174
v -0.710494 -0.013599 0.429471
v -0.722615 -0.033174 0.474550
v -0.699631 -0.033174 0.467051
v -0.699631 0.039174 0.467051
v -0.722615 0.039174 0.474550
v -0.654820 -0.033174 0.451971
v -0.654819 0.039174 0.451971
v -0.608046 -0.033174 0.439713
v -0.553746 -0.033174 0.421629
v -0.553746 0.039174 0.421629
v -0.608046 0.039174 0.439713
v -0.504571 -0.033174 0.408314
v -0.504571 0.039174 0.408314
v -0.454001 -0.033174 0.389067
v -0.454001 0.039174 0.389067
v -0.418321 -0.033174 0.373817
v -0.418321 0.039174 0.373817
v -0.365964 -0.033174 0.354673
v -0.365964 0.039174 0.354673
v -0.294029 -0.033174 0.332538
v -0.294029 0.039174 0.332538
v -0.228360 -0.033175 0.312997
v -0.228360 0.039174 0.312997
v -0.170227 -0.033175 0.294290
v -0.147208 -0.033175 0.284641
v -0.147208 0.039174 0.284642
v -0.170227 0.039174 0.294290
v -0.110289 -0.033175 0.262502
v -0.110289 0.039174 0.262502
v -0.045270 -0.033175 0.195462
v -0.045269 0.039173 0.195462
v 0.017967 -0.033175 0.135597
v 0.017967 0.039173 0.135597
v 0.063777 -0.033175 0.097296
v 0.063777 0.039173 0.097297
v -0.680578 -0.013599 0.420104
v -0.680578 -0.033174 0.420104
v -0.623520 -0.013599 0.402210
v -0.623520 -0.033174 0.402210
v -0.565367 -0.013599 0.381816
v -0.565367 -0.033174 0.381816
v -0.512159 -0.013599 0.362090
v -0.512159 -0.033174 0.362090
v -0.455983 -0.013599 0.342975
v -0.455983 -0.033174 0.342975
v -0.413277 -0.013599 0.327554
v -0.413277 -0.033174 0.327554
v -0.358649 -0.013599 0.307324
v -0.358649 -0.033174 0.307324
v -0.315097 -0.013600 0.291219
v -0.315097 -0.033174 0.291219
v -0.637939 0.022602 0.428529
v -0.637939 -0.013599 0.428529
v -0.711548 -0.013599 0.448867
v -0.711548 0.022603 0.448868
v -0.562220 -0.013599 0.401278
v -0.562220 0.022602 0.401278
v -0.478292 -0.013599 0.372602
v -0.478292 0.022602 0.372602
v -0.400271 -0.013599 0.343507
v -0.400271 0.022602 0.343507
v -0.339593 0.022602 0.321535
v -0.339593 -0.013600 0.321535
v -0.269302 0.022602 0.296212
v -0.269302 -0.013600 0.296212
v -0.188865 -0.013600 0.270068
v -0.188865 0.022602 0.270068
v -0.129994 -0.013600 0.226534
v -0.129993 0.022602 0.226534
v -0.069266 0.022601 0.170887
v -0.069266 -0.013600 0.170887
v -0.021884 -0.013600 0.123081
v -0.021884 0.022601 0.123081
v 0.003378 -0.013600 0.083840
v 0.003378 0.022601 0.083840
v 0.173902 -0.013600 0.125791
v 0.186530 -0.013600 0.083900
v 0.113831 -0.013600 0.080636
v 0.094432 -0.013600 0.105173
v 0.149789 -0.013600 0.119395
v 0.108047 -0.013601 0.298817
v 0.146918 -0.013600 0.202446
v 0.043970 -0.013601 0.460137
v 0.079274 -0.013601 0.375214
v -0.080905 -0.013601 0.690859
v -0.016869 -0.013601 0.604764
v 0.010048 -0.013601 0.537104
v 0.138474 -0.013600 0.167949
v -0.154608 -0.013601 0.786518
v -0.285374 -0.013600 0.959514
v -0.229276 -0.013601 0.887220
v -0.500714 -0.013600 1.235258
v -0.433945 -0.013600 1.152568
v -0.359715 -0.013600 1.054384
v 0.122177 -0.013600 0.217125
v 0.103160 -0.013600 0.269447
v 0.089317 -0.013600 0.302604
v 0.073833 -0.013600 0.343392
v -0.631933 -0.013600 1.369803
v -0.608041 -0.013600 1.371080
v -0.569141 -0.013600 1.319016
v 0.058615 -0.013600 0.379555
v 0.040998 -0.013601 0.424178
v -0.628952 -0.013600 1.366538
v -0.572697 -0.013600 1.297095
v 0.020419 -0.013601 0.471878
v 0.002589 -0.013601 0.513568
v -0.018307 -0.013601 0.557783
v -0.035956 -0.013601 0.603441
v -0.063469 -0.013601 0.635073
v -0.091104 -0.013601 0.674504
v -0.120911 -0.013601 0.715148
v -0.435087 -0.013600 1.127722
v -0.480227 -0.013600 1.180991
v -0.523982 -0.013600 1.236744
v -0.147828 -0.013601 0.751126
v -0.181806 -0.013601 0.794504
v -0.214575 -0.013601 0.838225
v -0.248751 -0.013600 0.885986
v -0.324589 -0.013600 0.983042
v -0.361392 -0.013600 1.029014
v -0.396225 -0.013600 1.076327
v -0.290991 -0.013600 0.940079
v 0.149789 0.022601 0.119395
v 0.094432 0.022601 0.105173
v 0.113831 0.022601 0.080636
v 0.186531 0.022601 0.083900
v 0.173902 0.022601 0.125791
v 0.146918 0.022601 0.202446
v 0.108047 0.022601 0.298818
v 0.079274 0.022601 0.375214
v 0.043970 0.022601 0.460137
v 0.010048 0.022601 0.537104
v -0.016869 0.022601 0.604764
v -0.080905 0.022601 0.690859
v 0.138474 0.022601 0.167949
v -0.154608 0.022601 0.786518
v -0.229276 0.022601 0.887220
v -0.285374 0.022601 0.959514
v -0.359715 0.022601 1.054384
v -0.433944 0.022601 1.152568
v -0.500714 0.022601 1.235258
v 0.122177 0.022601 0.217125
v 0.073833 0.022601 0.343392
v 0.089317 0.022601 0.302604
v 0.103160 0.022601 0.269447
v -0.569141 0.022601 1.319016
v -0.608041 0.022601 1.371080
v -0.631933 0.022601 1.369803
v 0.040998 0.022601 0.424178
v 0.058615 0.022601 0.379555
v -0.628952 0.022601 1.366538
v -0.572697 0.022601 1.297095
v 0.002589 0.022601 0.513568
v 0.020419 0.022601 0.471878
v -0.035956 0.022601 0.603441
v -0.018307 0.022601 0.557783
v -0.091104 0.022601 0.674504
v -0.063469 0.022601 0.635073
v -0.120911 0.022601 0.715148
v -0.523981 0.022601 1.236744
v -0.480227 0.022601 1.180991
v -0.435087 0.022601 1.127722
v -0.147828 0.022601 0.751126
v -0.214575 0.022601 0.838225
v -0.181806 0.022601 0.794504
v -0.248751 0.022601 0.885986
v -0.396225 0.022601 1.076327
v -0.361392 0.022601 1.029014
v -0.324589 0.022601 0.983042
v -0.290991 0.022601 0.940079
v 0.255116 0.022601 0.148134
v 0.308883 0.022601 0.164086
v 0.308883 0.039173 0.164086
v 0.229609 -0.033175 0.140567
v 0.308882 -0.033175 0.164086
v 0.308882 -0.013601 0.164086
v 0.255116 -0.013601 0.148134
v 0.229609 0.039173 0.140567
v -0.011385 0.022599 1.644916
v -0.066245 0.022599 1.778165
v -0.117479 0.022599 1.894830
v -0.164871 0.022599 2.000510
v -0.194195 0.022599 2.068942
v -0.224813 0.022599 2.066799
v 0.142250 0.022600 1.273069
v 0.088519 0.022600 1.408569
v 0.040614 0.022599 1.521250
v -0.205602 0.022599 2.025069
v -0.180338 0.022599 1.973183
v 0.245852 0.022600 0.998193
v 0.203571 0.022600 1.121650
v 0.289691 0.022600 0.817720
v 0.279229 0.022600 0.902058
v 0.317365 0.022600 0.561039
v 0.305378 0.022600 0.706295
v 0.340679 0.022600 0.262682
v 0.331847 0.022600 0.415692
v 0.343948 0.022601 0.141252
v 0.344365 0.022601 0.174026
v 0.257901 0.022601 0.133540
v -0.157584 0.022599 1.922242
v -0.136594 0.022599 1.874690
v 0.309297 0.022600 0.263661
v -0.109353 0.022599 1.811998
v -0.077051 0.022599 1.734441
v -0.047795 0.022599 1.666240
v 0.308347 0.022600 0.367194
v 0.300922 0.022600 0.488172
v -0.018341 0.022600 1.598104
v 0.011345 0.022600 1.525200
v 0.037669 0.022600 1.463971
v 0.291968 0.022600 0.602599
v 0.279785 0.022600 0.717095
v 0.059794 0.022600 1.408201
v 0.085758 0.022600 1.342672
v 0.118055 0.022600 1.264452
v 0.254505 0.022600 0.900210
v 0.260442 0.022600 0.858986
v 0.269247 0.022600 0.801520
v 0.149284 0.022600 1.184783
v 0.216816 0.022600 1.003097
v 0.243002 0.022600 0.931475
v 0.182582 0.022600 1.098081
v 0.343948 -0.013601 0.141252
v 0.344365 -0.013601 0.174026
v 1.198825 -0.013605 1.888225
v 1.207145 -0.013605 2.056189
v 1.207145 0.022596 2.056189
v 1.198825 0.022596 1.888225
v 0.450412 0.022600 0.205318
v 0.506200 0.022600 0.223935
v 0.506200 0.039172 0.223935
v 0.420850 -0.033176 0.195452
v 0.506199 -0.033176 0.223935
v 0.506200 -0.013601 0.223935
v 0.450412 -0.013601 0.205318
v 0.420850 0.039172 0.195453
v 0.443534 -0.013604 2.651963
v 0.436289 -0.013604 2.684492
v 0.472421 -0.013605 2.685281
v 0.488641 -0.013604 2.594782
v 0.509413 -0.013604 2.467312
v 0.525286 -0.013604 2.372689
v 0.545964 -0.013604 2.219395
v 0.574085 -0.013604 2.008383
v 0.605539 -0.013604 1.831337
v 0.635715 -0.013604 1.608670
v 0.486917 -0.013604 2.406272
v 0.464391 -0.013604 2.526831
v 0.539681 -0.013604 2.063059
v 0.521690 -0.013604 2.178439
v 0.506169 -0.013604 2.287529
v 0.656028 -0.013603 1.441885
v 0.571378 -0.013604 1.850650
v 0.555992 -0.013604 1.947048
v 0.678257 -0.013603 1.255090
v 0.682669 -0.013603 1.161941
v 0.669533 -0.013603 0.932907
v 0.651561 -0.013603 0.805306
v 0.627513 -0.013602 0.630723
v 0.586099 -0.013602 0.397880
v 0.587764 -0.013604 1.741658
v 0.603458 -0.013603 1.638723
v 0.554487 -0.013602 0.246553
v 0.545480 -0.013602 0.207100
v 0.539173 -0.013602 0.313314
v 0.642249 -0.013603 1.337296
v 0.629459 -0.013603 1.433990
v 0.619214 -0.013603 1.531413
v 0.550117 -0.013602 0.367146
v 0.652433 -0.013603 1.244248
v 0.558576 -0.013602 0.415874
v 0.569113 -0.013602 0.477109
v 0.579141 -0.013602 0.515938
v 0.586635 -0.013602 0.550096
v 0.595256 -0.013602 0.608921
v 0.606153 -0.013602 0.678522
v 0.660515 -0.013603 1.146578
v 0.637573 -0.013603 0.909967
v 0.642080 -0.013603 0.977962
v 0.645359 -0.013603 1.006819
v 0.616370 -0.013602 0.750237
v 0.628023 -0.013603 0.840081
v 0.554487 0.022600 0.246553
v 0.545480 0.022600 0.207100
v 0.053302 -0.033175 0.020941
v 0.053302 0.039173 0.020941
v 0.056615 0.039173 0.010019
v 0.056615 -0.033175 0.010019
v 0.047922 0.039173 0.031007
v 0.047922 -0.033175 0.031006
v 0.040681 -0.033175 0.039829
v 0.040682 0.039173 0.039829
v 0.031859 -0.033175 0.047069
v 0.031859 0.039173 0.047070
v 0.021793 -0.033175 0.052450
v 0.021794 0.039173 0.052450
v 0.010872 -0.033175 0.055763
v -0.000486 -0.033174 0.056881
v -0.000486 0.039173 0.056881
v 0.010872 0.039173 0.055763
v 0.774644 -0.033176 0.070306
v 0.668136 -0.033176 -0.000000
v 0.668136 0.039172 -0.000000
v 0.774644 0.039172 0.070306
v 0.856989 -0.033176 0.138020
v 0.856989 0.039172 0.138020
v 0.936632 -0.033177 0.210237
v 0.936632 0.039171 0.210237
v 1.013835 -0.033177 0.287109
v 1.013835 0.039171 0.287109
v 1.087435 -0.033177 0.366233
v 1.087436 0.039171 0.366233
v 1.159197 -0.033177 0.446977
v 1.159197 0.039171 0.446977
v 1.083626 -0.033177 0.628781
v 1.122603 -0.033178 0.674307
v 1.122603 -0.013604 0.674307
v 1.101618 -0.013604 0.650427
v 1.122603 0.022598 0.674307
v 1.122604 0.039171 0.674307
v 1.083626 0.039171 0.628781
v 1.101618 0.022598 0.650427
v 1.073233 -0.033177 0.612587
v 1.073234 0.039171 0.612587
v 0.700931 0.022599 0.325710
v 0.700931 0.039172 0.325710
v 0.698752 0.039172 0.315465
v 0.698752 -0.033176 0.315464
v 0.700931 -0.033176 0.325710
v 0.700931 -0.013602 0.325710
v 0.654417 -0.033176 0.293359
v 0.654417 0.039172 0.293359
v 0.149789 0.039173 0.119395
v 0.149789 -0.033175 0.119395
v -0.011845 -0.033174 0.055763
v -0.011845 0.039173 0.055763
v -0.041654 0.039174 0.039829
v -0.032832 0.039174 0.047070
v -0.032832 -0.033174 0.047069
v -0.041654 -0.033174 0.039829
v -0.057588 0.039174 0.010019
v -0.054275 0.039174 0.020941
v -0.054275 -0.033174 0.020941
v -0.057588 -0.033174 0.010019
v -0.048895 -0.033174 0.031006
v -0.048895 0.039174 0.031007
v -0.022766 0.039174 0.052450
v -0.022766 -0.033174 0.052450
v 0.058615 0.039173 0.379555
v 0.073833 0.039173 0.343392
v -0.005695 0.039173 0.083413
v -0.005695 0.022601 0.083413
v 0.122177 0.039173 0.217125
v 0.138474 0.039173 0.167949
v 0.103161 0.039173 0.269447
v 0.089317 0.039173 0.302604
v 0.040998 0.039173 0.424178
v 0.020419 0.039173 0.471878
v 0.002590 0.039173 0.513568
v -0.120911 0.039173 0.715148
v -0.091104 0.039173 0.674504
v -0.018307 0.039173 0.557783
v -0.035956 0.039173 0.603441
v -0.147828 0.039173 0.751126
v -0.063469 0.039173 0.635073
v -0.181806 0.039173 0.794504
v -0.214575 0.039173 0.838225
v -0.248751 0.039173 0.885986
v -0.480227 0.039173 1.180991
v -0.435087 0.039173 1.127722
v -0.290990 0.039173 0.940079
v -0.324589 0.039173 0.983042
v -0.361392 0.039173 1.029014
v -0.523981 0.039173 1.236744
v -0.396224 0.039173 1.076327
v -0.572697 0.039173 1.297095
v -0.628952 0.039173 1.366538
v -0.628952 -0.033175 1.366538
v -0.633336 0.039173 1.371340
v -0.633337 -0.033175 1.371340
v -0.633974 -0.033175 1.485250
v -0.616570 -0.033175 1.460380
v -0.616570 0.039173 1.460380
v -0.633974 0.039173 1.485250
v -0.588339 -0.033175 1.425295
v -0.588339 0.039173 1.425295
v -0.546625 -0.033175 1.373361
v -0.546625 0.039173 1.373361
v -0.500491 -0.033175 1.316586
v -0.500491 0.039173 1.316586
v -0.463860 -0.033175 1.267998
v -0.463860 0.039173 1.267998
v -0.432251 -0.033175 1.225602
v -0.432250 0.039173 1.225602
v -0.389679 -0.033175 1.170646
v -0.389679 0.039173 1.170646
v -0.356774 -0.033175 1.129053
v -0.356774 0.039173 1.129053
v -0.319193 -0.033175 1.080952
v -0.319193 0.039173 1.080952
v -0.272320 -0.033175 1.020034
v -0.272320 0.039173 1.020034
v -0.227969 -0.033175 0.963407
v -0.227969 0.039173 0.963407
v -0.181743 -0.033175 0.900782
v -0.181743 0.039173 0.900782
v -0.133009 -0.033175 0.832079
v -0.133009 0.039173 0.832079
v -0.093047 -0.033175 0.778646
v -0.093046 0.039173 0.778646
v -0.044829 -0.033175 0.710841
v -0.044829 0.039173 0.710841
v -0.008095 -0.033175 0.665111
v -0.008095 0.039173 0.665111
v 0.027877 -0.033175 0.618382
v 0.027878 0.039173 0.618382
v 0.036367 -0.033175 0.582922
v 0.036367 0.039173 0.582922
v 0.046307 -0.033175 0.547874
v 0.046307 0.039173 0.547874
v 0.063461 -0.033175 0.514088
v 0.063462 0.039173 0.514088
v 0.087962 -0.033175 0.459927
v 0.087962 0.039173 0.459927
v 0.111535 -0.033175 0.408114
v 0.111535 0.039173 0.408114
v 0.136454 -0.033175 0.356161
v 0.136454 0.039173 0.356161
v 0.170551 -0.033175 0.285657
v 0.170551 0.039173 0.285657
v 0.200279 -0.033175 0.222271
v 0.200279 0.039173 0.222271
v 0.138474 -0.033175 0.167949
v 0.122177 -0.033175 0.217125
v 0.103160 -0.033175 0.269447
v 0.089317 -0.033175 0.302604
v 0.073833 -0.033175 0.343392
v 0.058615 -0.033175 0.379555
v 0.040998 -0.033175 0.424178
v 0.020419 -0.033175 0.471878
v 0.002589 -0.033175 0.513568
v -0.018307 -0.033175 0.557783
v -0.035956 -0.033175 0.603441
v -0.063469 -0.033175 0.635073
v -0.091104 -0.033175 0.674504
v -0.120911 -0.033175 0.715148
v -0.147829 -0.033175 0.751126
v -0.181806 -0.033175 0.794504
v -0.214575 -0.033175 0.838225
v -0.248751 -0.033175 0.885986
v -0.290991 -0.033175 0.940079
v -0.324589 -0.033175 0.983042
v -0.361392 -0.033175 1.029014
v -0.396225 -0.033175 1.076327
v -0.435087 -0.033175 1.127722
v -0.480227 -0.033175 1.180991
v -0.523982 -0.033175 1.236744
v -0.572697 -0.033175 1.297095
v 0.309297 -0.033175 0.263661
v 0.309297 -0.013601 0.263661
v 0.308346 -0.033176 0.367194
v 0.308346 -0.013601 0.367194
v 0.300922 -0.033176 0.488172
v 0.300922 -0.013601 0.488172
v 0.291968 -0.033176 0.602599
v 0.291968 -0.013601 0.602599
v 0.279785 -0.033176 0.717095
v 0.279785 -0.013601 0.717095
v 0.269247 -0.033176 0.801520
v 0.269247 -0.013602 0.801520
v 0.260442 -0.033176 0.858986
v 0.260442 -0.013602 0.858986
v 0.254504 -0.033176 0.900210
v 0.254504 -0.013602 0.900210
v 0.243002 -0.033176 0.931474
v 0.243002 -0.013602 0.931475
v 0.216816 -0.033176 1.003097
v 0.216816 -0.013602 1.003097
v 0.182582 -0.033176 1.098081
v 0.182582 -0.013602 1.098081
v 0.149284 -0.033176 1.184783
v 0.149284 -0.013602 1.184783
v 0.118055 -0.033176 1.264452
v 0.118055 -0.013602 1.264452
v 0.085758 -0.033176 1.342672
v 0.085758 -0.013602 1.342672
v 0.059794 -0.033176 1.408201
v 0.059794 -0.013602 1.408201
v 0.037669 -0.033176 1.463971
v 0.037669 -0.013602 1.463971
v 0.011345 -0.033176 1.525200
v 0.011345 -0.013602 1.525200
v -0.018341 -0.033176 1.598104
v -0.018341 -0.013602 1.598104
v -0.047796 -0.033176 1.666240
v -0.047796 -0.013602 1.666240
v -0.077051 -0.033176 1.734441
v -0.077051 -0.013602 1.734441
v -0.109353 -0.033176 1.811998
v -0.109353 -0.013602 1.811998
v -0.136594 -0.033176 1.874690
v -0.136594 -0.013602 1.874690
v -0.157584 -0.033176 1.922242
v -0.157584 -0.013602 1.922242
v -0.180338 -0.033176 1.973183
v -0.180338 -0.013602 1.973183
v -0.205602 -0.033176 2.025069
v -0.205602 -0.013602 2.025069
v -0.205602 0.039172 2.025069
v -0.180338 0.039172 1.973183
v -0.224813 -0.013602 2.066799
v -0.194195 -0.013602 2.068942
v -0.164871 -0.013602 2.000510
v -0.157584 0.039172 1.922242
v -0.136594 0.039172 1.874690
v 0.257900 -0.013601 0.133540
v 0.331847 -0.013601 0.415692
v 0.340679 -0.013601 0.262682
v 0.289691 -0.013602 0.817720
v 0.305378 -0.013601 0.706295
v 0.317365 -0.013601 0.561039
v 0.245852 -0.013602 0.998193
v 0.279229 -0.013602 0.902058
v 0.142250 -0.013602 1.273069
v 0.203571 -0.013602 1.121650
v 0.040614 -0.013602 1.521250
v 0.088518 -0.013602 1.408569
v -0.117480 -0.013602 1.894830
v -0.066246 -0.013602 1.778165
v -0.011385 -0.013602 1.644916
v -0.226670 0.039172 2.070834
v -0.226670 -0.033176 2.070834
v -0.227584 -0.033176 2.077226
v -0.227584 0.039172 2.077226
v 0.279785 0.039172 0.717095
v 0.291968 0.039172 0.602599
v -0.196785 -0.033177 2.224001
v -0.178037 -0.033177 2.177788
v -0.178037 0.039172 2.177788
v -0.196785 0.039172 2.224001
v -0.144671 -0.033177 2.105706
v -0.144671 0.039172 2.105706
v -0.112658 -0.033177 2.036609
v -0.112658 0.039172 2.036609
v -0.082036 -0.033177 1.964775
v -0.082036 0.039172 1.964775
v -0.054592 -0.033177 1.900784
v -0.054592 0.039172 1.900784
v -0.026670 -0.033177 1.836950
v -0.026670 0.039172 1.836950
v 0.004508 -0.033177 1.761492
v 0.004508 0.039172 1.761492
v 0.026784 -0.033177 1.708502
v 0.026784 0.039172 1.708502
v 0.051067 -0.033177 1.646917
v 0.051067 0.039172 1.646917
v 0.079377 -0.033176 1.581887
v 0.079377 0.039172 1.581887
v 0.102104 -0.033176 1.525080
v 0.102104 0.039172 1.525080
v 0.126796 -0.033176 1.472263
v 0.126796 0.039172 1.472263
v 0.142640 -0.033176 1.429714
v 0.142640 0.039172 1.429714
v 0.162956 -0.033176 1.378551
v 0.162956 0.039172 1.378551
v 0.186526 -0.033176 1.319289
v 0.186526 0.039172 1.319289
v 0.204852 -0.033176 1.269504
v 0.204852 0.039172 1.269504
v 0.222345 -0.033176 1.225525
v 0.222345 0.039172 1.225525
v 0.238359 -0.033176 1.186085
v 0.238359 0.039172 1.186085
v 0.258796 -0.033176 1.131439
v 0.258796 0.039172 1.131439
v 0.282257 -0.033176 1.065886
v 0.282257 0.039172 1.065886
v 0.298866 -0.033176 1.020563
v 0.298866 0.039172 1.020563
v 0.320404 -0.033176 0.964161
v 0.320404 0.039172 0.964161
v 0.338418 -0.033176 0.915332
v 0.338418 0.039172 0.915332
v 0.337465 -0.033176 0.880936
v 0.337465 0.039172 0.880936
v 0.335817 -0.033176 0.838122
v 0.335817 0.039172 0.838123
v 0.338947 -0.033176 0.796865
v 0.338948 0.039172 0.796865
v 0.344464 -0.033176 0.752201
v 0.344464 0.039172 0.752201
v 0.351458 -0.033176 0.710440
v 0.351458 0.039172 0.710440
v 0.357382 -0.033176 0.667230
v 0.357382 0.039172 0.667230
v 0.365316 -0.033176 0.608380
v 0.365316 0.039172 0.608380
v 0.373695 -0.033176 0.546813
v 0.373695 0.039172 0.546813
v 0.380434 -0.033176 0.497042
v 0.380435 0.039172 0.497042
v 0.386795 -0.033176 0.451589
v 0.386795 0.039172 0.451589
v 0.393681 -0.033176 0.402270
v 0.393681 0.039172 0.402270
v 0.402222 -0.033176 0.352939
v 0.402222 0.039173 0.352939
v 0.409216 -0.033176 0.311178
v 0.409216 0.039173 0.311178
v 0.414227 -0.033176 0.279561
v 0.414227 0.039173 0.279561
v 0.419086 -0.033176 0.245032
v 0.419086 0.039173 0.245032
v 0.309297 0.039173 0.263661
v 0.308347 0.039173 0.367194
v 0.269247 0.039172 0.801520
v 0.300922 0.039173 0.488172
v 0.216816 0.039172 1.003097
v 0.243002 0.039172 0.931475
v 0.260442 0.039172 0.858986
v 0.182582 0.039172 1.098081
v 0.254505 0.039172 0.900210
v 0.149284 0.039172 1.184783
v 0.118055 0.039172 1.264452
v 0.085758 0.039172 1.342672
v 0.011345 0.039172 1.525200
v 0.037670 0.039172 1.463971
v -0.109353 0.039172 1.811998
v 0.059794 0.039172 1.408201
v -0.018341 0.039172 1.598104
v -0.047795 0.039172 1.666240
v -0.077051 0.039172 1.734441
v 0.673486 -0.033176 0.406216
v 0.673486 0.039172 0.406216
v 0.685917 -0.033176 0.550660
v 0.685917 0.039172 0.550660
v 0.690141 -0.033176 0.642636
v 0.690141 0.039172 0.642636
v 0.699823 -0.033177 0.742071
v 0.699823 0.039172 0.742071
v 0.707533 -0.033177 0.844961
v 0.707533 0.039171 0.844961
v 0.713830 -0.033177 0.918770
v 0.713830 0.039171 0.918770
v 0.722386 -0.033177 1.028067
v 0.722387 0.039171 1.028067
v 0.728921 -0.033177 1.099800
v 0.728921 0.039171 1.099800
v 0.742438 -0.033177 1.151822
v 0.742438 0.039171 1.151822
v 0.750435 -0.033177 1.178501
v 0.750435 0.039171 1.178501
v 0.741852 -0.033177 1.212225
v 0.741852 0.039171 1.212225
v 0.733687 -0.033177 1.260721
v 0.733687 0.039171 1.260721
v 0.724695 -0.033177 1.334888
v 0.724695 0.039171 1.334888
v 0.716030 -0.033178 1.415402
v 0.716030 0.039171 1.415402
v 0.704044 -0.033178 1.506579
v 0.704044 0.039171 1.506579
v 0.689524 -0.033178 1.615344
v 0.689524 0.039170 1.615344
v 0.677067 -0.033178 1.729078
v 0.677067 0.039170 1.729078
v 0.665690 -0.033178 1.828738
v 0.665690 0.039170 1.828738
v 0.654133 -0.033178 1.914619
v 0.654133 0.039170 1.914619
v 0.644143 -0.033178 1.975263
v 0.644143 0.039170 1.975263
v 0.632523 -0.033178 2.050182
v 0.632524 0.039170 2.050182
v 0.620374 -0.033178 2.141252
v 0.620375 0.039170 2.141252
v 0.609176 -0.033178 2.220163
v 0.609176 0.039170 2.220163
v 0.600682 -0.033179 2.294562
v 0.600683 0.039170 2.294562
v 0.591273 -0.033179 2.353958
v 0.591273 0.039170 2.353958
v 0.582371 -0.033179 2.420423
v 0.582371 0.039170 2.420423
v 0.568626 -0.033179 2.498604
v 0.568626 0.039169 2.498604
v 0.553141 -0.033179 2.595867
v 0.553141 0.039169 2.595867
v 0.539013 -0.033179 2.673566
v 0.539013 0.039169 2.673566
v 0.526467 -0.033179 2.752760
v 0.526467 0.039169 2.752760
v 0.512696 -0.033179 2.823490
v 0.512696 0.039169 2.823490
v 0.500354 -0.033179 2.899212
v 0.500354 0.039169 2.899212
v 0.464391 0.022597 2.526831
v 0.464391 0.039170 2.526831
v 0.486918 0.039170 2.406272
v 0.486918 0.022597 2.406272
v 0.506169 0.039170 2.287529
v 0.506169 0.022597 2.287529
v 0.521690 0.039170 2.178439
v 0.521690 0.022597 2.178439
v 0.539681 0.039170 2.063059
v 0.539681 0.022598 2.063059
v 0.555992 0.039170 1.947048
v 0.555992 0.022598 1.947048
v 0.571378 0.039170 1.850650
v 0.571378 0.022598 1.850650
v 0.587764 0.039170 1.741658
v 0.587764 0.022598 1.741658
v 0.603458 0.039171 1.638723
v 0.603458 0.022598 1.638723
v 0.619214 0.039171 1.531413
v 0.619214 0.022598 1.531413
v 0.629459 0.039171 1.433990
v 0.629459 0.022598 1.433990
v 0.642250 0.022598 1.337296
v 0.642250 0.039171 1.337296
v 0.652433 0.039171 1.244248
v 0.652433 0.022598 1.244248
v 0.660516 0.039171 1.146578
v 0.660516 0.022598 1.146578
v 0.645359 0.039171 1.006819
v 0.645359 0.022599 1.006819
v 0.642080 0.039171 0.977962
v 0.642080 0.022599 0.977962
v 0.637573 0.039171 0.909967
v 0.637573 0.022599 0.909967
v 0.628023 0.039172 0.840081
v 0.628023 0.022599 0.840081
v 0.616370 0.039172 0.750237
v 0.616370 0.022599 0.750237
v 0.606153 0.039172 0.678522
v 0.606153 0.022599 0.678522
v 0.595256 0.022599 0.608921
v 0.595256 0.039172 0.608921
v 0.586635 0.039172 0.550096
v 0.586635 0.022599 0.550096
v 0.579141 0.022599 0.515938
v 0.579141 0.039172 0.515938
v 0.569114 0.039172 0.477109
v 0.569114 0.022599 0.477109
v 0.558576 0.022600 0.415874
v 0.558576 0.039172 0.415874
v 0.550117 0.039172 0.367146
v 0.550117 0.022600 0.367146
v 0.539173 0.022600 0.313314
v 0.539173 0.039172 0.313314
v 0.443534 -0.033179 2.651963
v 0.435444 0.039169 2.688285
v 0.443534 0.039169 2.651963
v 0.443534 0.022597 2.651963
v 0.436289 0.022597 2.684492
v 0.435444 -0.033179 2.688285
v 0.586099 0.022600 0.397880
v 0.627513 0.022599 0.630723
v 0.651561 0.022599 0.805306
v 0.669533 0.022599 0.932907
v 0.682669 0.022598 1.161941
v 0.678257 0.022598 1.255090
v 0.656028 0.022598 1.441885
v 0.635715 0.022598 1.608670
v 0.605539 0.022598 1.831337
v 0.574085 0.022598 2.008383
v 0.545964 0.022597 2.219395
v 0.525286 0.022597 2.372689
v 0.509413 0.022597 2.467312
v 0.488641 0.022597 2.594782
v 0.472421 0.022597 2.685281
v 0.464391 -0.033179 2.526831
v 0.486917 -0.033179 2.406272
v 0.506169 -0.033178 2.287529
v 0.521690 -0.033178 2.178439
v 0.539681 -0.033178 2.063059
v 0.555992 -0.033178 1.947048
v 0.571378 -0.033178 1.850650
v 0.587764 -0.033178 1.741658
v 0.603458 -0.033178 1.638723
v 0.619214 -0.033178 1.531413
v 0.629459 -0.033177 1.433990
v 0.642249 -0.033177 1.337296
v 0.652433 -0.033177 1.244248
v 0.660515 -0.033177 1.146578
v 0.645358 -0.033177 1.006819
v 0.642080 -0.033177 0.977962
v 0.637573 -0.033177 0.909967
v 0.628023 -0.033177 0.840081
v 0.616370 -0.033177 0.750237
v 0.606153 -0.033176 0.678522
v 0.595256 -0.033176 0.608921
v 0.586635 -0.033176 0.550096
v 0.579141 -0.033176 0.515938
v 0.569113 -0.033176 0.477109
v 0.558576 -0.033176 0.415874
v 0.550117 -0.033176 0.367146
v 0.539173 -0.033176 0.313314
v 1.090213 -0.033177 0.807940
v 1.078075 -0.033177 0.766733
v 1.078075 0.039171 0.766733
v 1.090213 0.039171 0.807940
v 1.107930 -0.033178 0.870951
v 1.107930 0.039171 0.870951
v 1.124182 -0.033178 0.922886
v 1.124182 0.039170 0.922886
v 1.148022 -0.033178 1.003261
v 1.148023 0.039170 1.003261
v 1.170066 -0.033178 1.080896
v 1.170067 0.039170 1.080896
v 1.183792 -0.033178 1.133087
v 1.183792 0.039170 1.133087
v 1.199330 -0.033178 1.184212
v 1.199330 0.039170 1.184212
v 1.238696 -0.033178 1.302756
v 1.238696 0.039170 1.302756
v 1.250056 -0.033179 1.332765
v 1.250056 0.039170 1.332765
v 1.263462 -0.033179 1.359619
v 1.263462 0.039170 1.359619
v 1.288546 -0.033179 1.406455
v 1.288547 0.039169 1.406455
v 1.290435 -0.033179 1.410155
v 1.290435 0.039169 1.410155
v 1.287852 -0.033179 1.457002
v 1.287852 0.039169 1.457002
v 1.289454 -0.033179 1.500742
v 1.289455 0.039169 1.500742
v 1.293193 -0.033179 1.544297
v 1.293193 0.039169 1.544297
v 1.299171 -0.033179 1.635724
v 1.299171 0.039169 1.635724
v 1.310969 -0.033179 1.751667
v 1.310969 0.039169 1.751667
v 1.320540 -0.033179 1.860294
v 1.320541 0.039169 1.860294
v 1.327978 -0.033180 1.953575
v 1.327978 0.039169 1.953575
v 1.338997 -0.033180 2.067487
v 1.338997 0.039168 2.067487
v 1.345093 -0.033180 2.133679
v 1.345093 0.039168 2.133679
v 1.352970 -0.033180 2.258270
v 1.352971 0.039168 2.258270
v 1.358031 -0.033180 2.339437
v 1.358031 0.039168 2.339437
v 1.362440 -0.033180 2.434307
v 1.362441 0.039168 2.434307
v 1.367693 -0.033180 2.538617
v 1.367693 0.039168 2.538617
v 1.374771 -0.033181 2.659191
v 1.374771 0.039168 2.659191
v 1.378992 -0.033181 2.780436
v 1.378993 0.039167 2.780436
v 1.381535 -0.033181 2.887371
v 1.381536 0.039167 2.887371
v 1.384680 -0.033181 2.959102
v 1.384680 0.039167 2.959102
v 1.385594 -0.033181 3.032615
v 1.385594 0.039167 3.032615
v 1.386669 -0.033181 3.141269
v 1.386669 0.039167 3.141269
v 1.388576 -0.033181 3.243821
v 1.388576 0.039167 3.243821
v 1.390004 -0.033182 3.392620
v 1.390004 0.039167 3.392620
v 1.238836 -0.033181 3.222868
v 1.263214 -0.033181 3.306803
v 1.263214 0.039167 3.306803
v 1.238836 0.039167 3.222868
v 1.210077 -0.013607 3.130663
v 1.212513 -0.013606 3.020965
v 1.212512 -0.033181 3.020965
v 1.209978 0.039167 3.135118
v 1.212513 0.039167 3.020965
v 1.212513 0.022595 3.020965
v 1.210077 0.022595 3.130663
v 1.209978 -0.033181 3.135118
v 1.211287 0.039167 2.906389
v 1.211287 0.022595 2.906389
v 1.212341 -0.033181 3.143115
v 1.212341 0.039167 3.143115
v 1.205935 0.039168 2.749137
v 1.205935 0.022595 2.749137
v 1.202109 0.039168 2.591325
v 1.202109 0.022596 2.591325
v 1.187903 0.039168 2.295978
v 1.187903 0.022596 2.295978
v 1.179545 0.039169 2.140929
v 1.179545 0.022596 2.140929
v 1.176258 0.039169 2.082094
v 1.176258 0.022596 2.082094
v 1.174432 0.039169 2.057801
v 1.174432 0.022596 2.057801
v 1.175811 0.022596 2.045642
v 1.175811 0.039169 2.045642
v 1.175805 0.039169 2.033969
v 1.175805 0.022596 2.033969
v 1.174175 0.039169 2.009259
v 1.174175 0.022596 2.009259
v 1.160380 0.039169 1.819237
v 1.160379 0.022597 1.819237
v 1.140290 0.039169 1.533163
v 1.140290 0.022597 1.533163
v 1.126155 0.039170 1.414737
v 1.126155 0.022597 1.414737
v 1.095700 0.039170 1.303684
v 1.095700 0.022597 1.303684
v 1.048220 0.039170 1.154272
v 1.048220 0.022598 1.154272
v 0.887560 0.022599 0.711587
v 0.887560 0.039171 0.711587
v 0.861838 0.039171 0.652124
v 0.861838 0.022599 0.652124
v 1.023408 0.039170 1.077965
v 1.023408 0.022598 1.077965
v 0.995384 0.039170 1.004223
v 0.995383 0.022598 1.004223
v 0.947368 0.039171 0.870940
v 0.947368 0.022598 0.870940
v 0.910316 0.039171 0.771448
v 0.910316 0.022599 0.771448
v 0.834242 0.039171 0.584264
v 0.834242 0.022599 0.584264
v 0.803880 0.039172 0.518283
v 0.803880 0.022599 0.518283
v 0.764581 0.039172 0.437781
v 0.764581 0.022599 0.437781
v 0.742065 0.039172 0.395394
v 0.742065 0.022599 0.395394
v 0.760982 0.022599 0.355495
v 0.760982 -0.013602 0.355495
v 0.820113 -0.013602 0.481559
v 0.820114 0.022599 0.481559
v 0.742065 -0.033176 0.395394
v 0.742065 -0.013602 0.395394
v 0.764581 -0.033176 0.437781
v 0.764581 -0.013602 0.437781
v 0.803880 -0.033177 0.518283
v 0.803880 -0.013602 0.518283
v 0.834242 -0.033177 0.584263
v 0.834242 -0.013602 0.584263
v 0.861838 -0.033177 0.652124
v 0.861838 -0.013603 0.652124
v 0.887560 -0.033177 0.711587
v 0.887560 -0.013603 0.711587
v 0.910316 -0.033177 0.771448
v 0.910316 -0.013603 0.771448
v 0.947368 -0.033177 0.870940
v 0.947368 -0.013603 0.870940
v 0.995383 -0.033178 1.004223
v 0.995383 -0.013603 1.004223
v 1.023408 -0.033178 1.077965
v 1.023408 -0.013604 1.077965
v 1.048220 -0.033178 1.154272
v 1.048220 -0.013604 1.154272
v 1.095700 -0.033178 1.303684
v 1.095700 -0.013604 1.303684
v 1.126155 -0.033179 1.414737
v 1.126155 -0.013604 1.414737
v 1.140290 -0.033179 1.533163
v 1.140290 -0.013604 1.533163
v 1.160379 -0.033179 1.819237
v 1.160379 -0.013605 1.819237
v 1.174175 -0.033179 2.009259
v 1.174175 -0.013605 2.009259
v 1.175805 -0.033179 2.033969
v 1.175805 -0.013605 2.033969
v 1.175810 -0.033179 2.045642
v 1.175811 -0.013605 2.045642
v 1.174432 -0.033179 2.057801
v 1.174432 -0.013605 2.057801
v 1.176258 -0.033180 2.082094
v 1.176258 -0.013605 2.082094
v 1.179545 -0.033180 2.140929
v 1.179545 -0.013605 2.140929
v 1.187903 -0.033180 2.295978
v 1.187903 -0.013605 2.295978
v 1.202109 -0.033180 2.591325
v 1.202109 -0.013606 2.591325
v 1.205935 -0.033181 2.749137
v 1.205935 -0.013606 2.749137
v 1.211286 -0.033181 2.906389
v 1.211287 -0.013606 2.906389
v 1.246118 0.022595 3.132079
v 1.246118 -0.013607 3.132079
v 1.239909 -0.013607 3.023149
v 1.239909 0.022595 3.023149
v 1.238451 -0.013606 2.860897
v 1.238451 0.022595 2.860897
v 1.234099 -0.013606 2.600689
v 1.234099 0.022595 2.600689
v 1.222555 -0.013606 2.339900
v 1.222555 0.022596 2.339900
v 1.176597 -0.013605 1.650925
v 1.176597 0.022597 1.650925
v 1.153969 -0.013604 1.409456
v 1.153969 0.022597 1.409456
v 1.127912 -0.013604 1.310475
v 1.127912 0.022597 1.310475
v 1.074534 0.022598 1.147396
v 1.074534 -0.013604 1.147396
v 1.010014 -0.013603 0.964562
v 1.010014 0.022598 0.964562
v 0.943584 -0.013603 0.776192
v 0.943584 0.022598 0.776192
v 0.872073 -0.013603 0.599946
v 0.872073 0.022599 0.599946
v 1.021963 -0.033177 0.572459
v 1.010735 -0.033177 0.535814
v 1.010736 0.039171 0.535814
v 1.021964 0.039171 0.572459
v 1.032851 -0.033177 0.609215
v 1.032851 0.039171 0.609216
v 1.044727 -0.033177 0.650030
v 1.044727 0.039171 0.650030
v 1.056124 -0.033177 0.688596
v 1.056124 0.039171 0.688597
v 1.067477 -0.033177 0.730814
v 1.067478 0.039171 0.730815
v 0.722761 -0.013602 0.336538
v 0.722761 0.022600 0.336538
v 1.965785 -0.013608 2.698062
v 1.965785 -0.033182 2.698062
v 2.002926 -0.033182 2.996557
v 2.002926 -0.013609 2.996557
v 2.026846 -0.033183 3.190166
v 2.026846 -0.013609 3.190166
v 1.925174 -0.013608 2.378307
v 1.925174 -0.033181 2.378307
v 1.895637 -0.013607 2.176144
v 1.895637 -0.033181 2.176144
v 1.946026 0.022594 2.324878
v 1.903099 0.022594 2.039110
v 1.903099 -0.013607 2.039110
v 1.946026 -0.013608 2.324878
v 2.000048 -0.013608 2.686515
v 2.000048 0.022593 2.686515
v 1.962654 0.022593 2.436084
v 1.962654 -0.013608 2.436084
v 2.038451 -0.013609 2.997467
v 2.038451 0.022592 2.997467
v 2.063176 -0.013609 3.208665
v 2.063176 0.022592 3.208665
v 2.081956 -0.013609 3.374382
v 2.081956 0.022592 3.374382
v 2.043158 0.022592 3.371257
v 2.043158 -0.013609 3.371257
v 2.152000 -0.033183 3.548810
v 2.152000 0.039165 3.548810
v 2.044662 0.039165 3.387956
v 2.044662 -0.033183 3.387956
v 2.317070 -0.033184 3.770808
v 2.289607 -0.033184 3.603621
v 2.289607 0.039164 3.603621
v 2.317070 0.039164 3.770808
v 2.262985 -0.033184 3.440746
v 2.262985 0.039165 3.440746
v 2.235375 -0.033183 3.273708
v 2.235375 0.039165 3.273708
v 2.209184 -0.033183 3.107408
v 2.209184 0.039165 3.107408
v 2.180785 -0.033183 2.946084
v 2.180785 0.039166 2.946084
v 2.151149 -0.033182 2.766066
v 2.151149 0.039166 2.766066
v 2.091563 -0.033182 2.422965
v 2.091563 0.039166 2.422965
v 2.063221 -0.033182 2.266926
v 2.063221 0.039167 2.266926
v 2.039660 -0.033181 2.103015
v 2.039660 0.039167 2.103015
v 2.020842 -0.033181 1.951658
v 2.020842 0.039167 1.951658
v 2.002946 -0.033181 1.792784
v 2.002946 0.039167 1.792784
v 1.992226 -0.033181 1.713695
v 1.992226 0.039168 1.713695
v 1.986067 -0.033181 1.633400
v 1.986067 0.039168 1.633400
v 1.980090 -0.033180 1.552351
v 1.980090 0.039168 1.552351
v 1.975351 -0.033180 1.470607
v 1.975351 0.039168 1.470607
v 1.926511 -0.033180 1.429326
v 1.926511 0.039168 1.429326
v 1.880399 -0.033180 1.383082
v 1.880399 0.039168 1.383082
v 1.828855 -0.033180 1.328224
v 1.828855 0.039168 1.328224
v 1.781486 -0.033180 1.273879
v 1.781486 0.039169 1.273879
v 1.702999 -0.033179 1.170185
v 1.703000 0.039169 1.170185
v 1.622131 -0.033179 1.051365
v 1.622131 0.039169 1.051365
v 1.563978 -0.033179 0.970248
v 1.563978 0.039169 0.970248
v 1.505550 -0.033179 0.887772
v 1.505550 0.039170 0.887772
v 1.442476 -0.033178 0.804131
v 1.442476 0.039170 0.804131
v 1.394224 -0.033178 0.737530
v 1.394224 0.039170 0.737531
v 1.340382 -0.033178 0.668327
v 1.340382 0.039170 0.668327
v 1.295926 -0.033178 0.609203
v 1.295927 0.039170 0.609203
v 1.256361 -0.033178 0.563447
v 1.256361 0.039171 0.563447
v 1.174065 0.022597 0.728175
v 1.174065 0.039171 0.728175
v 1.272645 0.039170 0.838322
v 1.223263 0.039170 0.782502
v 1.223263 0.022597 0.782502
v 1.272645 0.022597 0.838322
v 1.319039 0.022597 0.894512
v 1.319039 0.039170 0.894512
v 1.424448 0.039170 1.017232
v 1.373262 0.039170 0.954292
v 1.373262 0.022597 0.954292
v 1.424448 0.022596 1.017232
v 1.473468 0.022596 1.083437
v 1.473468 0.039169 1.083437
v 1.523304 0.022596 1.150184
v 1.523305 0.039169 1.150184
v 1.599611 0.022596 1.253131
v 1.599611 0.039169 1.253131
v 1.672118 0.039169 1.358259
v 1.672118 0.022595 1.358259
v 1.751158 0.022595 1.491516
v 1.751158 0.039168 1.491516
v 1.715713 0.039169 1.424063
v 1.715713 0.022595 1.424063
v 1.784979 0.039168 1.561417
v 1.770785 0.039168 1.525917
v 1.770785 0.022595 1.525917
v 1.784979 0.022595 1.561417
v 1.895637 0.022594 2.176144
v 1.895637 0.039167 2.176144
v 1.872130 0.039167 2.031241
v 1.872130 0.022594 2.031241
v 1.801571 0.022595 1.631412
v 1.801571 0.039168 1.631412
v 1.965785 0.039166 2.698062
v 1.925174 0.039167 2.378307
v 1.925174 0.022594 2.378307
v 1.965785 0.022593 2.698062
v 1.839983 0.039168 1.832090
v 1.839983 0.022595 1.832090
v 2.002926 0.022593 2.996557
v 2.002926 0.039166 2.996557
v 2.026846 0.022592 3.190166
v 2.026846 0.039165 3.190166
v 1.411739 -0.013605 0.957015
v 1.527010 -0.013605 1.112238
v 1.527010 0.022596 1.112238
v 1.411739 0.022596 0.957015
v 1.624339 -0.013606 1.240491
v 1.624339 0.022596 1.240491
v 1.729863 -0.013606 1.388824
v 1.729863 0.022595 1.388824
v 1.818396 -0.013607 1.544729
v 1.818396 0.022595 1.544729
v 1.840658 -0.013607 1.675140
v 1.853148 -0.013607 1.748302
v 1.853148 0.022595 1.748302
v 1.840658 0.022595 1.675140
v 1.822207 -0.013607 1.567054
v 1.822207 0.022595 1.567054
v 1.174065 -0.033178 0.728175
v 1.174065 -0.013604 0.728175
v 1.223262 -0.033178 0.782502
v 1.223263 -0.013604 0.782502
v 1.272645 -0.033178 0.838322
v 1.272645 -0.013604 0.838322
v 1.319039 -0.033178 0.894512
v 1.319039 -0.013605 0.894512
v 1.373262 -0.033178 0.954292
v 1.373262 -0.013605 0.954292
v 1.424448 -0.033179 1.017232
v 1.424448 -0.013605 1.017232
v 1.473468 -0.033179 1.083437
v 1.473468 -0.013605 1.083437
v 1.523304 -0.033179 1.150184
v 1.523304 -0.013605 1.150184
v 1.599611 -0.033179 1.253131
v 1.599611 -0.013606 1.253131
v 1.672118 -0.033180 1.358259
v 1.672118 -0.013606 1.358259
v 1.715713 -0.033180 1.424063
v 1.715713 -0.013606 1.424063
v 1.751158 -0.033180 1.491516
v 1.751158 -0.013606 1.491516
v 1.770785 -0.033180 1.525917
v 1.770785 -0.013606 1.525917
v 1.784979 -0.033180 1.561417
v 1.784979 -0.013606 1.561417
v 1.801571 -0.033180 1.631412
v 1.801571 -0.013607 1.631412
v 1.839983 -0.033181 1.832090
v 1.839983 -0.013607 1.832090
v 1.872130 -0.033181 2.031241
v 1.872130 -0.013607 2.031241
v 1.299471 0.022597 0.821230
v 1.216507 0.022597 0.734351
v 1.216507 -0.013604 0.734351
v 1.299471 -0.013605 0.821230
v -0.726517 -0.033174 0.447341
v -0.726516 0.039174 0.447341
v -0.734001 -0.033174 0.461803
v -0.734001 0.039174 0.461803
v -0.732631 -0.033174 0.471357
v -0.732631 0.039174 0.471357
v -0.644872 -0.033175 1.415707
v -0.644871 0.039173 1.415707
v -0.649043 -0.033175 1.452935
v -0.649043 0.039173 1.452935
v -0.645217 -0.033175 1.477355
v -0.645217 0.039173 1.477355
v 2.211231 -0.033184 3.635641
v 2.211231 0.039165 3.635641
v 2.263401 -0.033184 3.708322
v 2.263401 0.039164 3.708322
v 2.300566 -0.033184 3.755786
v 2.300566 0.039164 3.755786
v 0.485089 0.039169 2.883723
v 0.485088 -0.033179 2.883723
v 0.467392 0.039169 2.838199
v 0.467392 -0.033179 2.838199
v 0.449959 0.039169 2.769571
v 0.449959 -0.033179 2.769571
v -0.210346 0.039172 2.214559
v -0.210346 -0.033177 2.214559
v -0.220962 0.039172 2.183350
v -0.220962 -0.033177 2.183350
v -0.227015 0.039172 2.135125
v -0.227015 -0.033177 2.135125
v 1.351127 0.039167 3.384064
v 1.351127 -0.033182 3.384064
v 1.313380 0.039167 3.364752
v 1.313380 -0.033182 3.364752
v 1.282509 0.039167 3.337621
v 1.282509 -0.033181 3.337621
v 1.216240 0.022596 2.227077
v 1.210781 0.022596 2.144853
v 1.212524 0.022596 2.169035
v 1.210022 0.022596 2.114280
v 1.210765 0.022596 2.129266
v 1.210661 0.022596 2.133799
v 0.752728 0.022599 0.337899
v 0.752728 -0.013602 0.337899
v 1.210661 -0.013605 2.133799
v 1.210765 -0.013605 2.129266
v 1.210022 -0.013605 2.114280
v 1.210781 -0.013605 2.144853
v 1.216240 -0.013605 2.227077
v 1.212524 -0.013605 2.169035
v 0.057734 -0.033175 -0.000000
v -0.087047 -0.033174 -0.000000
v -0.058707 -0.033174 -0.000000
v -0.076343 -0.033174 0.049373
v -0.084815 -0.033174 0.021264
v -0.029977 -0.033174 0.082271
v -0.057447 -0.033174 0.070394
v 0.057734 0.039173 -0.000000
v -0.058707 0.039174 -0.000000
v -0.087047 0.039174 -0.000000
v -0.084815 0.039174 0.021264
v -0.076343 0.039174 0.049373
v -0.057446 0.039174 0.070394
v -0.029976 0.039174 0.082271
v 1.149704 -0.013604 0.654692
v 1.149704 0.022597 0.654692
v -0.029977 -0.013600 0.082271
v -0.029976 0.013602 0.082271
v -0.189224 -0.013600 -0.247098
v -0.240906 -0.013600 -0.261931
v -0.240906 -0.033174 -0.261931
v -0.189224 -0.033175 -0.247098
v -0.278397 -0.013600 -0.275820
v -0.278397 -0.033174 -0.275820
v -0.163480 -0.013600 -0.227335
v -0.163480 -0.033175 -0.227335
v -0.146667 -0.013600 -0.215033
v -0.146668 -0.033175 -0.215033
v -0.120785 -0.013600 -0.192400
v -0.120785 -0.033175 -0.192400
v -0.093299 -0.013600 -0.169902
v -0.093299 -0.033175 -0.169902
v -0.064506 -0.013600 -0.140866
v -0.064506 -0.033175 -0.140866
v -0.039030 -0.013600 -0.117193
v -0.039030 -0.033175 -0.117193
v -0.005695 -0.013600 -0.083413
v -0.005695 -0.033175 -0.083413
v -0.064506 0.022602 -0.140866
v -0.039030 0.022601 -0.117193
v -0.039030 0.039174 -0.117193
v -0.064506 0.039174 -0.140866
v -0.093299 0.022602 -0.169902
v -0.093299 0.039174 -0.169902
v -0.240905 0.039174 -0.261931
v -0.240905 0.022602 -0.261931
v -0.189224 0.022602 -0.247098
v -0.189224 0.039174 -0.247098
v -0.120785 0.022602 -0.192400
v -0.120785 0.039174 -0.192400
v -0.146667 0.022602 -0.215033
v -0.146667 0.039174 -0.215033
v -0.358648 0.022602 -0.307324
v -0.315097 0.022602 -0.291219
v -0.315097 0.039174 -0.291219
v -0.358648 0.039174 -0.307324
v -0.163480 0.022602 -0.227335
v -0.163480 0.039174 -0.227335
v -0.278397 0.022602 -0.275820
v -0.278397 0.039174 -0.275820
v -0.413277 0.022602 -0.327554
v -0.413277 0.039174 -0.327554
v -0.512159 0.022602 -0.362091
v -0.455983 0.022602 -0.342975
v -0.455983 0.039174 -0.342975
v -0.512159 0.039174 -0.362091
v -0.565367 0.039174 -0.381816
v -0.565367 0.022602 -0.381816
v -0.708376 0.022603 -0.427664
v -0.680578 0.022603 -0.420104
v -0.680578 0.039174 -0.420104
v -0.708376 0.039175 -0.427664
v -0.623520 0.022602 -0.402210
v -0.623520 0.039174 -0.402210
v -0.711317 -0.033174 -0.430174
v -0.708376 -0.033174 -0.427664
v -0.708376 -0.013599 -0.427664
v -0.710494 -0.013599 -0.429472
v -0.711317 0.039175 -0.430174
v -0.710494 0.022603 -0.429472
v -0.722615 -0.033174 -0.474550
v -0.722615 0.039175 -0.474550
v -0.699631 0.039174 -0.467052
v -0.699631 -0.033174 -0.467051
v -0.654819 0.039174 -0.451971
v -0.654820 -0.033174 -0.451971
v -0.608046 -0.033174 -0.439713
v -0.608046 0.039174 -0.439713
v -0.553746 0.039174 -0.421629
v -0.553746 -0.033174 -0.421629
v -0.504571 0.039174 -0.408314
v -0.504571 -0.033174 -0.408314
v -0.454001 0.039174 -0.389067
v -0.454001 -0.033174 -0.389067
v -0.418321 0.039174 -0.373817
v -0.418321 -0.033174 -0.373817
v -0.365964 0.039174 -0.354673
v -0.365964 -0.033174 -0.354673
v -0.294029 0.039174 -0.332538
v -0.294029 -0.033174 -0.332538
v -0.228360 0.039174 -0.312997
v -0.228360 -0.033174 -0.312997
v -0.170227 -0.033175 -0.294290
v -0.170227 0.039174 -0.294290
v -0.147208 0.039174 -0.284642
v -0.147208 -0.033175 -0.284642
v -0.110289 0.039174 -0.262502
v -0.110289 -0.033175 -0.262502
v -0.045269 0.039173 -0.195462
v -0.045270 -0.033175 -0.195462
v 0.017967 0.039173 -0.135597
v 0.017967 -0.033175 -0.135597
v 0.063777 0.039173 -0.097297
v 0.063777 -0.033175 -0.097297
v -0.680578 -0.013599 -0.420104
v -0.680578 -0.033174 -0.420104
v -0.623520 -0.013599 -0.402210
v -0.623520 -0.033174 -0.402210
v -0.565367 -0.013599 -0.381816
v -0.565367 -0.033174 -0.381816
v -0.512159 -0.013599 -0.362091
v -0.512159 -0.033174 -0.362091
v -0.455983 -0.013599 -0.342975
v -0.455983 -0.033174 -0.342975
v -0.413277 -0.013599 -0.327554
v -0.413277 -0.033174 -0.327554
v -0.358649 -0.013599 -0.307324
v -0.358649 -0.033174 -0.307324
v -0.315097 -0.013600 -0.291219
v -0.315097 -0.033174 -0.291219
v -0.637939 0.022602 -0.428529
v -0.711548 0.022603 -0.448868
v -0.711548 -0.013599 -0.448868
v -0.637939 -0.013599 -0.428529
v -0.562220 -0.013599 -0.401278
v -0.562220 0.022602 -0.401278
v -0.478292 -0.013599 -0.372602
v -0.478292 0.022602 -0.372602
v -0.400271 -0.013599 -0.343508
v -0.400271 0.022602 -0.343508
v -0.339593 0.022602 -0.321535
v -0.339593 -0.013599 -0.321535
v -0.269302 -0.013600 -0.296212
v -0.269302 0.022602 -0.296212
v -0.188865 -0.013600 -0.270068
v -0.188865 0.022602 -0.270068
v -0.129993 -0.013600 -0.226534
v -0.129993 0.022602 -0.226534
v -0.069266 0.022601 -0.170887
v -0.069266 -0.013600 -0.170887
v -0.021884 -0.013600 -0.123081
v -0.021884 0.022601 -0.123081
v 0.003378 -0.013600 -0.083840
v 0.003378 0.022601 -0.083840
v 0.113831 -0.013600 -0.080636
v 0.186530 -0.013600 -0.083900
v 0.173902 -0.013600 -0.125791
v 0.146918 -0.013601 -0.202446
v 0.108047 -0.013601 -0.298818
v 0.079274 -0.013601 -0.375214
v 0.043970 -0.013601 -0.460137
v 0.010048 -0.013601 -0.537104
v -0.016869 -0.013601 -0.604764
v -0.080905 -0.013601 -0.690859
v 0.149789 -0.013600 -0.119395
v 0.094432 -0.013600 -0.105173
v -0.154608 -0.013601 -0.786518
v -0.229276 -0.013601 -0.887220
v -0.285374 -0.013600 -0.959514
v -0.359715 -0.013600 -1.054384
v -0.433944 -0.013600 -1.152568
v -0.500714 -0.013600 -1.235258
v 0.138474 -0.013600 -0.167949
v 0.122177 -0.013600 -0.217125
v -0.569141 -0.013600 -1.319016
v -0.608041 -0.013600 -1.371080
v -0.631933 -0.013600 -1.369803
v 0.073833 -0.013601 -0.343392
v 0.089317 -0.013601 -0.302604
v 0.103160 -0.013600 -0.269447
v -0.628952 -0.013600 -1.366539
v -0.572697 -0.013600 -1.297095
v 0.040998 -0.013601 -0.424178
v 0.058615 -0.013601 -0.379555
v 0.002589 -0.013601 -0.513568
v 0.020419 -0.013601 -0.471878
v -0.035956 -0.013601 -0.603442
v -0.018307 -0.013601 -0.557783
v -0.091104 -0.013601 -0.674504
v -0.063469 -0.013601 -0.635073
v -0.120911 -0.013601 -0.715148
v -0.523982 -0.013600 -1.236744
v -0.480227 -0.013600 -1.180992
v -0.435087 -0.013600 -1.127722
v -0.147828 -0.013601 -0.751126
v -0.214575 -0.013601 -0.838225
v -0.181806 -0.013601 -0.794504
v -0.248751 -0.013600 -0.885986
v -0.396225 -0.013600 -1.076328
v -0.361392 -0.013600 -1.029014
v -0.324589 -0.013600 -0.983042
v -0.290991 -0.013600 -0.940079
v 0.103160 0.022601 -0.269447
v 0.089317 0.022601 -0.302605
v 0.073833 0.022601 -0.343392
v 0.058615 0.022601 -0.379555
v 0.040998 0.022601 -0.424178
v 0.020419 0.022601 -0.471878
v 0.002589 0.022601 -0.513568
v -0.018307 0.022601 -0.557783
v -0.035956 0.022601 -0.603442
v -0.063469 0.022601 -0.635073
v -0.091104 0.022601 -0.674504
v -0.120911 0.022601 -0.715148
v -0.147828 0.022601 -0.751127
v -0.181806 0.022601 -0.794504
v -0.214575 0.022601 -0.838225
v -0.248751 0.022601 -0.885986
v 0.113831 0.022601 -0.080636
v 0.094432 0.022601 -0.105173
v 0.149789 0.022601 -0.119395
v 0.173902 0.022601 -0.125791
v 0.186531 0.022601 -0.083900
v 0.108047 0.022601 -0.298818
v 0.146918 0.022601 -0.202446
v 0.043970 0.022601 -0.460138
v 0.079274 0.022601 -0.375214
v -0.080905 0.022601 -0.690859
v -0.016869 0.022601 -0.604764
v 0.010048 0.022601 -0.537104
v 0.138474 0.022601 -0.167949
v -0.154608 0.022601 -0.786518
v -0.285374 0.022601 -0.959514
v -0.229276 0.022601 -0.887220
v -0.500714 0.022601 -1.235258
v -0.433944 0.022601 -1.152568
v -0.359715 0.022601 -1.054384
v 0.122177 0.022601 -0.217125
v -0.631933 0.022601 -1.369803
v -0.608041 0.022601 -1.371080
v -0.569141 0.022601 -1.319016
v -0.628952 0.022601 -1.366539
v -0.572697 0.022601 -1.297095
v -0.435087 0.022601 -1.127722
v -0.480227 0.022601 -1.180992
v -0.523981 0.022601 -1.236744
v -0.324589 0.022601 -0.983042
v -0.361392 0.022601 -1.029014
v -0.396224 0.022601 -1.076328
v -0.290990 0.022601 -0.940079
v 0.255116 -0.013601 -0.148134
v 0.308882 -0.013601 -0.164086
v 0.308882 -0.033175 -0.164086
v 0.229609 0.039173 -0.140567
v 0.308883 0.039173 -0.164086
v 0.308882 0.022601 -0.164086
v 0.255116 0.022601 -0.148134
v 0.229609 -0.033175 -0.140567
v 0.040614 0.022599 -1.521250
v 0.088519 0.022599 -1.408569
v 0.142250 0.022599 -1.273069
v 0.203571 0.022600 -1.121651
v 0.245852 0.022600 -0.998193
v 0.279229 0.022600 -0.902058
v 0.289691 0.022600 -0.817720
v 0.305378 0.022600 -0.706296
v 0.317365 0.022600 -0.561039
v 0.331847 0.022600 -0.415692
v 0.340679 0.022600 -0.262682
v 0.344365 0.022600 -0.174026
v 0.343948 0.022601 -0.141252
v 0.257901 0.022601 -0.133540
v -0.117479 0.022599 -1.894830
v -0.066245 0.022599 -1.778165
v -0.011385 0.022599 -1.644916
v 0.309297 0.022600 -0.263661
v -0.224813 0.022599 -2.066799
v -0.194195 0.022599 -2.068942
v -0.164871 0.022599 -2.000510
v 0.308347 0.022600 -0.367194
v 0.300922 0.022600 -0.488172
v -0.205602 0.022599 -2.025068
v -0.180338 0.022599 -1.973183
v 0.291968 0.022600 -0.602600
v 0.279785 0.022600 -0.717095
v -0.157584 0.022599 -1.922242
v -0.136594 0.022599 -1.874690
v 0.269247 0.022600 -0.801520
v 0.260442 0.022600 -0.858986
v 0.254505 0.022600 -0.900210
v -0.047795 0.022599 -1.666240
v -0.077051 0.022599 -1.734441
v -0.109353 0.022599 -1.811999
v 0.243002 0.022600 -0.931475
v 0.216816 0.022600 -1.003097
v 0.182582 0.022600 -1.098081
v 0.037669 0.022599 -1.463971
v 0.011345 0.022599 -1.525200
v -0.018341 0.022599 -1.598104
v 0.149284 0.022600 -1.184783
v 0.118055 0.022600 -1.264452
v 0.085758 0.022600 -1.342672
v 0.059794 0.022599 -1.408201
v 0.344365 -0.013601 -0.174026
v 0.343948 -0.013601 -0.141252
v 1.198825 -0.013605 -1.888225
v 1.198825 0.022596 -1.888225
v 1.207145 0.022596 -2.056189
v 1.207145 -0.013606 -2.056189
v 0.450412 -0.013601 -0.205318
v 0.506200 -0.013602 -0.223935
v 0.506199 -0.033176 -0.223935
v 0.420850 0.039172 -0.195453
v 0.506200 0.039172 -0.223936
v 0.506200 0.022600 -0.223935
v 0.450412 0.022600 -0.205318
v 0.420850 -0.033176 -0.195453
v 0.443534 -0.013605 -2.651963
v 0.464391 -0.013605 -2.526831
v 0.486917 -0.013604 -2.406272
v 0.506169 -0.013604 -2.287529
v 0.521690 -0.013604 -2.178439
v 0.539681 -0.013604 -2.063058
v 0.555992 -0.013604 -1.947047
v 0.571378 -0.013604 -1.850650
v 0.587764 -0.013604 -1.741658
v 0.603458 -0.013604 -1.638723
v 0.619214 -0.013604 -1.531413
v 0.629459 -0.013604 -1.433990
v 0.642249 -0.013603 -1.337296
v 0.645358 -0.013603 -1.006819
v 0.642080 -0.013603 -0.977962
v 0.637573 -0.013603 -0.909967
v 0.628023 -0.013603 -0.840081
v 0.616370 -0.013603 -0.750237
v 0.606153 -0.013602 -0.678522
v 0.595256 -0.013602 -0.608921
v 0.586635 -0.013602 -0.550096
v 0.579141 -0.013602 -0.515938
v 0.569113 -0.013602 -0.477109
v 0.558576 -0.013602 -0.415874
v 0.550117 -0.013602 -0.367146
v 0.660515 -0.013603 -1.146579
v 0.545480 -0.013602 -0.207100
v 0.554487 -0.013602 -0.246553
v 0.586099 -0.013602 -0.397880
v 0.627513 -0.013602 -0.630723
v 0.651560 -0.013603 -0.805306
v 0.669533 -0.013603 -0.932907
v 0.682668 -0.013603 -1.161941
v 0.678257 -0.013603 -1.255090
v 0.656028 -0.013604 -1.441885
v 0.635715 -0.013604 -1.608670
v 0.605539 -0.013604 -1.831337
v 0.574085 -0.013604 -2.008383
v 0.545964 -0.013604 -2.219395
v 0.525286 -0.013605 -2.372689
v 0.539173 -0.013602 -0.313314
v 0.509413 -0.013605 -2.467312
v 0.488640 -0.013605 -2.594782
v 0.472421 -0.013605 -2.685281
v 0.436289 -0.013605 -2.684491
v 0.652433 -0.013603 -1.244248
v 0.554487 0.022600 -0.246553
v 0.545480 0.022600 -0.207100
v 0.053302 -0.033175 -0.020941
v 0.056615 -0.033175 -0.010019
v 0.056615 0.039173 -0.010020
v 0.053302 0.039173 -0.020941
v 0.047922 0.039173 -0.031007
v 0.040682 0.039173 -0.039829
v 0.040681 -0.033175 -0.039829
v 0.047922 -0.033175 -0.031007
v 0.031859 0.039173 -0.047070
v 0.031859 -0.033175 -0.047070
v 0.021794 0.039173 -0.052450
v 0.021793 -0.033175 -0.052450
v 0.010872 -0.033175 -0.055763
v 0.010872 0.039173 -0.055763
v -0.000486 0.039173 -0.056882
v -0.000486 -0.033174 -0.056882
v 0.774644 -0.033176 -0.070306
v 0.774644 0.039172 -0.070306
v 0.856989 -0.033177 -0.138020
v 0.856989 0.039171 -0.138020
v 0.936632 -0.033177 -0.210237
v 0.936632 0.039171 -0.210238
v 1.013835 -0.033177 -0.287109
v 1.013835 0.039171 -0.287109
v 1.087435 -0.033177 -0.366233
v 1.087435 0.039171 -0.366233
v 1.159196 -0.033178 -0.446977
v 1.159197 0.039170 -0.446977
v 1.083626 0.039170 -0.628781
v 1.122603 0.039170 -0.674307
v 1.122603 0.022597 -0.674307
v 1.101618 0.022597 -0.650427
v 1.122603 -0.013604 -0.674307
v 1.122603 -0.033178 -0.674307
v 1.083626 -0.033178 -0.628781
v 1.101618 -0.013604 -0.650427
v 1.073233 -0.033178 -0.612587
v 1.073233 0.039170 -0.612587
v 0.700931 0.022599 -0.325710
v 0.700931 -0.013602 -0.325710
v 0.700931 -0.033176 -0.325710
v 0.698752 -0.033176 -0.315465
v 0.698752 0.039172 -0.315465
v 0.700931 0.039171 -0.325710
v 0.654417 -0.033176 -0.293359
v 0.654417 0.039172 -0.293359
v 0.149789 -0.033175 -0.119395
v 0.149789 0.039173 -0.119396
v -0.011845 0.039173 -0.055763
v -0.011845 -0.033174 -0.055763
v -0.041654 0.039174 -0.039829
v -0.041654 -0.033174 -0.039829
v -0.032832 -0.033174 -0.047070
v -0.032832 0.039174 -0.047070
v -0.057588 0.039174 -0.010020
v -0.057588 -0.033174 -0.010019
v -0.054275 -0.033174 -0.020941
v -0.054275 0.039174 -0.020941
v -0.048895 -0.033174 -0.031007
v -0.048895 0.039174 -0.031007
v -0.022766 0.039174 -0.052450
v -0.022766 -0.033174 -0.052450
v 0.073833 0.039173 -0.343392
v 0.058615 0.039173 -0.379555
v -0.005695 0.022601 -0.083413
v -0.005695 0.039173 -0.083413
v 0.138474 0.039173 -0.167950
v 0.122177 0.039173 -0.217125
v 0.103161 0.039173 -0.269447
v 0.089317 0.039173 -0.302605
v 0.040998 0.039173 -0.424178
v 0.020419 0.039173 -0.471878
v 0.002590 0.039173 -0.513568
v -0.091104 0.039173 -0.674504
v -0.120911 0.039173 -0.715148
v -0.018307 0.039173 -0.557783
v -0.035956 0.039173 -0.603442
v -0.147828 0.039173 -0.751127
v -0.063469 0.039173 -0.635073
v -0.181806 0.039173 -0.794504
v -0.214575 0.039173 -0.838225
v -0.248751 0.039173 -0.885986
v -0.435087 0.039173 -1.127722
v -0.480227 0.039173 -1.180992
v -0.290990 0.039173 -0.940079
v -0.324589 0.039173 -0.983042
v -0.361392 0.039173 -1.029014
v -0.523981 0.039173 -1.236744
v -0.396224 0.039173 -1.076328
v -0.572697 0.039173 -1.297096
v -0.628952 0.039173 -1.366539
v -0.633337 -0.033175 -1.371340
v -0.628952 -0.033175 -1.366539
v -0.633336 0.039173 -1.371340
v -0.633974 -0.033175 -1.485250
v -0.633974 0.039173 -1.485250
v -0.616570 0.039173 -1.460380
v -0.616570 -0.033175 -1.460380
v -0.588339 0.039173 -1.425296
v -0.588339 -0.033175 -1.425296
v -0.546625 0.039173 -1.373361
v -0.546625 -0.033175 -1.373361
v -0.500491 0.039173 -1.316586
v -0.500491 -0.033175 -1.316586
v -0.463860 0.039173 -1.267998
v -0.463860 -0.033175 -1.267998
v -0.432250 0.039173 -1.225602
v -0.432250 -0.033175 -1.225602
v -0.389679 0.039173 -1.170646
v -0.389679 -0.033175 -1.170646
v -0.356774 0.039173 -1.129054
v -0.356774 -0.033175 -1.129053
v -0.319193 0.039173 -1.080952
v -0.319193 -0.033175 -1.080952
v -0.272320 0.039173 -1.020034
v -0.272320 -0.033175 -1.020034
v -0.227969 0.039173 -0.963407
v -0.227969 -0.033175 -0.963407
v -0.181743 0.039173 -0.900782
v -0.181743 -0.033175 -0.900782
v -0.133009 0.039173 -0.832079
v -0.133009 -0.033175 -0.832079
v -0.093046 0.039173 -0.778646
v -0.093047 -0.033175 -0.778646
v -0.044829 0.039173 -0.710841
v -0.044829 -0.033175 -0.710841
v -0.008095 0.039173 -0.665111
v -0.008095 -0.033175 -0.665111
v 0.027878 0.039173 -0.618382
v 0.027877 -0.033175 -0.618382
v 0.036367 0.039173 -0.582922
v 0.036367 -0.033175 -0.582922
v 0.046307 0.039173 -0.547874
v 0.046307 -0.033175 -0.547874
v 0.063462 0.039173 -0.514089
v 0.063461 -0.033175 -0.514089
v 0.087962 0.039173 -0.459927
v 0.087962 -0.033175 -0.459927
v 0.111535 0.039173 -0.408114
v 0.111535 -0.033175 -0.408114
v 0.136454 0.039173 -0.356161
v 0.136454 -0.033175 -0.356161
v 0.170551 0.039173 -0.285657
v 0.170551 -0.033175 -0.285657
v 0.200279 0.039173 -0.222271
v 0.200279 -0.033175 -0.222271
v 0.138474 -0.033175 -0.167949
v 0.122177 -0.033175 -0.217125
v 0.103160 -0.033175 -0.269447
v 0.089317 -0.033175 -0.302604
v 0.073833 -0.033175 -0.343392
v 0.058615 -0.033175 -0.379555
v 0.040998 -0.033175 -0.424178
v 0.020419 -0.033175 -0.471878
v 0.002589 -0.033175 -0.513568
v -0.018307 -0.033175 -0.557783
v -0.035956 -0.033175 -0.603442
v -0.063469 -0.033175 -0.635073
v -0.091104 -0.033175 -0.674504
v -0.120911 -0.033175 -0.715148
v -0.147829 -0.033175 -0.751127
v -0.181806 -0.033175 -0.794504
v -0.214575 -0.033175 -0.838225
v -0.248751 -0.033175 -0.885986
v -0.290991 -0.033175 -0.940079
v -0.324589 -0.033175 -0.983042
v -0.361392 -0.033175 -1.029014
v -0.396225 -0.033175 -1.076328
v -0.435087 -0.033175 -1.127722
v -0.480227 -0.033175 -1.180992
v -0.523982 -0.033175 -1.236744
v -0.572697 -0.033175 -1.297095
v 0.309297 -0.013601 -0.263661
v 0.309297 -0.033176 -0.263661
v 0.308346 -0.013601 -0.367194
v 0.308346 -0.033176 -0.367194
v 0.300922 -0.013601 -0.488172
v 0.300922 -0.033176 -0.488172
v 0.291968 -0.013601 -0.602600
v 0.291968 -0.033176 -0.602600
v 0.279785 -0.013602 -0.717095
v 0.279785 -0.033176 -0.717095
v 0.269247 -0.013602 -0.801521
v 0.269247 -0.033176 -0.801521
v 0.260442 -0.013602 -0.858986
v 0.260442 -0.033176 -0.858986
v 0.254504 -0.013602 -0.900210
v 0.254504 -0.033176 -0.900210
v 0.243002 -0.013602 -0.931475
v 0.243002 -0.033176 -0.931475
v 0.216816 -0.013602 -1.003097
v 0.216816 -0.033176 -1.003097
v 0.182582 -0.013602 -1.098081
v 0.182582 -0.033176 -1.098081
v 0.149284 -0.013602 -1.184783
v 0.149284 -0.033176 -1.184783
v 0.118055 -0.013602 -1.264452
v 0.118055 -0.033176 -1.264452
v 0.085758 -0.013602 -1.342672
v 0.085757 -0.033176 -1.342672
v 0.059794 -0.013602 -1.408201
v 0.059794 -0.033176 -1.408201
v 0.037669 -0.013602 -1.463971
v 0.037669 -0.033176 -1.463971
v 0.011345 -0.013602 -1.525200
v 0.011345 -0.033176 -1.525200
v -0.018341 -0.013602 -1.598104
v -0.018341 -0.033176 -1.598104
v -0.047796 -0.013602 -1.666240
v -0.047796 -0.033176 -1.666240
v -0.077051 -0.013602 -1.734441
v -0.077051 -0.033176 -1.734441
v -0.109353 -0.013602 -1.811999
v -0.109353 -0.033176 -1.811999
v -0.136594 -0.013602 -1.874690
v -0.136594 -0.033177 -1.874690
v -0.157584 -0.013602 -1.922242
v -0.157584 -0.033177 -1.922242
v -0.180338 -0.013602 -1.973183
v -0.180338 -0.033177 -1.973183
v -0.205602 -0.013602 -2.025068
v -0.205602 -0.033177 -2.025068
v -0.180338 0.039172 -1.973183
v -0.205602 0.039172 -2.025068
v -0.224813 -0.013602 -2.066799
v -0.194195 -0.013602 -2.068942
v -0.164871 -0.013602 -2.000510
v -0.136594 0.039172 -1.874690
v -0.157584 0.039172 -1.922242
v 0.257900 -0.013601 -0.133540
v 0.340679 -0.013601 -0.262682
v 0.331847 -0.013601 -0.415692
v 0.317365 -0.013601 -0.561039
v 0.305378 -0.013602 -0.706296
v 0.289691 -0.013602 -0.817720
v 0.279229 -0.013602 -0.902058
v 0.245852 -0.013602 -0.998193
v 0.203571 -0.013602 -1.121651
v 0.142250 -0.013602 -1.273069
v 0.088518 -0.013602 -1.408569
v 0.040614 -0.013602 -1.521250
v -0.011385 -0.013602 -1.644916
v -0.066246 -0.013602 -1.778165
v -0.117480 -0.013602 -1.894830
v -0.226670 0.039172 -2.070833
v -0.227584 0.039172 -2.077226
v -0.227584 -0.033177 -2.077226
v -0.226670 -0.033177 -2.070833
v 0.291968 0.039172 -0.602600
v 0.279785 0.039172 -0.717096
v -0.196785 -0.033177 -2.224001
v -0.196785 0.039171 -2.224001
v -0.178037 0.039171 -2.177788
v -0.178037 -0.033177 -2.177788
v -0.144671 0.039171 -2.105706
v -0.144671 -0.033177 -2.105706
v -0.112658 0.039171 -2.036609
v -0.112658 -0.033177 -2.036609
v -0.082036 0.039172 -1.964775
v -0.082036 -0.033177 -1.964775
v -0.054592 0.039172 -1.900784
v -0.054592 -0.033177 -1.900784
v -0.026670 0.039172 -1.836950
v -0.026670 -0.033177 -1.836950
v 0.004508 0.039172 -1.761492
v 0.004508 -0.033177 -1.761492
v 0.026784 0.039172 -1.708502
v 0.026784 -0.033177 -1.708502
v 0.051067 0.039172 -1.646917
v 0.051067 -0.033177 -1.646917
v 0.079377 0.039172 -1.581888
v 0.079377 -0.033177 -1.581887
v 0.102104 0.039172 -1.525081
v 0.102104 -0.033177 -1.525080
v 0.126796 0.039172 -1.472263
v 0.126796 -0.033177 -1.472263
v 0.142640 0.039172 -1.429714
v 0.142640 -0.033177 -1.429714
v 0.162956 0.039172 -1.378552
v 0.162956 -0.033177 -1.378551
v 0.186526 0.039172 -1.319289
v 0.186526 -0.033177 -1.319289
v 0.204852 0.039172 -1.269504
v 0.204852 -0.033176 -1.269504
v 0.222345 0.039172 -1.225525
v 0.222345 -0.033176 -1.225525
v 0.238359 0.039172 -1.186085
v 0.238359 -0.033176 -1.186085
v 0.258796 0.039172 -1.131439
v 0.258796 -0.033176 -1.131439
v 0.282257 0.039172 -1.065887
v 0.282257 -0.033176 -1.065886
v 0.298866 0.039172 -1.020563
v 0.298866 -0.033176 -1.020563
v 0.320404 0.039172 -0.964162
v 0.320404 -0.033176 -0.964161
v 0.338418 0.039172 -0.915332
v 0.338418 -0.033176 -0.915332
v 0.337465 0.039172 -0.880936
v 0.337465 -0.033176 -0.880936
v 0.335817 0.039172 -0.838123
v 0.335817 -0.033176 -0.838123
v 0.338947 0.039172 -0.796865
v 0.338947 -0.033176 -0.796865
v 0.344464 0.039172 -0.752201
v 0.344464 -0.033176 -0.752201
v 0.351458 0.039172 -0.710441
v 0.351458 -0.033176 -0.710440
v 0.357382 0.039172 -0.667230
v 0.357382 -0.033176 -0.667230
v 0.365316 0.039172 -0.608381
v 0.365316 -0.033176 -0.608381
v 0.373695 0.039172 -0.546813
v 0.373695 -0.033176 -0.546813
v 0.380434 0.039172 -0.497042
v 0.380434 -0.033176 -0.497042
v 0.386795 0.039172 -0.451589
v 0.386795 -0.033176 -0.451589
v 0.393681 0.039172 -0.402270
v 0.393681 -0.033176 -0.402270
v 0.402222 0.039172 -0.352939
v 0.402222 -0.033176 -0.352939
v 0.409216 0.039172 -0.311178
v 0.409216 -0.033176 -0.311178
v 0.414227 0.039172 -0.279561
v 0.414227 -0.033176 -0.279561
v 0.419086 0.039173 -0.245032
v 0.419086 -0.033176 -0.245032
v 0.309297 0.039173 -0.263661
v 0.308347 0.039173 -0.367194
v 0.269247 0.039172 -0.801520
v 0.300922 0.039172 -0.488172
v 0.216816 0.039172 -1.003097
v 0.243002 0.039172 -0.931475
v 0.260442 0.039172 -0.858986
v 0.182582 0.039172 -1.098082
v 0.254505 0.039172 -0.900210
v 0.149284 0.039172 -1.184783
v 0.118055 0.039172 -1.264452
v 0.085758 0.039172 -1.342672
v 0.011345 0.039172 -1.525200
v 0.037670 0.039172 -1.463972
v -0.109353 0.039172 -1.811999
v 0.059794 0.039172 -1.408201
v -0.018341 0.039172 -1.598104
v -0.047795 0.039172 -1.666240
v -0.077051 0.039172 -1.734441
v 0.673486 -0.033176 -0.406216
v 0.673486 0.039172 -0.406216
v 0.685917 -0.033177 -0.550660
v 0.685917 0.039172 -0.550660
v 0.690141 -0.033177 -0.642636
v 0.690141 0.039172 -0.642636
v 0.699823 -0.033177 -0.742071
v 0.699823 0.039171 -0.742071
v 0.707533 -0.033177 -0.844961
v 0.707533 0.039171 -0.844962
v 0.713830 -0.033177 -0.918770
v 0.713830 0.039171 -0.918770
v 0.722386 -0.033177 -1.028067
v 0.722386 0.039171 -1.028067
v 0.728921 -0.033177 -1.099800
v 0.728921 0.039171 -1.099800
v 0.742438 -0.033178 -1.151822
v 0.742438 0.039171 -1.151822
v 0.750435 -0.033178 -1.178501
v 0.750435 0.039171 -1.178501
v 0.741852 -0.033178 -1.212225
v 0.741852 0.039171 -1.212226
v 0.733687 -0.033178 -1.260721
v 0.733687 0.039171 -1.260721
v 0.724695 -0.033178 -1.334888
v 0.724695 0.039170 -1.334888
v 0.716029 -0.033178 -1.415402
v 0.716030 0.039170 -1.415402
v 0.704043 -0.033178 -1.506579
v 0.704044 0.039170 -1.506579
v 0.689524 -0.033178 -1.615344
v 0.689524 0.039170 -1.615344
v 0.677067 -0.033178 -1.729078
v 0.677067 0.039170 -1.729078
v 0.665690 -0.033178 -1.828738
v 0.665690 0.039170 -1.828738
v 0.654133 -0.033178 -1.914619
v 0.654133 0.039170 -1.914619
v 0.644143 -0.033179 -1.975263
v 0.644143 0.039170 -1.975263
v 0.632523 -0.033179 -2.050181
v 0.632523 0.039170 -2.050181
v 0.620374 -0.033179 -2.141252
v 0.620374 0.039170 -2.141252
v 0.609175 -0.033179 -2.220163
v 0.609176 0.039169 -2.220163
v 0.600682 -0.033179 -2.294561
v 0.600682 0.039169 -2.294561
v 0.591273 -0.033179 -2.353958
v 0.591273 0.039169 -2.353958
v 0.582371 -0.033179 -2.420422
v 0.582371 0.039169 -2.420422
v 0.568626 -0.033179 -2.498604
v 0.568626 0.039169 -2.498604
v 0.553141 -0.033179 -2.595867
v 0.553141 0.039169 -2.595867
v 0.539013 -0.033179 -2.673566
v 0.539013 0.039169 -2.673566
v 0.526467 -0.033179 -2.752760
v 0.526467 0.039169 -2.752760
v 0.512696 -0.033179 -2.823489
v 0.512696 0.039169 -2.823489
v 0.500354 -0.033180 -2.899212
v 0.500354 0.039169 -2.899212
v 0.464391 0.022597 -2.526831
v 0.486917 0.022597 -2.406272
v 0.486918 0.039169 -2.406272
v 0.464391 0.039169 -2.526831
v 0.506169 0.022597 -2.287529
v 0.506169 0.039170 -2.287529
v 0.521690 0.022597 -2.178439
v 0.521690 0.039170 -2.178439
v 0.539681 0.022597 -2.063058
v 0.539681 0.039170 -2.063058
v 0.555992 0.022597 -1.947047
v 0.555992 0.039170 -1.947047
v 0.571378 0.022597 -1.850650
v 0.571378 0.039170 -1.850650
v 0.587764 0.022598 -1.741658
v 0.587764 0.039170 -1.741658
v 0.603458 0.022598 -1.638723
v 0.603458 0.039170 -1.638723
v 0.619214 0.022598 -1.531413
v 0.619214 0.039170 -1.531413
v 0.629459 0.022598 -1.433990
v 0.629459 0.039171 -1.433991
v 0.642249 0.022598 -1.337296
v 0.652433 0.022598 -1.244248
v 0.652433 0.039171 -1.244248
v 0.642249 0.039171 -1.337296
v 0.660515 0.022598 -1.146579
v 0.660515 0.039171 -1.146579
v 0.645359 0.022598 -1.006819
v 0.645359 0.039171 -1.006819
v 0.642080 0.022598 -0.977962
v 0.642080 0.039171 -0.977963
v 0.637573 0.022599 -0.909967
v 0.637573 0.039171 -0.909967
v 0.628023 0.022599 -0.840081
v 0.628023 0.039171 -0.840081
v 0.616370 0.022599 -0.750237
v 0.616370 0.039172 -0.750237
v 0.606153 0.022599 -0.678522
v 0.606153 0.039172 -0.678522
v 0.595256 0.022599 -0.608921
v 0.586635 0.022599 -0.550096
v 0.586635 0.039172 -0.550096
v 0.595256 0.039172 -0.608921
v 0.579141 0.022599 -0.515938
v 0.569114 0.022599 -0.477109
v 0.569114 0.039172 -0.477109
v 0.579141 0.039172 -0.515938
v 0.558576 0.022599 -0.415874
v 0.550117 0.022599 -0.367146
v 0.550117 0.039172 -0.367146
v 0.558576 0.039172 -0.415874
v 0.539173 0.022600 -0.313314
v 0.539173 0.039172 -0.313314
v 0.436289 0.022597 -2.684491
v 0.443534 0.022597 -2.651963
v 0.443534 0.039169 -2.651963
v 0.435444 -0.033179 -2.688285
v 0.443534 -0.033179 -2.651963
v 0.435444 0.039169 -2.688285
v 0.586099 0.022599 -0.397880
v 0.627513 0.022599 -0.630723
v 0.651561 0.022599 -0.805306
v 0.669533 0.022598 -0.932907
v 0.682669 0.022598 -1.161941
v 0.678257 0.022598 -1.255090
v 0.656028 0.022598 -1.441885
v 0.635715 0.022598 -1.608670
v 0.605539 0.022597 -1.831337
v 0.574085 0.022597 -2.008383
v 0.545964 0.022597 -2.219395
v 0.525286 0.022597 -2.372689
v 0.509413 0.022597 -2.467312
v 0.488641 0.022597 -2.594782
v 0.472421 0.022597 -2.685281
v 0.464391 -0.033179 -2.526831
v 0.486917 -0.033179 -2.406272
v 0.506169 -0.033179 -2.287529
v 0.521690 -0.033179 -2.178439
v 0.539681 -0.033178 -2.063058
v 0.555992 -0.033178 -1.947047
v 0.571378 -0.033178 -1.850650
v 0.587764 -0.033178 -1.741658
v 0.603458 -0.033178 -1.638723
v 0.619214 -0.033178 -1.531413
v 0.629459 -0.033178 -1.433990
v 0.642249 -0.033178 -1.337296
v 0.652433 -0.033177 -1.244248
v 0.660515 -0.033177 -1.146579
v 0.645358 -0.033177 -1.006819
v 0.642080 -0.033177 -0.977962
v 0.637573 -0.033177 -0.909967
v 0.628023 -0.033177 -0.840081
v 0.616370 -0.033177 -0.750237
v 0.606153 -0.033177 -0.678522
v 0.595256 -0.033176 -0.608921
v 0.586635 -0.033176 -0.550096
v 0.579141 -0.033176 -0.515938
v 0.569113 -0.033176 -0.477109
v 0.558576 -0.033176 -0.415874
v 0.550117 -0.033176 -0.367146
v 0.539173 -0.033176 -0.313314
v 1.090213 -0.033178 -0.807940
v 1.090213 0.039170 -0.807940
v 1.078075 0.039170 -0.766733
v 1.078074 -0.033178 -0.766733
v 1.107930 -0.033178 -0.870951
v 1.107930 0.039170 -0.870951
v 1.124182 -0.033178 -0.922886
v 1.124182 0.039170 -0.922887
v 1.148022 -0.033178 -1.003261
v 1.148023 0.039170 -1.003261
v 1.170066 -0.033178 -1.080896
v 1.170067 0.039170 -1.080896
v 1.183792 -0.033178 -1.133087
v 1.183792 0.039170 -1.133087
v 1.199330 -0.033179 -1.184212
v 1.199330 0.039170 -1.184212
v 1.238696 -0.033179 -1.302756
v 1.238696 0.039169 -1.302756
v 1.250055 -0.033179 -1.332765
v 1.250056 0.039169 -1.332765
v 1.263461 -0.033179 -1.359619
v 1.263462 0.039169 -1.359619
v 1.288546 -0.033179 -1.406455
v 1.288546 0.039169 -1.406456
v 1.290435 -0.033179 -1.410155
v 1.290435 0.039169 -1.410155
v 1.287852 -0.033179 -1.457002
v 1.287852 0.039169 -1.457003
v 1.289454 -0.033179 -1.500742
v 1.289455 0.039169 -1.500742
v 1.293193 -0.033179 -1.544297
v 1.293193 0.039169 -1.544297
v 1.299171 -0.033179 -1.635724
v 1.299171 0.039169 -1.635724
v 1.310969 -0.033180 -1.751667
v 1.310969 0.039169 -1.751667
v 1.320540 -0.033180 -1.860295
v 1.320540 0.039168 -1.860295
v 1.327978 -0.033180 -1.953575
v 1.327978 0.039168 -1.953575
v 1.338997 -0.033180 -2.067487
v 1.338997 0.039168 -2.067487
v 1.345092 -0.033180 -2.133679
v 1.345093 0.039168 -2.133679
v 1.352970 -0.033181 -2.258270
v 1.352971 0.039168 -2.258270
v 1.358031 -0.033181 -2.339437
v 1.358031 0.039168 -2.339437
v 1.362440 -0.033181 -2.434307
v 1.362440 0.039167 -2.434307
v 1.367692 -0.033181 -2.538617
v 1.367693 0.039167 -2.538617
v 1.374770 -0.033181 -2.659190
v 1.374771 0.039167 -2.659190
v 1.378992 -0.033181 -2.780436
v 1.378992 0.039167 -2.780436
v 1.381535 -0.033181 -2.887371
v 1.381535 0.039167 -2.887371
v 1.384680 -0.033182 -2.959102
v 1.384680 0.039167 -2.959102
v 1.385594 -0.033182 -3.032615
v 1.385594 0.039167 -3.032615
v 1.386669 -0.033182 -3.141268
v 1.386669 0.039166 -3.141268
v 1.388576 -0.033182 -3.243821
v 1.388576 0.039166 -3.243821
v 1.390004 -0.033182 -3.392620
v 1.390004 0.039166 -3.392620
v 1.238836 -0.033182 -3.222868
v 1.238836 0.039166 -3.222868
v 1.263214 0.039166 -3.306802
v 1.263214 -0.033182 -3.306802
v 1.210077 0.022594 -3.130663
v 1.212513 0.022594 -3.020965
v 1.212513 0.039167 -3.020965
v 1.209978 -0.033182 -3.135118
v 1.212512 -0.033181 -3.020965
v 1.212513 -0.013607 -3.020965
v 1.210077 -0.013607 -3.130663
v 1.209978 0.039167 -3.135118
v 1.211286 0.022595 -2.906389
v 1.211287 0.039167 -2.906389
v 1.212341 0.039167 -3.143115
v 1.212341 -0.033182 -3.143115
v 1.205935 0.022595 -2.749137
v 1.205935 0.039167 -2.749137
v 1.202109 0.022595 -2.591325
v 1.202109 0.039167 -2.591325
v 1.187903 0.022596 -2.295977
v 1.187903 0.039168 -2.295977
v 1.179545 0.022596 -2.140929
v 1.179545 0.039168 -2.140929
v 1.176258 0.022596 -2.082094
v 1.176258 0.039168 -2.082094
v 1.174432 0.022596 -2.057801
v 1.174432 0.039168 -2.057801
v 1.175811 0.022596 -2.045642
v 1.175805 0.022596 -2.033969
v 1.175805 0.039168 -2.033969
v 1.175811 0.039168 -2.045642
v 1.174175 0.022596 -2.009259
v 1.174175 0.039168 -2.009259
v 1.160379 0.022596 -1.819237
v 1.160379 0.039169 -1.819237
v 1.140290 0.022597 -1.533163
v 1.140290 0.039169 -1.533163
v 1.126155 0.022597 -1.414737
v 1.126155 0.039169 -1.414737
v 1.095700 0.022597 -1.303684
v 1.095700 0.039170 -1.303684
v 1.048220 0.022597 -1.154272
v 1.048220 0.039170 -1.154272
v 0.887560 0.022598 -0.711587
v 0.861838 0.022599 -0.652124
v 0.861838 0.039171 -0.652124
v 0.887560 0.039171 -0.711587
v 1.023408 0.022598 -1.077965
v 1.023408 0.039170 -1.077965
v 0.995383 0.022598 -1.004223
v 0.995383 0.039170 -1.004223
v 0.947368 0.022598 -0.870940
v 0.947368 0.039170 -0.870940
v 0.910316 0.022598 -0.771448
v 0.910316 0.039171 -0.771448
v 0.834242 0.022599 -0.584264
v 0.834242 0.039171 -0.584264
v 0.803880 0.022599 -0.518283
v 0.803880 0.039171 -0.518283
v 0.764581 0.022599 -0.437781
v 0.764581 0.039171 -0.437781
v 0.742065 0.022599 -0.395394
v 0.742065 0.039172 -0.395394
v 0.760982 0.022599 -0.355495
v 0.820113 0.022599 -0.481559
v 0.820113 -0.013603 -0.481559
v 0.760982 -0.013602 -0.355495
v 0.742065 -0.013602 -0.395394
v 0.742065 -0.033177 -0.395394
v 0.764581 -0.013602 -0.437781
v 0.764581 -0.033177 -0.437781
v 0.803880 -0.013603 -0.518283
v 0.803880 -0.033177 -0.518283
v 0.834242 -0.013603 -0.584264
v 0.834242 -0.033177 -0.584264
v 0.861838 -0.013603 -0.652124
v 0.861838 -0.033177 -0.652124
v 0.887559 -0.013603 -0.711587
v 0.887559 -0.033177 -0.711587
v 0.910316 -0.013603 -0.771448
v 0.910315 -0.033177 -0.771448
v 0.947368 -0.013603 -0.870940
v 0.947368 -0.033178 -0.870940
v 0.995383 -0.013604 -1.004223
v 0.995383 -0.033178 -1.004223
v 1.023408 -0.013604 -1.077965
v 1.023408 -0.033178 -1.077965
v 1.048220 -0.013604 -1.154272
v 1.048219 -0.033178 -1.154272
v 1.095700 -0.013604 -1.303684
v 1.095700 -0.033179 -1.303684
v 1.126155 -0.013605 -1.414737
v 1.126155 -0.033179 -1.414737
v 1.140290 -0.013605 -1.533163
v 1.140289 -0.033179 -1.533163
v 1.160379 -0.013605 -1.819237
v 1.160379 -0.033180 -1.819237
v 1.174175 -0.013605 -2.009259
v 1.174174 -0.033180 -2.009259
v 1.175805 -0.013606 -2.033969
v 1.175805 -0.033180 -2.033969
v 1.175811 -0.013606 -2.045642
v 1.175810 -0.033180 -2.045642
v 1.174432 -0.013606 -2.057801
v 1.174432 -0.033180 -2.057801
v 1.176258 -0.013606 -2.082094
v 1.176258 -0.033180 -2.082094
v 1.179545 -0.013606 -2.140929
v 1.179545 -0.033180 -2.140929
v 1.187903 -0.013606 -2.295977
v 1.187903 -0.033180 -2.295977
v 1.202109 -0.013606 -2.591325
v 1.202109 -0.033181 -2.591325
v 1.205935 -0.013607 -2.749137
v 1.205935 -0.033181 -2.749137
v 1.211286 -0.013607 -2.906389
v 1.211286 -0.033181 -2.906389
v 1.246118 -0.013607 -3.132079
v 1.246118 0.022594 -3.132079
v 1.239909 -0.013607 -3.023149
v 1.239909 0.022594 -3.023149
v 1.238451 -0.013607 -2.860897
v 1.238451 0.022595 -2.860897
v 1.234099 -0.013606 -2.600689
v 1.234099 0.022595 -2.600689
v 1.222555 -0.013606 -2.339900
v 1.222555 0.022595 -2.339900
v 1.176597 -0.013605 -1.650925
v 1.176597 0.022596 -1.650925
v 1.153969 -0.013605 -1.409456
v 1.153969 0.022597 -1.409456
v 1.127912 -0.013604 -1.310475
v 1.127912 0.022597 -1.310475
v 1.074534 0.022597 -1.147396
v 1.074534 -0.013604 -1.147396
v 1.010014 -0.013604 -0.964562
v 1.010014 0.022598 -0.964562
v 0.943584 -0.013603 -0.776192
v 0.943584 0.022598 -0.776192
v 0.872072 -0.013603 -0.599946
v 0.872073 0.022599 -0.599946
v 1.021963 -0.033177 -0.572459
v 1.021964 0.039171 -0.572459
v 1.010736 0.039171 -0.535814
v 1.010735 -0.033177 -0.535814
v 1.032851 -0.033177 -0.609216
v 1.032851 0.039171 -0.609216
v 1.044727 -0.033177 -0.650030
v 1.044727 0.039171 -0.650030
v 1.056124 -0.033178 -0.688597
v 1.056124 0.039171 -0.688597
v 1.067477 -0.033178 -0.730815
v 1.067478 0.039171 -0.730815
v 0.722761 -0.013602 -0.336538
v 0.722761 0.022599 -0.336538
v 1.965785 -0.013609 -2.698061
v 2.002925 -0.013609 -2.996557
v 2.002925 -0.033183 -2.996557
v 1.965785 -0.033183 -2.698061
v 2.026846 -0.013610 -3.190166
v 2.026846 -0.033183 -3.190166
v 1.925174 -0.013608 -2.378307
v 1.925174 -0.033182 -2.378307
v 1.895637 -0.013608 -2.176144
v 1.895637 -0.033182 -2.176144
v 1.946026 0.022593 -2.324878
v 1.946026 -0.013608 -2.324878
v 1.903099 -0.013608 -2.039110
v 1.903099 0.022593 -2.039110
v 2.000048 -0.013609 -2.686515
v 1.962654 -0.013609 -2.436084
v 1.962654 0.022593 -2.436084
v 2.000048 0.022592 -2.686515
v 2.038451 0.022592 -2.997467
v 2.038451 -0.013610 -2.997467
v 2.063176 0.022591 -3.208665
v 2.063176 -0.013610 -3.208665
v 2.081955 0.022591 -3.374382
v 2.081955 -0.013610 -3.374382
v 2.043158 0.022591 -3.371256
v 2.043158 -0.013610 -3.371256
v 2.152000 -0.033184 -3.548810
v 2.044662 -0.033184 -3.387956
v 2.044662 0.039164 -3.387956
v 2.152000 0.039164 -3.548810
v 2.317070 -0.033185 -3.770808
v 2.317070 0.039163 -3.770808
v 2.289606 0.039164 -3.603621
v 2.289606 -0.033185 -3.603621
v 2.262985 0.039164 -3.440746
v 2.262985 -0.033184 -3.440746
v 2.235375 0.039164 -3.273708
v 2.235375 -0.033184 -3.273708
v 2.209184 0.039165 -3.107407
v 2.209184 -0.033184 -3.107407
v 2.180785 0.039165 -2.946084
v 2.180785 -0.033183 -2.946084
v 2.151149 0.039165 -2.766066
v 2.151149 -0.033183 -2.766066
v 2.091563 0.039166 -2.422965
v 2.091563 -0.033182 -2.422965
v 2.063221 0.039166 -2.266926
v 2.063221 -0.033182 -2.266926
v 2.039660 0.039166 -2.103015
v 2.039660 -0.033182 -2.103015
v 2.020842 0.039167 -1.951657
v 2.020842 -0.033182 -1.951657
v 2.002946 0.039167 -1.792785
v 2.002946 -0.033181 -1.792785
v 1.992225 0.039167 -1.713696
v 1.992225 -0.033181 -1.713696
v 1.986067 0.039167 -1.633400
v 1.986067 -0.033181 -1.633400
v 1.980090 0.039167 -1.552351
v 1.980090 -0.033181 -1.552351
v 1.975350 0.039167 -1.470607
v 1.975350 -0.033181 -1.470607
v 1.926511 0.039168 -1.429326
v 1.926511 -0.033181 -1.429326
v 1.880399 0.039168 -1.383082
v 1.880399 -0.033180 -1.383082
v 1.828855 0.039168 -1.328225
v 1.828855 -0.033180 -1.328224
v 1.781486 0.039168 -1.273879
v 1.781486 -0.033180 -1.273879
v 1.702999 0.039168 -1.170186
v 1.702999 -0.033180 -1.170185
v 1.622131 0.039169 -1.051366
v 1.622131 -0.033179 -1.051365
v 1.563978 0.039169 -0.970248
v 1.563978 -0.033179 -0.970248
v 1.505550 0.039169 -0.887773
v 1.505550 -0.033179 -0.887772
v 1.442476 0.039170 -0.804131
v 1.442476 -0.033179 -0.804131
v 1.394224 0.039170 -0.737531
v 1.394224 -0.033179 -0.737531
v 1.340382 0.039170 -0.668327
v 1.340382 -0.033178 -0.668327
v 1.295926 0.039170 -0.609203
v 1.295926 -0.033178 -0.609203
v 1.256361 0.039170 -0.563447
v 1.256361 -0.033178 -0.563447
v 1.174065 0.039170 -0.728176
v 1.174065 0.022597 -0.728176
v 1.272645 0.039170 -0.838322
v 1.272645 0.022597 -0.838322
v 1.223262 0.022597 -0.782502
v 1.223263 0.039170 -0.782502
v 1.319039 0.022596 -0.894512
v 1.319039 0.039170 -0.894512
v 1.424448 0.039169 -1.017232
v 1.424448 0.022596 -1.017232
v 1.373262 0.022596 -0.954292
v 1.373262 0.039169 -0.954292
v 1.473468 0.022596 -1.083437
v 1.473468 0.039169 -1.083437
v 1.523304 0.022596 -1.150184
v 1.523304 0.039169 -1.150185
v 1.599611 0.022595 -1.253131
v 1.599611 0.039168 -1.253131
v 1.672118 0.039168 -1.358259
v 1.672118 0.022595 -1.358259
v 1.751158 0.022595 -1.491516
v 1.715713 0.022595 -1.424063
v 1.715713 0.039168 -1.424063
v 1.751158 0.039168 -1.491516
v 1.784979 0.039168 -1.561418
v 1.784979 0.022594 -1.561417
v 1.770785 0.022595 -1.525917
v 1.770785 0.039168 -1.525917
v 1.895637 0.022593 -2.176144
v 1.872130 0.022594 -2.031241
v 1.872130 0.039167 -2.031241
v 1.895637 0.039167 -2.176144
v 1.801570 0.022594 -1.631412
v 1.801571 0.039168 -1.631412
v 1.965785 0.039166 -2.698061
v 1.965785 0.022592 -2.698061
v 1.925174 0.022593 -2.378307
v 1.925174 0.039166 -2.378307
v 1.839983 0.022594 -1.832090
v 1.839983 0.039167 -1.832090
v 2.002925 0.022592 -2.996557
v 2.002925 0.039165 -2.996557
v 2.026846 0.022592 -3.190166
v 2.026846 0.039165 -3.190166
v 1.411739 -0.013605 -0.957015
v 1.411739 0.022596 -0.957015
v 1.527009 0.022596 -1.112238
v 1.527009 -0.013606 -1.112238
v 1.624339 0.022595 -1.240491
v 1.624339 -0.013606 -1.240491
v 1.729863 0.022595 -1.388824
v 1.729863 -0.013607 -1.388824
v 1.818396 0.022594 -1.544729
v 1.818396 -0.013607 -1.544729
v 1.840658 -0.013607 -1.675140
v 1.840658 0.022594 -1.675140
v 1.853147 0.022594 -1.748302
v 1.853147 -0.013607 -1.748302
v 1.822207 0.022594 -1.567054
v 1.822207 -0.013607 -1.567054
v 1.174065 -0.013604 -0.728176
v 1.174065 -0.033178 -0.728176
v 1.223262 -0.013605 -0.782502
v 1.223262 -0.033178 -0.782502
v 1.272645 -0.013605 -0.838322
v 1.272645 -0.033178 -0.838322
v 1.319039 -0.013605 -0.894512
v 1.319038 -0.033179 -0.894512
v 1.373262 -0.013605 -0.954292
v 1.373262 -0.033179 -0.954292
v 1.424448 -0.013605 -1.017232
v 1.424448 -0.033179 -1.017232
v 1.473468 -0.013606 -1.083437
v 1.473468 -0.033179 -1.083437
v 1.523304 -0.013606 -1.150184
v 1.523304 -0.033179 -1.150184
v 1.599611 -0.013606 -1.253131
v 1.599611 -0.033180 -1.253131
v 1.672118 -0.013606 -1.358259
v 1.672118 -0.033180 -1.358259
v 1.715713 -0.013607 -1.424063
v 1.715713 -0.033180 -1.424063
v 1.751158 -0.013607 -1.491516
v 1.751158 -0.033180 -1.491516
v 1.770785 -0.013607 -1.525917
v 1.770785 -0.033180 -1.525917
v 1.784979 -0.013607 -1.561417
v 1.784979 -0.033181 -1.561417
v 1.801570 -0.013607 -1.631412
v 1.801570 -0.033181 -1.631412
v 1.839983 -0.013607 -1.832090
v 1.839983 -0.033181 -1.832090
v 1.872130 -0.013608 -2.031241
v 1.872130 -0.033181 -2.031241
v 1.299471 0.022596 -0.821230
v 1.299471 -0.013605 -0.821230
v 1.216507 -0.013605 -0.734351
v 1.216507 0.022597 -0.734351
v -0.726516 0.039175 -0.447341
v -0.726516 -0.033174 -0.447341
v -0.734001 0.039175 -0.461803
v -0.734001 -0.033174 -0.461803
v -0.732631 0.039175 -0.471357
v -0.732631 -0.033174 -0.471357
v -0.644871 0.039173 -1.415708
v -0.644872 -0.033175 -1.415707
v -0.649043 0.039173 -1.452935
v -0.649043 -0.033175 -1.452935
v -0.645217 0.039173 -1.477355
v -0.645217 -0.033175 -1.477355
v 2.211231 0.039164 -3.635641
v 2.211231 -0.033184 -3.635641
v 2.263401 0.039164 -3.708321
v 2.263401 -0.033185 -3.708321
v 2.300566 0.039163 -3.755786
v 2.300566 -0.033185 -3.755786
v 0.485088 -0.033179 -2.883723
v 0.485089 0.039169 -2.883723
v 0.467392 -0.033179 -2.838199
v 0.467392 0.039169 -2.838199
v 0.449959 -0.033179 -2.769570
v 0.449959 0.039169 -2.769570
v -0.210346 -0.033177 -2.214558
v -0.210346 0.039171 -2.214558
v -0.220962 -0.033177 -2.183349
v -0.220961 0.039172 -2.183349
v -0.227015 -0.033177 -2.135124
v -0.227014 0.039172 -2.135124
v 1.351127 -0.033182 -3.384064
v 1.351127 0.039166 -3.384064
v 1.313380 -0.033182 -3.364751
v 1.313380 0.039166 -3.364751
v 1.282509 -0.033182 -3.337620
v 1.282509 0.039166 -3.337620
v 1.216240 0.022596 -2.227077
v 1.212524 0.022596 -2.169035
v 1.210781 0.022596 -2.144853
v 1.210661 0.022596 -2.133798
v 1.210764 0.022596 -2.129266
v 1.210022 0.022596 -2.114280
v 0.752728 0.022599 -0.337899
v 1.210022 -0.013606 -2.114280
v 1.210764 -0.013606 -2.129266
v 1.210661 -0.013606 -2.133798
v 0.752728 -0.013602 -0.337899
v 1.210781 -0.013606 -2.144853
v 1.212524 -0.013606 -2.169035
v 1.216240 -0.013606 -2.227077
v -0.084815 -0.033174 -0.021264
v -0.076343 -0.033174 -0.049373
v -0.057447 -0.033174 -0.070395
v -0.029977 -0.033174 -0.082271
v -0.076343 0.039174 -0.049373
v -0.084815 0.039174 -0.021264
v -0.029976 0.039174 -0.082271
v -0.057446 0.039174 -0.070395
v 1.149704 -0.013604 -0.654692
v 1.149704 0.022597 -0.654692
v -0.029976 0.013602 -0.082271
v -0.029977 -0.013600 -0.082271
vn 0.2759 -0.0000 0.9612
vn 0.3474 -0.0000 0.9377
vn 0.6089 -0.0000 0.7932
vn 0.5905 -0.0000 0.8070
vn 0.6583 -0.0000 0.7528
vn 0.6334 -0.0000 0.7738
vn 0.7101 -0.0000 0.7041
vn 0.6807 -0.0000 0.7326
vn 0.7118 -0.0000 0.7024
vn 0.3468 -0.0000 0.9379
vn 0.3473 -0.0000 0.9378
vn 0.3221 -0.0000 0.9467
vn 0.3869 -0.0000 0.9221
vn 0.3476 -0.0000 0.9376
vn 0.2624 -0.0000 0.9649
vn 0.3396 -0.0000 0.9406
vn 0.2992 -0.0000 0.9542
vn 0.6492 -0.0000 0.7606
vn -0.3102 -0.0000 -0.9507
vn -0.3190 -0.0000 -0.9478
vn -0.3160 -0.0000 -0.9488
vn -0.2614 -0.0000 -0.9652
vn -0.3557 -0.0000 -0.9346
vn -0.3930 -0.0000 -0.9195
vn -0.3434 -0.0000 -0.9392
vn -0.2941 -0.0000 -0.9558
vn -0.2852 -0.0000 -0.9585
vn -0.3866 -0.0000 -0.9223
vn -0.5143 -0.0000 -0.8576
vn -0.7178 -0.0000 -0.6962
vn -0.6875 -0.0000 -0.7262
vn -0.6414 -0.0000 -0.7672
vn 0.3309 -0.0000 0.9437
vn 0.2663 -0.0000 0.9639
vn 0.3386 -0.0000 0.9409
vn 0.3233 -0.0000 0.9463
vn 0.3494 -0.0000 0.9370
vn 0.3405 -0.0000 0.9402
vn 0.3389 -0.0000 0.9408
vn 0.3091 -0.0000 0.9510
vn 0.5946 -0.0000 0.8040
vn 0.6756 -0.0000 0.7373
vn 0.7102 -0.0000 0.7040
vn 0.8408 -0.0000 0.5413
vn -0.0000 -1.0000 -0.0000
vn 0.0010 -1.0000 0.0002
vn 0.0001 -1.0000 0.0001
vn -0.0000 1.0000 -0.0000
vn -0.0001 1.0000 -0.0000
vn 0.0002 1.0000 0.0001
vn 0.2844 -0.0000 -0.9587
vn -0.0002 1.0000 -0.0000
vn 0.9999 -0.0000 -0.0127
vn 0.9988 -0.0000 -0.0495
vn 0.3166 -0.0000 -0.9486
vn 0.9749 -0.0000 -0.2226
vn 0.9569 -0.0000 0.2903
vn 0.7730 -0.0000 0.6344
vn 0.6344 -0.0000 0.7730
vn 0.4714 -0.0000 0.8819
vn 0.0980 -0.0000 0.9952
vn -0.5509 -0.0000 0.8346
vn -0.6351 -0.0000 0.7724
vn -0.6717 -0.0000 0.7408
vn -0.7056 -0.0000 0.7086
vn -0.7322 -0.0000 0.6811
vn -0.7475 -0.0000 0.6643
vn 0.7596 -0.0000 -0.6504
vn 0.7506 0.0395 -0.6596
vn 0.7690 -0.0000 -0.6392
vn 0.7504 -0.0466 -0.6594
vn 0.8416 -0.0000 -0.5401
vn 0.9781 -0.0000 -0.2081
vn 0.9781 -0.0000 -0.2080
vn 0.4462 -0.0000 -0.8949
vn 0.2488 -0.0000 -0.9685
vn 0.9574 -0.0000 0.2886
vn -0.0980 -0.0000 0.9952
vn -0.6344 -0.0000 0.7730
vn -0.9569 -0.0000 0.2903
vn -0.7730 -0.0000 0.6344
vn -0.4714 -0.0000 0.8819
vn -0.8819 -0.0000 0.4714
vn 0.8819 -0.0000 0.4714
vn 0.2903 -0.0000 0.9569
vn 0.9217 -0.0000 0.3879
vn 0.9492 -0.0000 0.3146
vn 0.9398 -0.0000 0.3416
vn 0.9228 -0.0000 0.3853
vn 0.9301 -0.0000 0.3672
vn 0.9182 -0.0000 0.3961
vn 0.9194 -0.0000 0.3932
vn 0.8064 -0.0000 0.5914
vn 0.9349 -0.0000 0.3549
vn 0.9041 -0.0000 0.4273
vn 0.9327 -0.0000 0.3606
vn 0.8007 -0.0000 0.5990
vn 0.8189 -0.0000 0.5739
vn 0.7872 -0.0000 0.6166
vn 0.8002 -0.0000 0.5997
vn 0.8132 -0.0000 0.5819
vn 0.7629 -0.0000 0.6465
vn 0.7545 -0.0000 0.6563
vn 0.7882 -0.0000 0.6155
vn 0.7877 -0.0000 0.6160
vn 0.7807 -0.0000 0.6250
vn 0.7867 -0.0000 0.6174
vn 0.7976 -0.0000 0.6031
vn 0.8053 -0.0000 0.5929
vn 0.7781 -0.0000 0.6281
vn 0.7770 -0.0000 0.6295
vn 0.7384 -0.0000 0.6743
vn 0.7385 -0.0000 0.6743
vn 0.7385 -0.0000 0.6742
vn -0.8193 -0.0000 -0.5734
vn -0.7791 -0.0000 -0.6269
vn -0.7796 -0.0000 -0.6262
vn -0.7761 -0.0000 -0.6306
vn -0.7985 -0.0000 -0.6020
vn -0.8017 -0.0000 -0.5977
vn -0.7906 -0.0000 -0.6124
vn -0.7842 -0.0000 -0.6204
vn -0.7880 -0.0000 -0.6157
vn -0.7925 -0.0000 -0.6098
vn -0.7873 -0.0000 -0.6166
vn -0.8046 -0.0000 -0.5939
vn -0.8156 -0.0000 -0.5786
vn -0.8008 -0.0000 -0.5989
vn -0.8150 -0.0000 -0.5795
vn -0.7796 -0.0000 -0.6263
vn -0.7924 -0.0000 -0.6100
vn -0.9725 -0.0000 -0.2328
vn -0.9621 -0.0000 -0.2728
vn -0.8916 -0.0000 -0.4527
vn -0.9111 -0.0000 -0.4122
vn -0.9102 -0.0000 -0.4141
vn -0.9016 -0.0000 -0.4325
vn -0.9002 -0.0000 -0.4354
vn -0.9054 -0.0000 -0.4246
vn -0.9412 -0.0000 -0.3379
vn 0.9739 -0.0000 0.2270
vn 0.8011 -0.0000 0.5985
vn 0.7744 -0.0000 0.6327
vn 0.7780 -0.0000 0.6282
vn 0.7977 -0.0000 0.6031
vn 0.7871 -0.0000 0.6168
vn 0.7900 -0.0000 0.6131
vn 0.8033 -0.0000 0.5956
vn 0.7921 -0.0000 0.6103
vn 0.8024 -0.0000 0.5968
vn 0.9292 -0.0000 0.3696
vn 0.9151 -0.0000 0.4033
vn 0.9234 -0.0000 0.3839
vn 0.9358 -0.0000 0.3525
vn 0.9274 -0.0000 0.3741
vn 0.9433 -0.0000 0.3320
vn 1.0000 -0.0000 -0.0042
vn 1.0000 -0.0000 0.0092
vn 0.9981 -0.0000 0.0613
vn 0.9970 -0.0000 0.0780
vn 0.9944 -0.0000 0.1058
vn 0.9923 -0.0000 0.1239
vn 0.9885 -0.0000 0.1514
vn 0.9898 -0.0000 0.1426
vn 0.9385 -0.0000 0.3453
vn 0.9392 -0.0000 0.3434
vn 0.9408 -0.0000 0.3391
vn 0.9335 -0.0000 0.3585
vn 0.9310 -0.0000 0.3649
vn 0.9243 -0.0000 0.3817
vn 0.9297 -0.0000 0.3684
vn 0.9295 -0.0000 0.3688
vn 0.9187 -0.0000 0.3950
vn 0.9262 -0.0000 0.3771
vn 0.9179 -0.0000 0.3968
vn 0.9190 -0.0000 0.3942
vn 0.9231 -0.0000 0.3845
vn 0.9172 -0.0000 0.3985
vn 0.9148 -0.0000 0.4038
vn 0.9131 -0.0000 0.4078
vn 0.8991 -0.0000 0.4378
vn -0.0698 -0.0000 0.9976
vn 0.9192 -0.0000 0.3939
vn 0.0001 -1.0000 -0.0000
vn 0.9899 -0.0000 0.1415
vn -0.9266 -0.0000 -0.3759
vn -0.9075 -0.0000 -0.4201
vn -0.9073 -0.0000 -0.4204
vn -0.9199 -0.0000 -0.3921
vn -0.9190 -0.0000 -0.3942
vn -0.9162 -0.0000 -0.4007
vn -0.9242 -0.0000 -0.3819
vn -0.9219 -0.0000 -0.3875
vn -0.9303 -0.0000 -0.3668
vn -0.9169 -0.0000 -0.3992
vn -0.9285 -0.0000 -0.3714
vn -0.9059 -0.0000 -0.4235
vn -0.9371 -0.0000 -0.3490
vn -0.9294 -0.0000 -0.3691
vn -0.9292 -0.0000 -0.3696
vn -0.9384 -0.0000 -0.3454
vn -0.9265 -0.0000 -0.3762
vn -0.9366 -0.0000 -0.3503
vn -0.9415 -0.0000 -0.3370
vn -0.9389 -0.0000 -0.3441
vn -0.9342 -0.0000 -0.3567
vn -0.9382 -0.0000 -0.3461
vn -0.9996 -0.0000 0.0277
vn -0.9993 -0.0000 0.0385
vn -0.9971 -0.0000 -0.0757
vn -0.9925 -0.0000 -0.1226
vn -0.9863 -0.0000 -0.1652
vn -0.9907 -0.0000 -0.1358
vn -0.9910 -0.0000 -0.1336
vn -0.9909 -0.0000 -0.1349
vn -0.9910 -0.0000 -0.1342
vn -0.9903 -0.0000 -0.1386
vn -0.9904 -0.0000 -0.1383
vn -0.9853 -0.0000 -0.1706
vn -0.9877 -0.0000 -0.1565
vn -0.9902 -0.0000 -0.1393
vn -0.9994 -0.0000 -0.0356
vn 0.9084 -0.0000 0.4182
vn 0.9125 -0.0000 0.4092
vn 0.9156 -0.0000 0.4021
vn 0.9247 -0.0000 0.3807
vn 0.9218 -0.0000 0.3876
vn 0.9203 -0.0000 0.3912
vn 0.9296 -0.0000 0.3686
vn 0.9269 -0.0000 0.3754
vn 0.9461 -0.0000 0.3240
vn 0.9447 -0.0000 0.3280
vn 0.9924 -0.0000 0.1231
vn 0.9902 -0.0000 0.1394
vn 0.9966 -0.0000 0.0822
vn 0.9951 -0.0000 0.0992
vn 0.9983 -0.0000 0.0576
vn 0.9991 -0.0000 0.0415
vn -0.9860 -0.0000 0.1666
vn -0.9963 -0.0000 0.0857
vn -0.9989 -0.0000 0.0459
vn -0.9953 -0.0000 0.0969
vn -0.9972 -0.0000 0.0747
vn -0.9964 -0.0000 0.0850
vn -0.9969 -0.0000 0.0780
vn -0.9959 -0.0000 0.0907
vn -0.9679 -0.0000 0.2515
vn -0.9579 -0.0000 0.2871
vn -0.9691 -0.0000 -0.2466
vn -0.9861 -0.0000 -0.1660
vn -0.9927 -0.0000 -0.1204
vn -0.9943 -0.0000 -0.1070
vn -0.9915 -0.0000 -0.1303
vn -0.9912 -0.0000 -0.1323
vn -0.9941 -0.0000 -0.1089
vn -0.9935 -0.0000 -0.1134
vn -0.9911 -0.0000 -0.1334
vn -0.9867 -0.0000 -0.1625
vn -0.9882 -0.0000 -0.1533
vn -0.9912 -0.0000 -0.1322
vn -0.9901 -0.0000 -0.1405
vn -0.9911 -0.0000 -0.1328
vn -0.9911 -0.0000 -0.1327
vn -0.9849 -0.0000 -0.1732
vn -0.9876 -0.0000 -0.1572
vn -0.9839 -0.0000 -0.1789
vn -0.9816 -0.0000 -0.1911
vn -0.9870 -0.0000 -0.1609
vn 0.9830 -0.0000 0.1837
vn 0.9871 -0.0000 0.1600
vn 0.9900 -0.0000 0.1409
vn 0.9881 -0.0000 0.1541
vn 0.9903 -0.0000 0.1392
vn 0.9875 -0.0000 0.1576
vn 0.9889 -0.0000 0.1487
vn 0.9886 -0.0000 0.1507
vn 0.9894 -0.0000 0.1453
vn 0.9945 -0.0000 0.1046
vn 0.9941 -0.0000 0.1088
vn 0.9966 -0.0000 0.0825
vn 0.9914 -0.0000 0.1311
vn 0.9942 -0.0000 -0.1078
vn 0.9936 -0.0000 -0.1129
vn 0.9978 -0.0000 -0.0661
vn 0.9908 -0.0000 -0.1354
vn 0.9917 -0.0000 -0.1286
vn 0.9900 -0.0000 -0.1410
vn 0.9894 -0.0000 -0.1450
vn 0.9682 -0.0000 -0.2501
vn 0.9682 -0.0000 -0.2500
vn 0.9880 -0.0000 -0.1547
vn 0.9853 -0.0000 -0.1710
vn 0.9768 -0.0000 -0.2143
vn 0.9382 -0.0000 -0.3461
vn 0.9855 -0.0000 -0.1696
vn 0.9761 -0.0000 0.2174
vn 0.9800 -0.0000 -0.1992
vn 0.9789 -0.0000 -0.2045
vn 0.9845 -0.0000 -0.1751
vn 0.9906 -0.0000 -0.1365
vn 0.9902 -0.0000 -0.1395
vn 0.9984 -0.0000 -0.0573
vn 0.9989 -0.0000 0.0473
vn 0.9930 -0.0000 0.1182
vn 0.9927 -0.0000 0.1209
vn 0.9909 -0.0000 0.1343
vn 0.9846 -0.0000 0.1749
vn 0.9912 -0.0000 0.1321
vn 0.9910 -0.0000 0.1337
vn 0.9862 -0.0000 0.1654
vn 0.9870 -0.0000 0.1608
vn 0.9843 -0.0000 0.1764
vn -0.0218 -0.0000 0.9998
vn 0.9864 -0.0000 0.1644
vn -0.9592 -0.0000 0.2826
vn -0.9627 -0.0000 0.2707
vn -0.9544 -0.0000 0.2987
vn -0.9544 -0.0000 0.2986
vn -0.9587 -0.0000 0.2844
vn -0.9620 -0.0000 0.2731
vn -0.9671 -0.0000 0.2543
vn -0.9568 -0.0000 0.2908
vn -0.9490 -0.0000 0.3152
vn -0.9352 -0.0000 0.3540
vn -0.8947 -0.0000 0.4467
vn -0.8815 -0.0000 0.4721
vn -0.8907 -0.0000 0.4546
vn -0.9985 -0.0000 -0.0551
vn -0.9985 -0.0000 -0.0550
vn -0.9993 -0.0000 0.0366
vn -0.9963 -0.0000 0.0855
vn -0.9979 -0.0000 0.0652
vn -0.9949 -0.0000 0.1012
vn -0.9961 -0.0000 0.0878
vn -0.9968 -0.0000 0.0795
vn -0.9954 -0.0000 0.0963
vn -0.9958 -0.0000 0.0917
vn -0.9980 -0.0000 0.0631
vn -0.9981 -0.0000 0.0622
vn -0.9989 -0.0000 0.0464
vn -0.9987 -0.0000 0.0503
vn -0.9983 -0.0000 0.0586
vn -0.9994 -0.0000 0.0348
vn -0.9997 -0.0000 0.0238
vn -0.9990 -0.0000 0.0438
vn -0.9999 -0.0000 0.0124
vn -1.0000 -0.0000 0.0099
vn -0.9998 -0.0000 0.0186
vn -1.0000 -0.0000 0.0096
vn 0.9603 -0.0000 -0.2789
vn 0.9998 -0.0000 0.0222
vn 0.9998 -0.0000 0.0221
vn 0.9999 -0.0000 -0.0107
vn 0.9590 -0.0000 -0.2834
vn 0.9994 -0.0000 -0.0340
vn 0.9997 -0.0000 -0.0242
vn 0.9988 -0.0000 -0.0480
vn 0.9986 -0.0000 -0.0538
vn 0.9984 -0.0000 -0.0558
vn 0.9972 -0.0000 -0.0749
vn 0.9972 -0.0000 -0.0750
vn 1.0000 -0.0000 -0.0005
vn 0.9978 -0.0000 -0.0658
vn 0.9936 -0.0000 0.1127
vn 0.9974 -0.0000 -0.0724
vn 0.9975 -0.0000 -0.0701
vn 0.9930 -0.0000 -0.1185
vn 0.9644 -0.0000 -0.2645
vn 0.9530 -0.0000 -0.3029
vn 0.9178 -0.0000 -0.3970
vn 0.9510 -0.0000 -0.3092
vn 0.9348 -0.0000 -0.3552
vn 0.9408 -0.0000 -0.3389
vn 0.9371 -0.0000 -0.3490
vn 0.9263 -0.0000 -0.3767
vn 0.9084 -0.0000 -0.4180
vn 0.8986 -0.0000 -0.4387
vn 0.8831 -0.0000 -0.4691
vn 0.8612 -0.0000 -0.5083
vn 0.9347 -0.0000 -0.3553
vn 0.9053 -0.0000 -0.4247
vn 0.9936 -0.0000 0.1126
vn -0.0393 -0.0000 0.9992
vn 0.9984 -0.0000 -0.0569
vn 1.0000 -0.0000 -0.0090
vn 0.9999 -0.0000 -0.0167
vn 0.9990 -0.0000 -0.0442
vn 0.9956 -0.0000 -0.0933
vn 0.9671 -0.0000 -0.2546
vn 0.9504 -0.0000 -0.3111
vn 0.9430 -0.0000 -0.3328
vn 0.9431 -0.0000 -0.3326
vn 0.9266 -0.0000 -0.3760
vn 0.9157 -0.0000 -0.4019
vn -0.9561 -0.0000 0.2930
vn -0.9588 -0.0000 0.2840
vn -0.9602 -0.0000 0.2794
vn -0.9590 -0.0000 0.2834
vn -0.9657 -0.0000 0.2597
vn -0.9591 -0.0000 0.2830
vn 0.9490 -0.0000 -0.3153
vn 0.4443 -0.0000 -0.8959
vn 0.9923 -0.0000 -0.1235
vn 0.9925 -0.0000 -0.1226
vn 0.9920 -0.0000 -0.1260
vn 0.9895 -0.0000 -0.1446
vn 0.9889 -0.0000 -0.1485
vn 0.9889 -0.0000 -0.1486
vn 0.9890 -0.0000 -0.1477
vn 0.9932 -0.0000 -0.1163
vn 0.9936 -0.0000 -0.1126
vn -0.0803 -0.0000 0.9968
vn 0.8318 -0.0000 -0.5551
vn -0.9868 -0.0000 0.1621
vn -0.9869 -0.0000 0.1613
vn -0.9866 -0.0000 0.1631
vn -0.9878 -0.0000 0.1556
vn -0.9849 -0.0000 0.1734
vn -0.9867 -0.0000 0.1624
vn -0.9853 -0.0000 0.1711
vn -0.9839 -0.0000 0.1787
vn -0.9898 -0.0000 0.1423
vn -0.9924 -0.0000 0.1234
vn -0.9937 -0.0000 0.1119
vn -0.9909 -0.0000 0.1343
vn -0.9971 -0.0000 0.0765
vn -0.9973 -0.0000 0.0735
vn -0.9973 -0.0000 0.0736
vn -0.9983 -0.0000 0.0579
vn -0.6455 -0.0000 0.7637
vn -0.7081 -0.0000 0.7061
vn -0.7288 -0.0000 0.6848
vn -0.7538 -0.0000 0.6571
vn -0.7973 -0.0000 0.6035
vn -0.8267 -0.0000 0.5626
vn -0.8127 -0.0000 0.5826
vn -0.8160 -0.0000 0.5781
vn -0.7984 -0.0000 0.6021
vn -0.8098 -0.0000 0.5867
vn -0.7893 -0.0000 0.6141
vn -0.7993 -0.0000 0.6010
vn -0.7564 -0.0000 0.6541
vn 0.7231 -0.0000 -0.6908
vn 0.7490 -0.0000 -0.6626
vn 0.7412 -0.0000 -0.6713
vn 0.7711 -0.0000 -0.6367
vn 0.7758 -0.0000 -0.6310
vn 0.7758 -0.0000 -0.6309
vn 0.8037 -0.0000 -0.5951
vn 0.7407 -0.0000 -0.6718
vn 0.8013 -0.0000 -0.5983
vn 0.8034 -0.0000 -0.5955
vn 0.8232 -0.0000 -0.5678
vn 0.8852 -0.0000 -0.4652
vn 0.9285 -0.0000 -0.3712
vn 0.8337 -0.0000 -0.5523
vn 0.9871 -0.0000 -0.1601
vn 0.8686 -0.0000 -0.4956
vn 0.8686 -0.0000 -0.4955
vn 0.9730 -0.0000 -0.2306
vn 0.9872 -0.0000 -0.1594
vn 0.9960 -0.0000 -0.0897
vn 0.9822 -0.0000 -0.1880
vn 0.8028 -0.0000 -0.5962
vn 0.7966 -0.0000 -0.6045
vn 0.8148 -0.0000 -0.5797
vn 0.8696 -0.0000 -0.4938
vn 0.9857 -0.0000 -0.1683
vn 0.9856 -0.0000 -0.1693
vn 0.8336 -0.0000 -0.5523
vn 0.9285 -0.0000 -0.3713
vn 0.9730 -0.0000 -0.2307
vn 0.7232 -0.0000 -0.6906
vn -0.7679 -0.0000 0.6406
vn 0.7755 -0.0000 -0.6313
vn 0.0449 -0.0000 -0.9990
vn -0.7845 -0.0000 -0.6202
vn -0.3063 -0.0000 -0.9519
vn -0.2535 -0.0000 -0.9673
vn 0.7487 -0.0000 0.6629
vn 0.8881 -0.0000 0.4596
vn 0.9899 -0.0000 -0.1419
vn 0.3037 -0.0000 -0.9528
vn 0.9678 -0.0000 0.2516
vn 0.9938 -0.0000 0.1114
vn 0.9879 -0.0000 -0.1548
vn 0.5747 -0.0000 -0.8184
vn 0.8261 -0.0000 -0.5635
vn 0.8124 -0.0000 -0.5831
vn 0.7874 -0.0000 -0.6165
vn 0.7873 -0.0000 -0.6165
vn 0.6732 -0.0000 -0.7395
vn 0.6731 -0.0000 -0.7395
vn 0.7122 -0.0000 -0.7020
vn 0.9321 -0.0000 -0.3623
vn 0.9692 -0.0000 -0.2462
vn 0.9844 -0.0000 -0.1758
vn 0.5714 -0.0000 -0.8207
vn 0.9467 -0.0000 -0.3220
vn 0.9922 -0.0000 -0.1245
vn 1.0000 -0.0000 -0.0098
vn 0.2149 -0.0000 -0.9766
vn 0.4555 -0.0000 -0.8902
vn 0.6601 -0.0000 -0.7511
vn 0.8476 -0.0000 -0.5307
vn 0.0278 -0.9996 -0.0000
vn 0.9999 -0.0000 0.0159
vn 0.9984 -0.0000 -0.0559
vn -0.0006 1.0000 0.0001
vn -0.0004 1.0000 0.0003
vn 0.0004 1.0000 -0.0000
vn 0.0022 1.0000 -0.0001
vn -0.0003 1.0000 -0.0007
vn 0.0001 1.0000 -0.0000
vn -0.0002 1.0000 -0.0001
vn -0.0004 1.0000 -0.0000
vn 0.0003 1.0000 -0.0000
vn 0.0004 -1.0000 -0.0000
vn 0.0002 -1.0000 -0.0000
vn -0.0018 -1.0000 -0.0002
vn 0.0008 -1.0000 0.0001
vn 0.0003 -1.0000 -0.0000
vn 0.0001 -1.0000 -0.0001
vn 0.0002 -1.0000 0.0001
vn -0.0001 -1.0000 -0.0000
vn -0.0006 -1.0000 -0.0003
vn -0.0002 -1.0000 -0.0001
vn 0.0454 -0.0000 -0.9990
vn 0.0884 -0.0000 -0.9961
vn 0.0312 0.9995 -0.0008
vn -0.0019 -1.0000 0.0002
vn 0.7662 -0.0000 -0.6426
vn 0.0208 -0.9998 -0.0001
vn 0.0014 1.0000 -0.0002
vn 0.9890 -0.0000 -0.1479
vn 0.7707 -0.0000 -0.6372
vn 0.9986 -0.0000 -0.0531
vn 0.7437 -0.0000 -0.6685
vn 0.3968 -0.0000 -0.9179
vn 0.0956 -0.0000 -0.9954
vn -0.0000 -1.0000 -0.0001
vn -0.0000 -1.0000 0.0001
vn 0.9575 -0.0000 -0.2886
vn 0.9945 -0.0000 -0.1044
vn 0.0187 -0.0000 -0.9998
vn 0.9938 -0.0000 0.1109
vn -0.9938 -0.0000 0.1110
vn -0.0534 -0.0000 0.9986
vn -0.9823 -0.0000 -0.1874
vn 0.0893 -0.0000 -0.9960
vn -0.2903 -0.0000 0.9569
vn -0.9985 -0.0000 -0.0543
vn 0.0470 -0.0000 -0.9989
vn 0.2759 -0.0000 -0.9612
vn 0.3474 -0.0000 -0.9377
vn 0.6089 -0.0000 -0.7932
vn 0.5905 -0.0000 -0.8070
vn 0.6583 -0.0000 -0.7528
vn 0.6334 -0.0000 -0.7738
vn 0.7101 -0.0000 -0.7041
vn 0.6807 -0.0000 -0.7326
vn 0.7118 -0.0000 -0.7024
vn 0.3468 -0.0000 -0.9379
vn 0.3473 -0.0000 -0.9378
vn 0.3221 -0.0000 -0.9467
vn 0.3869 -0.0000 -0.9221
vn 0.3476 -0.0000 -0.9376
vn 0.2624 -0.0000 -0.9649
vn 0.3396 -0.0000 -0.9406
vn 0.2992 -0.0000 -0.9542
vn 0.6492 -0.0000 -0.7606
vn -0.3102 -0.0000 0.9507
vn -0.3190 -0.0000 0.9478
vn -0.3160 -0.0000 0.9488
vn -0.2614 -0.0000 0.9652
vn -0.3557 -0.0000 0.9346
vn -0.3930 -0.0000 0.9195
vn -0.3434 -0.0000 0.9392
vn -0.2941 -0.0000 0.9558
vn -0.2852 -0.0000 0.9585
vn -0.3866 -0.0000 0.9223
vn -0.5143 -0.0000 0.8576
vn -0.7178 -0.0000 0.6962
vn -0.6875 -0.0000 0.7262
vn -0.6414 -0.0000 0.7672
vn 0.3309 -0.0000 -0.9437
vn 0.2663 -0.0000 -0.9639
vn 0.3386 -0.0000 -0.9409
vn 0.3233 -0.0000 -0.9463
vn 0.3494 -0.0000 -0.9370
vn 0.3405 -0.0000 -0.9402
vn 0.3389 -0.0000 -0.9408
vn 0.3091 -0.0000 -0.9510
vn 0.5946 -0.0000 -0.8040
vn 0.6756 -0.0000 -0.7373
vn 0.7102 -0.0000 -0.7040
vn 0.8408 -0.0000 -0.5413
vn 0.0002 -1.0000 -0.0001
vn 0.2844 -0.0000 0.9587
vn 0.9999 -0.0000 0.0127
vn 0.9988 -0.0000 0.0495
vn 0.3166 -0.0000 0.9486
vn 0.9749 -0.0000 0.2226
vn 0.9569 -0.0000 -0.2903
vn 0.7730 -0.0000 -0.6344
vn 0.6344 -0.0000 -0.7730
vn 0.4714 -0.0000 -0.8819
vn 0.0980 -0.0000 -0.9952
vn -0.5509 -0.0000 -0.8346
vn -0.6351 -0.0000 -0.7724
vn -0.6717 -0.0000 -0.7408
vn -0.7056 -0.0000 -0.7086
vn -0.7322 -0.0000 -0.6811
vn -0.7475 -0.0000 -0.6643
vn 0.7596 -0.0000 0.6504
vn 0.7504 -0.0466 0.6594
vn 0.7690 -0.0000 0.6392
vn 0.7506 0.0395 0.6596
vn 0.8416 -0.0000 0.5401
vn -0.0098 -0.0000 1.0000
vn 0.9781 -0.0000 0.2080
vn 0.4462 -0.0000 0.8949
vn 0.2488 -0.0000 0.9685
vn 0.9574 -0.0000 -0.2886
vn -0.0980 -0.0000 -0.9952
vn -0.6344 -0.0000 -0.7730
vn -0.9569 -0.0000 -0.2903
vn -0.7730 -0.0000 -0.6344
vn -0.4714 -0.0000 -0.8819
vn -0.8819 -0.0000 -0.4714
vn 0.8819 -0.0000 -0.4714
vn 0.2903 -0.0000 -0.9569
vn 0.9217 -0.0000 -0.3879
vn 0.9492 -0.0000 -0.3146
vn 0.9398 -0.0000 -0.3416
vn 0.9228 -0.0000 -0.3853
vn 0.9301 -0.0000 -0.3672
vn 0.9182 -0.0000 -0.3961
vn 0.9194 -0.0000 -0.3932
vn 0.8064 -0.0000 -0.5914
vn 0.9349 -0.0000 -0.3549
vn 0.9041 -0.0000 -0.4273
vn 0.9327 -0.0000 -0.3606
vn 0.8007 -0.0000 -0.5990
vn 0.8189 -0.0000 -0.5739
vn 0.7872 -0.0000 -0.6166
vn 0.8002 -0.0000 -0.5997
vn 0.8132 -0.0000 -0.5819
vn 0.7629 -0.0000 -0.6465
vn 0.7545 -0.0000 -0.6563
vn 0.7882 -0.0000 -0.6155
vn 0.7877 -0.0000 -0.6160
vn 0.7807 -0.0000 -0.6250
vn 0.7867 -0.0000 -0.6174
vn 0.7976 -0.0000 -0.6031
vn 0.8053 -0.0000 -0.5929
vn 0.7781 -0.0000 -0.6281
vn 0.7770 -0.0000 -0.6295
vn 0.7385 -0.0000 -0.6743
vn 0.7384 -0.0000 -0.6743
vn -0.8193 -0.0000 0.5734
vn -0.7791 -0.0000 0.6269
vn -0.7796 -0.0000 0.6262
vn -0.7761 -0.0000 0.6306
vn -0.7985 -0.0000 0.6020
vn -0.8017 -0.0000 0.5977
vn -0.7906 -0.0000 0.6124
vn -0.7842 -0.0000 0.6204
vn -0.7880 -0.0000 0.6157
vn -0.7925 -0.0000 0.6098
vn -0.7873 -0.0000 0.6166
vn -0.8046 -0.0000 0.5939
vn -0.8156 -0.0000 0.5786
vn -0.8008 -0.0000 0.5989
vn -0.8150 -0.0000 0.5795
vn -0.7796 -0.0000 0.6263
vn -0.7924 -0.0000 0.6100
vn -0.9725 -0.0000 0.2328
vn -0.9621 -0.0000 0.2728
vn -0.8916 -0.0000 0.4527
vn -0.9111 -0.0000 0.4122
vn -0.9102 -0.0000 0.4141
vn -0.9016 -0.0000 0.4325
vn -0.9002 -0.0000 0.4354
vn -0.9054 -0.0000 0.4246
vn -0.9412 -0.0000 0.3379
vn 0.9739 -0.0000 -0.2270
vn 0.8011 -0.0000 -0.5985
vn 0.7744 -0.0000 -0.6327
vn 0.7780 -0.0000 -0.6282
vn 0.7977 -0.0000 -0.6031
vn 0.7871 -0.0000 -0.6168
vn 0.7900 -0.0000 -0.6131
vn 0.8033 -0.0000 -0.5956
vn 0.7921 -0.0000 -0.6103
vn 0.8024 -0.0000 -0.5968
vn 0.9292 -0.0000 -0.3696
vn 0.9151 -0.0000 -0.4033
vn 0.9234 -0.0000 -0.3839
vn 0.9358 -0.0000 -0.3525
vn 0.9274 -0.0000 -0.3741
vn 0.9433 -0.0000 -0.3320
vn 1.0000 -0.0000 0.0042
vn 1.0000 -0.0000 -0.0092
vn 0.9981 -0.0000 -0.0613
vn 0.9970 -0.0000 -0.0780
vn 0.9944 -0.0000 -0.1058
vn 0.9923 -0.0000 -0.1239
vn 0.9885 -0.0000 -0.1514
vn 0.9898 -0.0000 -0.1426
vn 0.9385 -0.0000 -0.3453
vn 0.9392 -0.0000 -0.3434
vn 0.9408 -0.0000 -0.3391
vn 0.9335 -0.0000 -0.3585
vn 0.9310 -0.0000 -0.3649
vn 0.9243 -0.0000 -0.3817
vn 0.9297 -0.0000 -0.3684
vn 0.9295 -0.0000 -0.3688
vn 0.9187 -0.0000 -0.3950
vn 0.9262 -0.0000 -0.3771
vn 0.9179 -0.0000 -0.3968
vn 0.9190 -0.0000 -0.3942
vn 0.9231 -0.0000 -0.3845
vn 0.9172 -0.0000 -0.3985
vn 0.9148 -0.0000 -0.4038
vn 0.9131 -0.0000 -0.4078
vn 0.8991 -0.0000 -0.4378
vn -0.0698 -0.0000 -0.9976
vn 0.9192 -0.0000 -0.3939
vn 0.9899 -0.0000 -0.1415
vn -0.9266 -0.0000 0.3759
vn -0.9075 -0.0000 0.4201
vn -0.9073 -0.0000 0.4204
vn -0.9199 -0.0000 0.3921
vn -0.9190 -0.0000 0.3942
vn -0.9162 -0.0000 0.4007
vn -0.9242 -0.0000 0.3819
vn -0.9219 -0.0000 0.3875
vn -0.9303 -0.0000 0.3668
vn -0.9169 -0.0000 0.3992
vn -0.9285 -0.0000 0.3714
vn -0.9059 -0.0000 0.4235
vn -0.9371 -0.0000 0.3490
vn -0.9294 -0.0000 0.3691
vn -0.9292 -0.0000 0.3696
vn -0.9384 -0.0000 0.3454
vn -0.9265 -0.0000 0.3762
vn -0.9366 -0.0000 0.3503
vn -0.9415 -0.0000 0.3370
vn -0.9389 -0.0000 0.3441
vn -0.9342 -0.0000 0.3567
vn -0.9382 -0.0000 0.3461
vn -0.9996 -0.0000 -0.0277
vn -0.9993 -0.0000 -0.0385
vn -0.9971 -0.0000 0.0757
vn -0.9925 -0.0000 0.1226
vn -0.9863 -0.0000 0.1652
vn -0.9907 -0.0000 0.1358
vn -0.9910 -0.0000 0.1336
vn -0.9909 -0.0000 0.1349
vn -0.9910 -0.0000 0.1342
vn -0.9903 -0.0000 0.1386
vn -0.9904 -0.0000 0.1383
vn -0.9853 -0.0000 0.1706
vn -0.9877 -0.0000 0.1565
vn -0.9902 -0.0000 0.1393
vn -0.9994 -0.0000 0.0356
vn 0.9084 -0.0000 -0.4182
vn 0.9125 -0.0000 -0.4092
vn 0.9156 -0.0000 -0.4021
vn 0.9247 -0.0000 -0.3807
vn 0.9218 -0.0000 -0.3876
vn 0.9203 -0.0000 -0.3912
vn 0.9296 -0.0000 -0.3686
vn 0.9269 -0.0000 -0.3754
vn 0.9461 -0.0000 -0.3240
vn 0.9447 -0.0000 -0.3280
vn 0.9924 -0.0000 -0.1231
vn 0.9902 -0.0000 -0.1394
vn 0.9966 -0.0000 -0.0822
vn 0.9951 -0.0000 -0.0992
vn 0.9983 -0.0000 -0.0576
vn 0.9991 -0.0000 -0.0415
vn -0.9860 -0.0000 -0.1666
vn -0.9963 -0.0000 -0.0857
vn -0.9989 -0.0000 -0.0459
vn -0.9953 -0.0000 -0.0969
vn -0.9972 -0.0000 -0.0747
vn -0.9964 -0.0000 -0.0850
vn -0.9969 -0.0000 -0.0780
vn -0.9959 -0.0000 -0.0907
vn -0.9679 -0.0000 -0.2515
vn -0.9579 -0.0000 -0.2871
vn -0.9691 -0.0000 0.2466
vn -0.9861 -0.0000 0.1660
vn -0.9927 -0.0000 0.1204
vn -0.9943 -0.0000 0.1070
vn -0.9915 -0.0000 0.1303
vn -0.9912 -0.0000 0.1323
vn -0.9941 -0.0000 0.1089
vn -0.9935 -0.0000 0.1134
vn -0.9911 -0.0000 0.1334
vn -0.9867 -0.0000 0.1625
vn -0.9882 -0.0000 0.1533
vn -0.9912 -0.0000 0.1322
vn -0.9901 -0.0000 0.1405
vn -0.9911 -0.0000 0.1327
vn -0.9911 -0.0000 0.1328
vn -0.9849 -0.0000 0.1732
vn -0.9876 -0.0000 0.1572
vn -0.9839 -0.0000 0.1789
vn -0.9816 -0.0000 0.1911
vn -0.9870 -0.0000 0.1609
vn 0.9830 -0.0000 -0.1837
vn 0.9871 -0.0000 -0.1600
vn 0.9900 -0.0000 -0.1409
vn 0.9881 -0.0000 -0.1541
vn 0.9903 -0.0000 -0.1392
vn 0.9875 -0.0000 -0.1576
vn 0.9889 -0.0000 -0.1487
vn 0.9886 -0.0000 -0.1507
vn 0.9894 -0.0000 -0.1453
vn 0.9945 -0.0000 -0.1046
vn 0.9941 -0.0000 -0.1088
vn 0.9966 -0.0000 -0.0825
vn 0.9914 -0.0000 -0.1311
vn 0.9942 -0.0000 0.1078
vn 0.9936 -0.0000 0.1129
vn 0.9978 -0.0000 0.0661
vn 0.9908 -0.0000 0.1354
vn 0.9917 -0.0000 0.1286
vn 0.9900 -0.0000 0.1410
vn 0.9894 -0.0000 0.1450
vn 0.9682 -0.0000 0.2500
vn 0.9880 -0.0000 0.1547
vn 0.9853 -0.0000 0.1710
vn 0.9768 -0.0000 0.2143
vn 0.9382 -0.0000 0.3461
vn 0.9855 -0.0000 0.1696
vn 0.9761 -0.0000 -0.2174
vn 0.9800 -0.0000 0.1992
vn 0.9789 -0.0000 0.2045
vn 0.9845 -0.0000 0.1751
vn 0.9906 -0.0000 0.1365
vn 0.9902 -0.0000 0.1395
vn 0.9984 -0.0000 0.0573
vn 0.9989 -0.0000 -0.0473
vn 0.9930 -0.0000 -0.1182
vn 0.9927 -0.0000 -0.1209
vn 0.9909 -0.0000 -0.1343
vn 0.9846 -0.0000 -0.1749
vn 0.9912 -0.0000 -0.1321
vn 0.9910 -0.0000 -0.1337
vn 0.9862 -0.0000 -0.1654
vn 0.9870 -0.0000 -0.1608
vn 0.9843 -0.0000 -0.1764
vn -0.0218 -0.0000 -0.9998
vn 0.9864 -0.0000 -0.1644
vn -0.9592 -0.0000 -0.2826
vn -0.9627 -0.0000 -0.2707
vn -0.9544 -0.0000 -0.2987
vn -0.9544 -0.0000 -0.2986
vn -0.9587 -0.0000 -0.2844
vn -0.9620 -0.0000 -0.2731
vn -0.9671 -0.0000 -0.2543
vn -0.9568 -0.0000 -0.2908
vn -0.9490 -0.0000 -0.3152
vn -0.9352 -0.0000 -0.3540
vn -0.8947 -0.0000 -0.4466
vn -0.8947 -0.0000 -0.4467
vn -0.8815 -0.0000 -0.4721
vn -0.8907 -0.0000 -0.4546
vn -0.9985 -0.0000 0.0551
vn -0.9993 -0.0000 -0.0366
vn -0.9963 -0.0000 -0.0855
vn -0.9979 -0.0000 -0.0652
vn -0.9949 -0.0000 -0.1012
vn -0.9961 -0.0000 -0.0878
vn -0.9968 -0.0000 -0.0795
vn -0.9954 -0.0000 -0.0963
vn -0.9958 -0.0000 -0.0917
vn -0.9980 -0.0000 -0.0631
vn -0.9981 -0.0000 -0.0622
vn -0.9989 -0.0000 -0.0464
vn -0.9987 -0.0000 -0.0503
vn -0.9983 -0.0000 -0.0586
vn -0.9994 -0.0000 -0.0348
vn -0.9997 -0.0000 -0.0238
vn -0.9990 -0.0000 -0.0438
vn -0.9999 -0.0000 -0.0124
vn -1.0000 -0.0000 -0.0099
vn -0.9998 -0.0000 -0.0186
vn -1.0000 -0.0000 -0.0096
vn 0.9603 -0.0000 0.2789
vn 0.9998 -0.0000 -0.0222
vn 0.9998 -0.0000 -0.0223
vn 0.9998 -0.0000 -0.0221
vn 0.9999 -0.0000 0.0107
vn 0.9590 -0.0000 0.2834
vn 0.9590 -0.0000 0.2833
vn 0.9994 -0.0000 0.0340
vn 0.9997 -0.0000 0.0242
vn 0.9988 -0.0000 0.0480
vn 0.9986 -0.0000 0.0538
vn 0.9984 -0.0000 0.0558
vn 0.9972 -0.0000 0.0749
vn 0.9972 -0.0000 0.0750
vn 1.0000 -0.0000 0.0005
vn 0.9978 -0.0000 0.0658
vn 0.9936 -0.0000 -0.1127
vn 0.9974 -0.0000 0.0724
vn 0.9975 -0.0000 0.0701
vn 0.9930 -0.0000 0.1185
vn 0.9644 -0.0000 0.2645
vn 0.9530 -0.0000 0.3029
vn 0.9178 -0.0000 0.3970
vn 0.9510 -0.0000 0.3092
vn 0.9348 -0.0000 0.3552
vn 0.9408 -0.0000 0.3389
vn 0.9371 -0.0000 0.3490
vn 0.9263 -0.0000 0.3767
vn 0.9084 -0.0000 0.4180
vn 0.8986 -0.0000 0.4387
vn 0.8831 -0.0000 0.4691
vn 0.8612 -0.0000 0.5083
vn 0.9347 -0.0000 0.3553
vn 0.9053 -0.0000 0.4247
vn -0.0393 -0.0000 -0.9992
vn 0.9984 -0.0000 0.0569
vn 1.0000 -0.0000 0.0090
vn 0.9999 -0.0000 0.0167
vn 0.9990 -0.0000 0.0442
vn 0.9956 -0.0000 0.0933
vn 0.9671 -0.0000 0.2546
vn 0.9504 -0.0000 0.3111
vn 0.9430 -0.0000 0.3328
vn 0.9431 -0.0000 0.3326
vn 0.9266 -0.0000 0.3760
vn 0.9157 -0.0000 0.4019
vn -0.9561 -0.0000 -0.2930
vn -0.9588 -0.0000 -0.2840
vn -0.9602 -0.0000 -0.2794
vn -0.9590 -0.0000 -0.2834
vn -0.9657 -0.0000 -0.2597
vn -0.9591 -0.0000 -0.2830
vn 0.9490 -0.0000 0.3153
vn 0.4443 -0.0000 0.8959
vn 0.9923 -0.0000 0.1235
vn 0.9925 -0.0000 0.1226
vn 0.9920 -0.0000 0.1260
vn 0.9895 -0.0000 0.1446
vn 0.9889 -0.0000 0.1485
vn 0.9889 -0.0000 0.1486
vn 0.9890 -0.0000 0.1477
vn 0.9932 -0.0000 0.1163
vn -0.0803 -0.0000 -0.9968
vn 0.8318 -0.0000 0.5551
vn -0.9868 -0.0000 -0.1621
vn -0.9869 -0.0000 -0.1613
vn -0.9866 -0.0000 -0.1631
vn -0.9878 -0.0000 -0.1556
vn -0.9849 -0.0000 -0.1734
vn -0.9867 -0.0000 -0.1624
vn -0.9853 -0.0000 -0.1711
vn -0.9839 -0.0000 -0.1787
vn -0.9898 -0.0000 -0.1423
vn -0.9924 -0.0000 -0.1234
vn -0.9937 -0.0000 -0.1119
vn -0.9909 -0.0000 -0.1343
vn -0.9971 -0.0000 -0.0765
vn -0.9973 -0.0000 -0.0735
vn -0.9983 -0.0000 -0.0579
vn -0.6455 -0.0000 -0.7637
vn -0.7081 -0.0000 -0.7061
vn -0.7288 -0.0000 -0.6848
vn -0.7538 -0.0000 -0.6571
vn -0.7974 -0.0000 -0.6035
vn -0.7973 -0.0000 -0.6035
vn -0.8267 -0.0000 -0.5626
vn -0.8127 -0.0000 -0.5826
vn -0.8160 -0.0000 -0.5781
vn -0.7984 -0.0000 -0.6021
vn -0.8098 -0.0000 -0.5867
vn -0.7893 -0.0000 -0.6141
vn -0.7993 -0.0000 -0.6010
vn -0.7564 -0.0000 -0.6541
vn 0.7231 -0.0000 0.6908
vn 0.7490 -0.0000 0.6626
vn 0.7412 -0.0000 0.6713
vn 0.7711 -0.0000 0.6367
vn 0.7758 -0.0000 0.6309
vn 0.8037 -0.0000 0.5951
vn 0.7407 -0.0000 0.6718
vn 0.8013 -0.0000 0.5983
vn 0.8034 -0.0000 0.5955
vn 0.8232 -0.0000 0.5678
vn 0.8852 -0.0000 0.4652
vn 0.9285 -0.0000 0.3713
vn 0.9285 -0.0000 0.3712
vn 0.8337 -0.0000 0.5523
vn 0.9871 -0.0000 0.1601
vn 0.8686 -0.0000 0.4955
vn 0.8686 -0.0000 0.4956
vn 0.9730 -0.0000 0.2306
vn 0.9872 -0.0000 0.1594
vn 0.9960 -0.0000 0.0897
vn 0.9822 -0.0000 0.1880
vn 0.8028 -0.0000 0.5962
vn 0.7966 -0.0000 0.6045
vn 0.8148 -0.0000 0.5797
vn 0.8696 -0.0000 0.4938
vn 0.9857 -0.0000 0.1683
vn 0.9857 -0.0000 0.1682
vn 0.9856 -0.0000 0.1693
vn 0.7758 -0.0000 0.6310
vn 0.9730 -0.0000 0.2307
vn 0.7232 -0.0000 0.6906
vn -0.7679 -0.0000 -0.6406
vn 0.7755 -0.0000 0.6313
vn 0.0449 -0.0000 0.9990
vn -0.7845 -0.0000 0.6202
vn -0.3063 -0.0000 0.9519
vn -0.2535 -0.0000 0.9673
vn 0.7487 -0.0000 -0.6629
vn 0.8881 -0.0000 -0.4596
vn 0.9899 -0.0000 0.1419
vn 0.3037 -0.0000 0.9528
vn 0.9678 -0.0000 -0.2516
vn 0.9938 -0.0000 -0.1114
vn 0.9879 -0.0000 0.1548
vn 0.5747 -0.0000 0.8184
vn 0.8261 -0.0000 0.5635
vn 0.8124 -0.0000 0.5831
vn 0.7873 -0.0000 0.6165
vn 0.6732 -0.0000 0.7395
vn 0.6731 -0.0000 0.7395
vn 0.7122 -0.0000 0.7020
vn 0.9321 -0.0000 0.3623
vn 0.9692 -0.0000 0.2462
vn 0.9844 -0.0000 0.1758
vn 0.5714 -0.0000 0.8207
vn 0.9467 -0.0000 0.3220
vn 0.9922 -0.0000 0.1245
vn 1.0000 -0.0000 0.0098
vn 0.2149 -0.0000 0.9766
vn 0.4555 -0.0000 0.8902
vn 0.6601 -0.0000 0.7511
vn 0.8476 -0.0000 0.5307
vn 0.8476 -0.0000 0.5306
vn 0.0830 0.9965 0.0005
vn -0.0009 1.0000 -0.0000
vn -0.9997 -0.0000 -0.0244
vn 0.9984 -0.0000 0.0559
vn -0.0000 1.0000 -0.0001
vn 0.0022 1.0000 0.0001
vn -0.0002 1.0000 0.0004
vn 0.0001 1.0000 -0.0001
vn -0.0002 1.0000 0.0002
vn 0.0009 1.0000 -0.0000
vn -0.0000 -1.0000 0.0002
vn 0.0006 -1.0000 -0.0001
vn -0.0005 -1.0000 0.0002
vn 0.0454 -0.0000 0.9990
vn 0.0884 -0.0000 0.9961
vn -0.0000 -1.0000 0.0030
vn -0.0020 -1.0000 -0.0002
vn 0.7662 -0.0000 0.6426
vn -0.0000 1.0000 0.0005
vn 0.9890 -0.0000 0.1479
vn 0.7707 -0.0000 0.6372
vn 0.9986 -0.0000 0.0531
vn 0.7437 -0.0000 0.6685
vn 0.3968 -0.0000 0.9179
vn -0.3210 -0.0000 0.9471
vn 0.9575 -0.0000 0.2886
vn 0.9945 -0.0000 0.1044
vn 0.0187 -0.0000 0.9998
vn 0.9938 -0.0000 -0.1109
vn -0.9938 -0.0000 -0.1110
vn -0.0534 -0.0000 -0.9986
vn -0.9823 -0.0000 0.1874
vn 0.0893 -0.0000 0.9960
vn -0.2903 -0.0000 -0.9569
vn -0.9985 -0.0000 0.0543
vn 0.0470 -0.0000 0.9989
vt -3.627422 2.371436
vt -3.574671 2.360849
vt -3.627304 2.360530
vt -3.574789 2.371754
vt -3.536098 2.361082
vt -3.536215 2.371988
vt -3.655183 2.371267
vt -3.655066 2.360362
vt -3.673240 2.371158
vt -3.673122 2.360252
vt -3.701499 2.370987
vt -3.701382 2.360081
vt -3.731313 2.370806
vt -3.731196 2.359901
vt -3.763231 2.370613
vt -3.763114 2.359707
vt -3.791219 2.370443
vt -3.791102 2.359538
vt -3.828193 2.370220
vt -3.828075 2.359314
vt -3.763449 2.390782
vt -3.791536 2.399847
vt -3.763549 2.400015
vt -3.791436 2.390613
vt -3.731531 2.390975
vt -3.731630 2.400209
vt -3.575104 2.401157
vt -3.627639 2.391605
vt -3.627738 2.400838
vt -3.575006 2.391924
vt -3.701715 2.391156
vt -3.701815 2.400390
vt -3.673457 2.391327
vt -3.673556 2.400561
vt -3.453645 2.392659
vt -3.498549 2.401620
vt -3.453745 2.401892
vt -3.498450 2.392387
vt -3.655500 2.400670
vt -3.655401 2.391437
vt -3.536432 2.392157
vt -3.536531 2.401391
vt -3.397443 2.392999
vt -3.397543 2.402232
vt -3.295971 2.393613
vt -3.353655 2.402498
vt -3.296071 2.402847
vt -3.353556 2.393265
vt -3.241327 2.403178
vt -3.241228 2.393945
vt -3.094985 2.394830
vt -3.123343 2.403893
vt -3.095085 2.404064
vt -3.123243 2.394660
vt -3.181640 2.403540
vt -3.181541 2.394306
vt -3.091883 2.404084
vt -3.092679 2.394845
vt -3.094769 2.374661
vt -3.091449 2.363775
vt -3.094651 2.363756
vt -3.092462 2.374675
vt -3.103048 2.484637
vt -3.123915 2.444200
vt -3.124349 2.484508
vt -3.102614 2.444329
vt -3.165366 2.443949
vt -3.165801 2.484257
vt -3.209617 2.483992
vt -3.259445 2.443379
vt -3.259879 2.483687
vt -3.209183 2.443684
vt -3.305445 2.443101
vt -3.305879 2.483408
vt -3.351878 2.442819
vt -3.352312 2.483127
vt -3.384375 2.442622
vt -3.384809 2.482931
vt -3.432568 2.442331
vt -3.433002 2.482639
vt -3.499441 2.441926
vt -3.499875 2.482234
vt -3.560593 2.441555
vt -3.561027 2.481863
vt -3.614939 2.481537
vt -3.635499 2.441102
vt -3.635934 2.481409
vt -3.614504 2.441229
vt -3.668129 2.440904
vt -3.668563 2.481212
vt 1.367106 2.350359
vt 1.438413 2.391101
vt 1.438847 2.350793
vt 1.366673 2.390666
vt 1.502920 2.391492
vt 1.503354 2.351184
vt 1.544651 2.391744
vt 1.545085 2.351437
vt -3.123026 2.374490
vt -3.122909 2.363585
vt -3.181324 2.374137
vt -3.181206 2.363231
vt -3.241011 2.373775
vt -3.240893 2.362870
vt -3.295754 2.373444
vt -3.295637 2.362538
vt -3.353339 2.373095
vt -3.353221 2.362190
vt -3.397226 2.372830
vt -3.397109 2.361924
vt -3.453428 2.372489
vt -3.453311 2.361583
vt -3.498233 2.372218
vt -3.498115 2.361312
vt -3.167835 2.504416
vt -3.092751 2.484700
vt -3.167618 2.484247
vt -3.092968 2.504869
vt -3.245419 2.483776
vt -3.245636 2.503945
vt -3.331465 2.483255
vt -3.331682 2.503424
vt -3.411759 2.482768
vt -3.411977 2.502937
vt -3.474340 2.502559
vt -3.474123 2.482390
vt -3.546353 2.481953
vt -3.546570 2.502122
vt -3.628652 2.481454
vt -3.628869 2.501623
vt -3.691934 2.481071
vt -3.692151 2.501240
vt -3.758769 2.500837
vt -3.758552 2.480668
vt -3.811078 2.480350
vt -3.811295 2.500519
vt -3.253414 -0.738235
vt -3.292198 -0.758641
vt -3.292416 -0.738472
vt -3.253197 -0.758405
vt -3.011499 1.815200
vt -3.020201 1.773593
vt -3.053650 1.809421
vt -3.004954 1.801815
vt -2.989530 1.771215
vt -2.830577 1.832494
vt -2.932438 1.823913
vt -2.660561 1.847332
vt -2.750845 1.840276
vt -2.400834 1.852599
vt -2.577775 1.852803
vt -2.506446 1.859006
vt -2.957755 1.810108
vt -2.282218 1.844253
vt -2.068963 1.830372
vt -2.158805 1.836870
vt -1.725604 1.804931
vt -1.950704 1.821498
vt -1.829664 1.813613
vt -2.907542 1.816185
vt -2.853280 1.821845
vt -2.775369 1.828668
vt -2.817998 1.824571
vt -1.545032 1.779963
vt -1.619804 1.795755
vt -1.555850 1.791795
vt -2.689857 1.835740
vt -2.736832 1.831584
vt -1.549312 1.780471
vt -1.636793 1.787850
vt -2.594201 1.842569
vt -2.638771 1.839344
vt -2.498063 1.849468
vt -2.545940 1.845035
vt -2.409749 1.843078
vt -2.457274 1.845201
vt -2.360103 1.840257
vt -1.850360 1.806041
vt -1.712733 1.794179
vt -1.782264 1.799426
vt -2.315889 1.837503
vt -2.208068 1.830077
vt -2.261825 1.833452
vt -2.150153 1.827170
vt -2.029275 1.818195
vt -1.913721 1.810171
vt -1.971582 1.813521
vt -2.082797 1.822181
vt 1.213621 2.536044
vt 1.197767 2.564078
vt 1.228384 2.566827
vt 1.207363 2.522582
vt 1.165094 2.527849
vt 1.388635 2.507480
vt 1.286602 2.514826
vt 1.558949 2.494704
vt 1.468523 2.500666
vt 1.641841 2.490237
vt 1.818753 2.492584
vt 1.713295 2.484898
vt 1.260992 2.528324
vt 1.937175 2.502364
vt 2.150105 2.518826
vt 2.060414 2.511240
vt 2.268157 2.529132
vt 2.492870 2.548423
vt 2.389011 2.538481
vt 1.311329 2.522856
vt 1.443753 2.511976
vt 1.365706 2.517854
vt 1.401041 2.515554
vt 2.598459 2.558879
vt 2.672881 2.575575
vt 2.662320 2.563612
vt 1.529407 2.505939
vt 1.482348 2.509526
vt 2.668612 2.575014
vt 2.581303 2.566576
vt 1.625198 2.500271
vt 1.580563 2.502955
vt 1.721471 2.494536
vt 1.673505 2.498389
vt 1.809637 2.501995
vt 1.762163 2.499297
vt 1.859215 2.505418
vt 2.505508 2.559329
vt 2.368155 2.545802
vt 2.436100 2.553241
vt 1.903363 2.508706
vt 2.011011 2.517436
vt 1.957334 2.513411
vt 2.068857 2.521044
vt 2.304891 2.540904
vt 2.189524 2.531483
vt 2.247110 2.536855
vt 2.136096 2.526848
vt -3.272473 -1.395519
vt -3.327460 -1.405086
vt -3.327559 -1.395853
vt -3.246674 -1.364286
vt -3.327776 -1.375683
vt -3.327894 -1.364778
vt -3.272690 -1.375350
vt -3.246240 -1.404594
vt -1.560866 2.341070
vt -1.295503 2.366297
vt -1.419779 2.353596
vt -1.182698 2.378335
vt -1.104867 2.402263
vt -1.109972 2.385391
vt -1.954710 2.305824
vt -1.692059 2.328859
vt -1.811722 2.317447
vt -1.149526 2.397240
vt -1.205377 2.390248
vt -2.243514 2.285172
vt -2.114796 2.292144
vt -2.427470 2.284719
vt -2.343851 2.279497
vt -2.680984 2.302870
vt -2.538381 2.290607
vt -2.973589 2.328766
vt -2.824262 2.313792
vt -3.091223 2.342676
vt -3.059777 2.338219
vt -3.063800 2.389935
vt -3.078498 2.390311
vt -3.061036 2.358733
vt -1.259730 2.384494
vt -1.310411 2.379259
vt -2.965301 2.345648
vt -1.377125 2.372590
vt -1.531818 2.358051
vt -1.459331 2.365099
vt -2.865435 2.332793
vt -2.747264 2.321193
vt -1.604289 2.350887
vt -1.746496 2.337852
vt -1.681405 2.344212
vt -2.635040 2.311268
vt -2.521994 2.303084
vt -1.805350 2.333063
vt -1.957339 2.320051
vt -1.874496 2.327453
vt -2.339841 2.293136
vt -2.438274 2.297891
vt -2.380908 2.295242
vt -2.041325 2.313414
vt -2.231997 2.300276
vt -2.307059 2.295333
vt -2.132566 2.306564
vt -1.579754 1.989795
vt -1.547511 2.010161
vt -1.547294 1.989992
vt -1.579971 2.009964
vt 2.645964 2.756827
vt 2.479864 2.735651
vt 2.479647 2.755820
vt 2.646182 2.736658
vt 1.558485 2.401062
vt 1.501103 2.391481
vt 1.501004 2.400714
vt 1.588610 2.432321
vt 1.500787 2.420883
vt 1.500669 2.431788
vt 1.558267 2.421231
vt 1.589044 2.392014
vt 1.321099 2.173183
vt 1.353762 2.189582
vt 1.353400 2.169445
vt 1.137450 2.208190
vt 1.263941 2.197787
vt 0.891481 2.226279
vt 1.043547 2.216166
vt 0.682162 2.240010
vt 0.285559 2.270678
vt 0.506445 2.255909
vt 1.077256 2.195098
vt 1.196922 2.183655
vt 0.736715 2.221345
vt 0.959426 2.204735
vt 0.851199 2.212380
vt 0.120134 2.280464
vt 0.525971 2.237056
vt 0.621625 2.229367
vt -0.065131 2.291135
vt -0.384129 2.283319
vt -0.157439 2.292738
vt -0.510298 2.272137
vt -0.913061 2.231931
vt -0.682930 2.257139
vt 0.417832 2.245184
vt 0.315700 2.252984
vt -1.101541 2.207553
vt -1.062571 2.212933
vt -1.084410 2.185824
vt -1.102200 2.154574
vt -0.996270 2.205013
vt 0.016707 2.271829
vt 0.209233 2.260776
vt 0.112624 2.265590
vt -0.943081 2.211604
vt -0.075569 2.276649
vt -0.894918 2.216763
vt -0.796052 2.229137
vt -0.834393 2.223196
vt -0.762309 2.233626
vt -0.635339 2.245677
vt -0.704147 2.238969
vt -0.172397 2.280256
vt -0.406476 2.265304
vt -0.310642 2.270530
vt -0.339184 2.268439
vt -0.564430 2.252028
vt -0.475582 2.259343
vt -1.516168 2.126809
vt -1.477357 2.147215
vt -1.477140 2.127046
vt -1.516385 2.146979
vt -3.266316 -1.283784
vt -3.277586 -1.243541
vt -3.266750 -1.243475
vt -3.277152 -1.283849
vt -3.256752 -1.243415
vt -3.247542 -1.283670
vt -3.256319 -1.283723
vt -3.247975 -1.243361
vt -3.328009 -1.324467
vt -3.318003 -1.364718
vt -3.327575 -1.364776
vt -3.318437 -1.324409
vt -3.307440 -1.364654
vt -3.307874 -1.324346
vt -3.296295 -1.364586
vt -3.285430 -1.324210
vt -3.284996 -1.364518
vt -3.296729 -1.324278
vt 1.631807 2.311650
vt 1.727245 2.352539
vt 1.727679 2.312232
vt 1.631373 2.351959
vt 1.559353 2.311212
vt 1.558919 2.351520
vt 1.490116 2.310792
vt 1.489682 2.351100
vt 0.403156 2.743245
vt 0.471937 2.783973
vt 0.472371 2.743664
vt 0.402722 2.783553
vt 0.331408 2.742810
vt 0.330974 2.783118
vt 0.257905 2.742365
vt 0.257471 2.782674
vt 1.726260 2.444061
vt 1.681109 2.432882
vt 1.680992 2.443787
vt 1.705383 2.433029
vt -3.294144 -1.160028
vt -3.248776 -1.168988
vt -3.294044 -1.169262
vt 1.373207 2.431017
vt 1.352197 2.399813
vt 1.351980 2.419982
vt -3.269871 -1.159881
vt 1.373641 2.390709
vt 1.389191 2.431115
vt 1.389625 2.390806
vt 1.174417 2.575734
vt 1.184653 2.566563
vt 1.174517 2.566501
vt 1.174083 2.606809
vt 1.184219 2.606871
vt 1.174200 2.595904
vt -3.320818 -1.133847
vt -3.248875 -1.159754
vt -3.320534 -1.160188
vt -3.249158 -1.133413
vt -3.275821 -1.556783
vt -3.332089 -1.566358
vt -3.332189 -1.557124
vt -3.244938 -1.525519
vt -3.332406 -1.536955
vt -3.332523 -1.526049
vt -3.276038 -1.536614
vt -3.244504 -1.565827
vt -2.395291 2.726298
vt -2.353951 2.746719
vt -2.353734 2.726550
vt -2.395508 2.746467
vt -3.274410 -1.324143
vt -3.273976 -1.364451
vt -3.247108 -1.323978
vt -3.254439 -1.364333
vt -3.254873 -1.324024
vt -3.303832 -1.485564
vt -3.313891 -1.525936
vt -3.314325 -1.485628
vt -3.303399 -1.525873
vt -3.323360 -1.525993
vt -3.331877 -1.485734
vt -3.323794 -1.485685
vt -3.331443 -1.526042
vt -3.264091 -1.324080
vt -3.263657 -1.364389
vt -3.796376 1.806092
vt -3.745875 1.786944
vt -3.808985 1.798867
vt -3.763340 1.800692
vt -3.667472 1.774462
vt -3.690697 1.789143
vt -3.657760 1.784362
vt -3.724998 1.793454
vt -3.596059 1.767542
vt -3.637421 1.782451
vt -3.605873 1.779065
vt -3.513191 1.774681
vt -3.553499 1.784629
vt -3.514122 1.787108
vt -3.439684 1.779685
vt -3.474782 1.788637
vt -3.429053 1.791531
vt -3.376179 1.783950
vt -3.371684 1.795148
vt -3.294153 1.789015
vt -3.327008 1.798171
vt -3.268757 1.802729
vt -3.207073 1.795767
vt -3.212868 1.806241
vt -3.127902 1.801172
vt -3.152298 1.810659
vt -3.053651 1.809488
vt -3.065817 1.819248
vt -3.063141 1.818877
vt -3.093806 1.816046
vt -1.364368 2.525188
vt -1.328370 2.516172
vt -1.364269 2.515955
vt -1.328470 2.525406
vt -3.828507 2.399622
vt -3.828411 2.390389
vt -1.203150 2.526164
vt -1.154256 2.517227
vt -1.203050 2.516932
vt -1.154356 2.526460
vt -1.255073 2.525850
vt -1.254974 2.516617
vt -1.287989 2.525651
vt -1.287890 2.516418
vt -1.408560 2.515687
vt -1.408659 2.524920
vt -1.456014 2.524633
vt -1.455914 2.515400
vt -1.497301 2.515150
vt -1.497400 2.524383
vt -1.697714 2.523170
vt -1.657200 2.514182
vt -1.697614 2.513937
vt -1.657299 2.523415
vt -1.541305 2.524117
vt -1.541205 2.514883
vt -1.586621 2.523843
vt -1.586522 2.514609
vt -1.733492 2.522954
vt -1.733392 2.513720
vt -1.617998 2.514419
vt -1.618097 2.523652
vt -1.776538 2.513458
vt -1.776637 2.522692
vt -1.820115 2.522428
vt -1.820015 2.513195
vt -1.867602 2.522141
vt -1.867502 2.512908
vt -2.161023 2.520364
vt -2.107923 2.511452
vt -2.160924 2.511131
vt -2.108022 2.520685
vt -1.921402 2.521815
vt -1.921303 2.512582
vt -1.964135 2.521556
vt -1.964035 2.512323
vt -2.009864 2.521279
vt -2.009764 2.512046
vt -2.216376 2.510795
vt -2.216476 2.520029
vt -2.056811 2.511761
vt -2.056911 2.520994
vt -2.276512 2.519665
vt -2.276412 2.510432
vt -2.345591 2.519246
vt -2.345491 2.510013
vt -3.304601 -0.839476
vt -3.324008 -0.837716
vt -3.304621 -0.837599
vt -3.252320 -0.840043
vt -3.268764 -0.837382
vt -3.252349 -0.837282
vt -3.268744 -0.839259
vt -3.323978 -0.840477
vt -1.105050 2.419442
vt -1.079448 2.459908
vt -1.079015 2.419600
vt -1.105484 2.459750
vt -1.042402 2.460133
vt -1.041968 2.419824
vt -0.987570 2.460465
vt -0.987136 2.420157
vt -0.927583 2.460828
vt -0.927149 2.420520
vt -0.876489 2.461137
vt -0.876055 2.420829
vt -0.831938 2.461407
vt -0.831504 2.421098
vt -0.774052 2.461757
vt -0.773618 2.421449
vt -0.730181 2.462023
vt -0.729747 2.421715
vt -0.679487 2.462330
vt -0.679053 2.422022
vt -0.615347 2.462718
vt -0.614913 2.422410
vt -0.555659 2.463080
vt -0.555225 2.422771
vt -0.489891 2.463479
vt -0.489457 2.423170
vt -0.417909 2.463914
vt -0.417475 2.423606
vt -0.361749 2.464255
vt -0.361315 2.423946
vt -0.290698 2.464684
vt -0.290264 2.424376
vt -0.242416 2.464977
vt -0.241983 2.424668
vt -0.193214 2.465275
vt -0.192780 2.424967
vt -0.157495 2.465491
vt -0.157061 2.425183
vt -0.122057 2.465706
vt -0.121623 2.425398
vt -0.087245 2.465917
vt -0.086811 2.425609
vt -0.031696 2.466253
vt -0.031262 2.425945
vt 0.021456 2.466575
vt 0.021891 2.426267
vt 0.074863 2.466898
vt 0.075297 2.426590
vt 0.147364 2.467337
vt 0.147798 2.427030
vt 0.212465 2.467732
vt 0.212899 2.427423
vt 0.295607 2.468235
vt 0.296041 2.427927
vt -0.645697 2.759891
vt -0.693965 2.770506
vt -0.645814 2.770797
vt -0.693848 2.759599
vt -0.742760 2.770210
vt -0.742642 2.759304
vt -0.794683 2.769896
vt -0.794565 2.758990
vt -0.827598 2.769697
vt -0.827480 2.758790
vt -0.868079 2.769452
vt -0.867961 2.758545
vt -0.903978 2.769234
vt -0.903860 2.758328
vt -0.948268 2.768966
vt -0.948151 2.758060
vt -0.995623 2.768680
vt -0.995505 2.757773
vt -1.037009 2.768428
vt -1.036893 2.757522
vt -1.080913 2.768162
vt -1.080797 2.757257
vt -1.126230 2.767888
vt -1.126113 2.756982
vt -1.157707 2.767697
vt -1.157590 2.756791
vt -1.196908 2.767460
vt -1.196791 2.756555
vt -1.237324 2.767215
vt -1.237206 2.756309
vt -1.273102 2.766998
vt -1.272985 2.756093
vt -1.316247 2.766737
vt -1.316129 2.755831
vt -1.359723 2.766474
vt -1.359607 2.755568
vt -1.407211 2.766186
vt -1.407093 2.755280
vt -1.461013 2.765860
vt -1.460896 2.754955
vt -1.503744 2.765602
vt -1.503627 2.754696
vt -1.549473 2.765325
vt -1.549355 2.754419
vt -1.596521 2.765040
vt -1.596404 2.754134
vt -1.647632 2.764730
vt -1.647514 2.753825
vt -1.700633 2.764410
vt -1.700515 2.753503
vt -1.756086 2.764073
vt -1.755968 2.753168
vt -1.816120 2.763710
vt -1.816003 2.752804
vt -1.885200 2.763292
vt -1.885083 2.752386
vt -3.581301 2.739287
vt -3.632858 2.718803
vt -3.633076 2.738973
vt -3.581083 2.719117
vt -3.497978 2.739791
vt -3.497761 2.719622
vt -3.415722 2.740290
vt -3.415505 2.720120
vt -3.317862 2.720711
vt -3.318079 2.740881
vt -3.223722 2.741452
vt -3.223502 2.721282
vt -3.151818 2.741888
vt -3.151601 2.721718
vt -3.051679 2.742494
vt -3.051461 2.722324
vt -2.956323 2.722900
vt -2.956541 2.743070
vt -2.870709 2.723418
vt -2.870927 2.743588
vt -2.803552 2.723825
vt -2.803770 2.743995
vt -2.727358 2.744458
vt -2.727140 2.724289
vt -2.643055 2.744969
vt -2.642838 2.724799
vt -2.567235 2.745428
vt -2.567018 2.725258
vt -2.471359 2.725837
vt -2.471577 2.746007
vt -1.106106 2.517518
vt -1.106205 2.526752
vt -1.547176 1.979086
vt -1.645917 1.989394
vt -1.547294 1.989991
vt -1.645800 1.978489
vt -1.748467 1.988773
vt -1.748350 1.977868
vt -1.868330 1.988047
vt -1.868213 1.977142
vt -1.981714 1.987361
vt -1.981597 1.976455
vt -2.095182 1.986674
vt -2.095065 1.975768
vt -2.178858 1.986167
vt -2.178741 1.975261
vt -2.235822 1.985822
vt -2.235705 1.974916
vt -2.276685 1.985574
vt -2.276568 1.974669
vt -2.307713 1.985386
vt -2.307595 1.974480
vt -2.378790 1.984956
vt -2.378673 1.974050
vt -2.473052 1.984385
vt -2.472934 1.973479
vt -2.559103 1.983864
vt -2.558985 1.972958
vt -2.638177 1.983385
vt -2.638060 1.972479
vt -2.715823 1.982915
vt -2.715705 1.972009
vt -2.780865 1.982521
vt -2.780748 1.971615
vt -2.836221 1.982185
vt -2.836103 1.971280
vt -2.897006 1.981818
vt -2.896888 1.970912
vt -2.969371 1.981379
vt -2.969254 1.970474
vt -3.037015 1.980969
vt -3.036898 1.970064
vt -3.104720 1.980559
vt -3.104603 1.969654
vt -3.181710 1.980093
vt -3.181592 1.969188
vt -3.243948 1.979717
vt -3.243831 1.968811
vt -3.291158 1.979430
vt -3.291040 1.968525
vt -3.341734 1.979124
vt -3.341617 1.968219
vt -3.393259 1.978812
vt -3.393141 1.967907
vt -3.392925 1.947738
vt -3.341300 1.938816
vt -3.392825 1.938504
vt -3.341400 1.948050
vt -3.291557 -0.526112
vt -3.255880 -0.509123
vt -3.255700 -0.525894
vt -3.291737 -0.509340
vt -3.391738 1.998993
vt -3.459456 1.978412
vt -3.459673 1.998581
vt -3.391521 1.978823
vt -3.290823 1.948356
vt -3.243515 1.939408
vt -3.290724 1.939123
vt -3.243614 1.948642
vt -3.431935 2.052151
vt -3.449533 1.999839
vt -3.463278 2.047312
vt -3.432752 2.031623
vt -3.434844 2.000392
vt -3.196975 2.079426
vt -3.345962 2.062645
vt -2.800861 2.113301
vt -3.053952 2.092081
vt -2.911629 2.106071
vt -3.337310 2.045865
vt -3.237734 2.059929
vt -2.616920 2.115076
vt -2.717364 2.119535
vt -2.327709 2.097924
vt -2.488068 2.109664
vt -2.064597 2.078074
vt -2.184488 2.088035
vt -1.667284 2.045442
vt -1.933157 2.067452
vt -1.791818 2.056637
vt -3.119829 2.072959
vt -1.554236 2.034773
vt -1.475899 2.011791
vt -1.481366 2.028598
vt -1.576655 2.022586
vt -1.520662 2.016272
vt -3.007833 2.084242
vt -2.894978 2.093794
vt -1.631126 2.027681
vt -2.811379 2.099999
vt -2.713062 2.105946
vt -2.754076 2.103343
vt -2.605077 2.100114
vt -2.680236 2.104146
vt -2.505525 2.095030
vt -1.681912 2.032302
vt -1.903747 2.050825
vt -1.748760 2.038161
vt -1.831117 2.044656
vt -2.118832 2.068422
vt -1.976364 2.057112
vt -2.053613 2.062852
vt -2.414149 2.089286
vt -2.330031 2.083668
vt -2.177782 2.072497
vt -2.247039 2.077269
vt -3.438265 1.938229
vt -3.445036 1.978499
vt -3.438699 1.978537
vt -3.444601 1.938191
vt -2.094848 1.955598
vt -1.981280 1.947052
vt -2.094748 1.946365
vt -1.981380 1.956286
vt -0.889584 2.509447
vt -0.842807 2.550040
vt -0.842373 2.509733
vt -0.890018 2.549754
vt -0.768813 2.550489
vt -0.768379 2.510180
vt -0.697879 2.550919
vt -0.697445 2.510610
vt -0.624365 2.551363
vt -0.623931 2.511055
vt -0.558864 2.551760
vt -0.558430 2.511452
vt -0.493476 2.552156
vt -0.493042 2.511848
vt -0.416338 2.552623
vt -0.415904 2.512315
vt -0.362136 2.552952
vt -0.361702 2.512643
vt -0.299280 2.553332
vt -0.298846 2.513024
vt -0.232679 2.553735
vt -0.232245 2.513427
vt -0.174673 2.554086
vt -0.174239 2.513778
vt -0.120432 2.554415
vt -0.119998 2.514107
vt -0.077085 2.554677
vt -0.076651 2.514370
vt -0.024854 2.554994
vt -0.024421 2.514686
vt 0.035649 2.555360
vt 0.036083 2.515052
vt 0.086348 2.555667
vt 0.086782 2.515359
vt 0.131249 2.555940
vt 0.131683 2.515631
vt 0.171542 2.556183
vt 0.171976 2.515876
vt 0.227219 2.556520
vt 0.227654 2.516213
vt 0.293920 2.556924
vt 0.294354 2.516616
vt 0.340070 2.557204
vt 0.340504 2.516896
vt 0.397575 2.557552
vt 0.398009 2.517244
vt 0.447305 2.557853
vt 0.447739 2.517545
vt 0.481164 2.558058
vt 0.481598 2.517751
vt 0.523268 2.558313
vt 0.523702 2.518005
vt 0.564247 2.558562
vt 0.564681 2.518253
vt 0.608793 2.558831
vt 0.609227 2.518523
vt 0.650601 2.559084
vt 0.651036 2.518777
vt 0.693748 2.559346
vt 0.694182 2.519038
vt 0.752499 2.559701
vt 0.752932 2.519394
vt 0.813970 2.560074
vt 0.814404 2.519766
vt 0.863660 2.560375
vt 0.864094 2.520066
vt 0.909057 2.560649
vt 0.909491 2.520342
vt 0.958314 2.560948
vt 0.958748 2.520640
vt 1.007725 2.561247
vt 1.008159 2.520939
vt 1.049533 2.561501
vt 1.049967 2.521192
vt 1.081162 2.561691
vt 1.081596 2.521384
vt 1.115651 2.561901
vt 1.116084 2.521592
vt 1.164725 2.562198
vt 1.165159 2.521891
vt -3.434359 1.947487
vt -3.434576 1.967656
vt -1.645582 1.958319
vt -1.546859 1.949683
vt -1.645483 1.949086
vt -1.546959 1.958916
vt -1.748133 1.957698
vt -1.748033 1.948465
vt -2.178524 1.955091
vt -2.178424 1.945859
vt -1.867897 1.947739
vt -1.867996 1.956972
vt -2.378357 1.944648
vt -2.307378 1.954312
vt -2.307279 1.945078
vt -2.378456 1.953881
vt -2.235488 1.954747
vt -2.235388 1.945513
vt -2.472717 1.953310
vt -2.472618 1.944077
vt -2.276251 1.945266
vt -2.276351 1.954499
vt -2.558669 1.943556
vt -2.558768 1.952789
vt -2.637843 1.952311
vt -2.637743 1.943077
vt -2.715488 1.951840
vt -2.715389 1.942607
vt -2.896572 1.941509
vt -2.835886 1.951111
vt -2.835787 1.941877
vt -2.896671 1.950743
vt -3.181274 1.939785
vt -3.181376 1.949019
vt -2.780431 1.942213
vt -2.780531 1.951446
vt -2.969037 1.950305
vt -2.968938 1.941071
vt -3.036681 1.949895
vt -3.036581 1.940662
vt -3.104386 1.949485
vt -3.104286 1.940251
vt -3.286815 1.999628
vt -3.286598 1.979459
vt -3.170772 1.980160
vt -3.170990 2.000329
vt -3.038719 2.001130
vt -3.038502 1.980961
vt -2.915957 2.001874
vt -2.915740 1.981704
vt -2.804098 2.002551
vt -2.803880 1.982382
vt -2.669386 1.983196
vt -2.669603 2.003366
vt -2.519086 1.984106
vt -2.519304 2.004276
vt -2.396582 1.984849
vt -2.396799 2.005018
vt -2.301188 1.985426
vt -2.301404 2.005596
vt -2.217814 2.006101
vt -2.217597 1.985932
vt -2.107370 2.006770
vt -2.107152 1.986601
vt -1.963435 2.007642
vt -1.963218 1.987473
vt -1.819398 2.008514
vt -1.819180 1.988345
vt -1.667800 2.009433
vt -1.667583 1.989263
vt -1.198773 2.673063
vt -1.089486 2.714035
vt -1.089052 2.673727
vt -1.199206 2.713371
vt -1.340232 2.672206
vt -1.340666 2.712514
vt -1.430625 2.671659
vt -1.431059 2.711967
vt -1.527909 2.671070
vt -1.528343 2.711378
vt -1.628772 2.670459
vt -1.629206 2.710767
vt -1.701060 2.670021
vt -1.701495 2.710329
vt -1.808173 2.669372
vt -1.808606 2.709680
vt -1.878393 2.668947
vt -1.878826 2.709255
vt -1.928563 2.668643
vt -1.928997 2.708952
vt -1.954199 2.668488
vt -1.954633 2.708796
vt -1.988215 2.668282
vt -1.988649 2.708590
vt -2.036769 2.667988
vt -2.037202 2.708296
vt -2.110725 2.667540
vt -2.111159 2.707849
vt -2.190917 2.667054
vt -2.191350 2.707362
vt -2.281915 2.666503
vt -2.282349 2.706811
vt -2.390486 2.665846
vt -2.390920 2.706154
vt -2.503782 2.665160
vt -2.504216 2.705468
vt -2.603099 2.664559
vt -2.603533 2.704866
vt -2.688834 2.664039
vt -2.689267 2.704348
vt -2.749533 2.663672
vt -2.749967 2.703980
vt -2.824456 2.663218
vt -2.824890 2.703526
vt -2.915363 2.662667
vt -2.915797 2.702976
vt -2.994191 2.662190
vt -2.994625 2.702498
vt -3.068332 2.661741
vt -3.068767 2.702049
vt -3.127749 2.661381
vt -3.128183 2.701689
vt -3.194099 2.660979
vt -3.194533 2.701288
vt -3.272425 2.660504
vt -3.272859 2.700813
vt -3.369730 2.659916
vt -3.370163 2.700224
vt -3.447612 2.659444
vt -3.448046 2.699753
vt -3.526836 2.658964
vt -3.527270 2.699273
vt -3.597811 2.658534
vt -3.598245 2.698842
vt -3.673590 2.658075
vt -3.674023 2.698384
vt 1.898531 2.701054
vt 2.018159 2.692544
vt 1.898631 2.691820
vt 2.018061 2.701777
vt 2.135773 2.702490
vt 2.135873 2.693256
vt 2.244004 2.693911
vt 2.243904 2.703145
vt 2.358379 2.694604
vt 2.358280 2.703837
vt 2.473271 2.704534
vt 2.473371 2.695300
vt 2.568931 2.695879
vt 2.568831 2.705113
vt 2.676970 2.696533
vt 2.676870 2.705766
vt 2.779007 2.697151
vt 2.778907 2.706384
vt 2.885377 2.697795
vt 2.885278 2.707028
vt 2.981825 2.707614
vt 2.981925 2.698380
vt 3.077665 2.708194
vt 3.169979 2.699519
vt 3.077765 2.698960
vt 3.169879 2.708753
vt 3.266760 2.700105
vt 3.266660 2.709338
vt 3.405006 2.710176
vt 3.405106 2.700942
vt 3.433670 2.701116
vt 3.433570 2.710349
vt 3.500993 2.701523
vt 3.500893 2.710756
vt 3.570161 2.701943
vt 3.570061 2.711176
vt 3.659087 2.702481
vt 3.658988 2.711714
vt 3.730062 2.702911
vt 3.729963 2.712144
vt 3.798843 2.712561
vt 3.857160 2.703680
vt 3.798943 2.703328
vt 3.857060 2.712914
vt 3.890853 2.713118
vt 3.929358 2.704117
vt 3.890953 2.703885
vt 3.929258 2.713351
vt 3.989852 2.713718
vt 4.038171 2.704777
vt 3.989952 2.704485
vt 4.038071 2.714010
vt 4.091331 2.714333
vt 4.179782 2.705634
vt 4.091431 2.705099
vt 4.179683 2.714868
vt 1.742008 2.720276
vt 1.774148 2.731377
vt 1.774265 2.720471
vt 1.738563 2.690850
vt 1.774482 2.700303
vt 1.774582 2.691069
vt 1.742225 2.700107
vt 1.738129 2.731158
vt -1.665883 2.125903
vt -1.666100 2.146072
vt -1.896502 2.144677
vt -1.896285 2.124507
vt -2.069076 2.123461
vt -2.069293 2.143630
vt -2.195363 2.122696
vt -2.195580 2.142865
vt -2.422143 2.121322
vt -2.422360 2.141492
vt -2.514427 2.120764
vt -2.514644 2.140933
vt -2.699558 2.119642
vt -2.699776 2.139812
vt -2.864859 2.118642
vt -2.865077 2.138811
vt -3.085565 2.117305
vt -3.085782 2.137474
vt -3.261306 2.136411
vt -3.261089 2.116242
vt -3.470455 2.135145
vt -3.470237 2.114975
vt -3.622178 2.114055
vt -3.622395 2.134224
vt -3.715982 2.113487
vt -3.716199 2.133657
vt -3.842347 2.112722
vt -3.842564 2.132891
vt -3.932069 2.112179
vt -3.932287 2.132348
vt -3.290144 -0.657362
vt -3.254501 -0.637230
vt -3.254287 -0.657145
vt -3.290359 -0.637447
vt 1.898314 2.721223
vt 1.898197 2.732128
vt 2.017843 2.721947
vt 2.017726 2.732852
vt 2.135556 2.722659
vt 2.135439 2.733564
vt 2.243687 2.723314
vt 2.243569 2.734219
vt 2.358063 2.724007
vt 2.357945 2.734912
vt 2.473053 2.724704
vt 2.472937 2.735608
vt 2.568614 2.725282
vt 2.568497 2.736187
vt 2.676653 2.725936
vt 2.676536 2.736841
vt 2.778690 2.726555
vt 2.778572 2.737459
vt 2.885060 2.727198
vt 2.884943 2.738103
vt 2.981607 2.727783
vt 2.981491 2.738688
vt 3.077447 2.728363
vt 3.077330 2.739269
vt 3.169662 2.728922
vt 3.169545 2.739827
vt 3.266443 2.729508
vt 3.266325 2.740413
vt 3.404789 2.730345
vt 3.404672 2.741251
vt 3.433353 2.730519
vt 3.433236 2.741424
vt 3.500676 2.730926
vt 3.500559 2.741831
vt 3.569844 2.731345
vt 3.569727 2.742250
vt 3.658770 2.731885
vt 3.658653 2.742789
vt 3.729746 2.732313
vt 3.729629 2.743219
vt 3.798626 2.732731
vt 3.798509 2.743635
vt 3.856843 2.733083
vt 3.856726 2.743989
vt 3.890519 2.744193
vt 3.890636 2.733288
vt 3.929041 2.733521
vt 3.928924 2.744426
vt 3.989635 2.733887
vt 3.989518 2.744792
vt 4.037854 2.734180
vt 4.037737 2.745084
vt 4.091115 2.734502
vt 4.090996 2.745407
vt 4.179466 2.735037
vt 4.179348 2.745942
vt 4.093015 2.430114
vt 4.181853 2.459536
vt 4.182649 2.439407
vt 4.149637 2.455408
vt 3.906296 2.430542
vt 4.025702 2.443433
vt 3.721217 2.397116
vt 3.966764 2.418181
vt 3.873046 2.409070
vt 3.512221 2.380852
vt 3.116330 2.345385
vt 3.336870 2.362826
vt 2.766127 2.320683
vt 2.951138 2.333595
vt 2.447003 2.324633
vt 2.673865 2.317961
vt 1.917033 2.369609
vt 2.320610 2.334287
vt 2.147677 2.347193
vt 3.788689 2.419480
vt 3.566365 2.400175
vt 3.680643 2.410525
vt 1.728052 2.391702
vt 1.767133 2.386795
vt 1.744713 2.413635
vt 1.726253 2.444665
vt 1.833254 2.395516
vt 3.355987 2.381914
vt 3.451462 2.390759
vt 1.886578 2.389570
vt 3.146086 2.363442
vt 3.248037 2.372477
vt 3.039802 2.354361
vt 2.847538 2.340977
vt 2.943309 2.348377
vt 1.934846 2.384995
vt 2.033966 2.373819
vt 1.995502 2.379297
vt 2.195014 2.359229
vt 2.067801 2.369740
vt 2.126070 2.365103
vt 2.755378 2.335040
vt 2.658640 2.330261
vt 2.520204 2.338312
vt 2.424270 2.342376
vt 2.491621 2.340056
vt 2.266050 2.353738
vt 2.355045 2.347499
vt 1.067442 2.606164
vt 1.106625 2.646712
vt 1.107059 2.606404
vt 1.067008 2.646472
vt 1.006790 2.605796
vt 1.006355 2.646106
vt 0.956940 2.605495
vt 0.956506 2.645803
vt 0.879681 2.605026
vt 0.879247 2.645335
vt 0.804971 2.604574
vt 0.804537 2.644883
vt 0.754652 2.604270
vt 0.754218 2.644578
vt 0.705541 2.603972
vt 0.705107 2.644281
vt 0.591954 2.603284
vt 0.591520 2.643594
vt 0.563319 2.603111
vt 0.562884 2.643420
vt 0.537974 2.602957
vt 0.537540 2.643266
vt 0.493915 2.602690
vt 0.493481 2.642998
vt 0.490426 2.602670
vt 0.489992 2.642978
vt 0.443978 2.602388
vt 0.443544 2.642696
vt 0.400957 2.602127
vt 0.400523 2.642436
vt 0.358301 2.601869
vt 0.357867 2.642178
vt 0.268601 2.601326
vt 0.268167 2.641634
vt 0.155209 2.600639
vt 0.154775 2.640948
vt 0.048845 2.599995
vt 0.048411 2.640304
vt -0.042559 2.599442
vt -0.042992 2.639750
vt -0.154013 2.598766
vt -0.154447 2.639076
vt -0.218802 2.598374
vt -0.219236 2.638683
vt -0.341064 2.597634
vt -0.341498 2.637943
vt -0.420720 2.597152
vt -0.421154 2.637460
vt -0.513953 2.596587
vt -0.514387 2.636895
vt -0.616428 2.595966
vt -0.616862 2.636275
vt -0.734794 2.595249
vt -0.735228 2.635558
vt -0.854068 2.594527
vt -0.854502 2.634836
vt -0.959366 2.593889
vt -0.959799 2.634198
vt -1.029875 2.593462
vt -1.030309 2.633771
vt -1.102334 2.593024
vt -1.102768 2.633332
vt -1.209455 2.592375
vt -1.209890 2.632683
vt -1.310484 2.591763
vt -1.310918 2.632071
vt -1.457186 2.590874
vt -1.457620 2.631183
vt -1.692581 2.589450
vt -1.775151 2.548638
vt -1.775585 2.588947
vt -1.692147 2.549141
vt -1.601290 2.579096
vt -1.492744 2.590659
vt -1.492626 2.579754
vt -1.605387 2.549666
vt -1.492408 2.559585
vt -1.492309 2.550351
vt -1.601072 2.558926
vt -1.605822 2.589974
vt -1.378834 2.551038
vt -1.378933 2.560272
vt -1.613729 2.589927
vt -1.613295 2.549618
vt -1.223110 2.551981
vt -1.223209 2.561214
vt -1.066823 2.552928
vt -1.066922 2.562160
vt -0.774369 2.554699
vt -0.774468 2.563932
vt -0.620843 2.555629
vt -0.620943 2.564861
vt -0.562588 2.555981
vt -0.562687 2.565214
vt -0.538534 2.556127
vt -0.538635 2.565361
vt -0.526584 2.565433
vt -0.514923 2.556270
vt -0.526485 2.556200
vt -0.515022 2.565503
vt -0.490458 2.556418
vt -0.490557 2.565651
vt -0.302322 2.557558
vt -0.302422 2.566791
vt -0.019084 2.559273
vt -0.019183 2.568506
vt 0.098137 2.559982
vt 0.098038 2.569216
vt 0.207970 2.560648
vt 0.207871 2.569881
vt 0.355705 2.561542
vt 0.355605 2.570776
vt 0.793213 2.573426
vt 0.852071 2.564548
vt 0.793312 2.564192
vt 0.851972 2.573781
vt 0.431151 2.561999
vt 0.431051 2.571233
vt 0.504041 2.562441
vt 0.503942 2.571674
vt 0.635798 2.563239
vt 0.635698 2.572472
vt 0.734143 2.563835
vt 0.734044 2.573068
vt 0.919138 2.564955
vt 0.919039 2.574188
vt 0.984327 2.565350
vt 0.984228 2.574582
vt 1.063854 2.565831
vt 1.063754 2.575064
vt 1.105617 2.575317
vt 1.105716 2.566084
vt 4.161964 2.745837
vt 4.037200 2.765252
vt 4.161747 2.766007
vt 4.037417 2.745083
vt 1.105283 2.606392
vt 1.105400 2.595488
vt 1.063420 2.606139
vt 1.063537 2.595234
vt 0.983893 2.605658
vt 0.984011 2.594752
vt 0.918704 2.605263
vt 0.918822 2.594357
vt 0.851637 2.604857
vt 0.851755 2.593951
vt 0.792879 2.604501
vt 0.792996 2.593595
vt 0.733709 2.604142
vt 0.733827 2.593236
vt 0.635364 2.603547
vt 0.635481 2.592642
vt 0.503607 2.602749
vt 0.503724 2.591844
vt 0.430717 2.602308
vt 0.430834 2.591402
vt 0.355271 2.601851
vt 0.355388 2.590946
vt 0.207536 2.600956
vt 0.207654 2.590050
vt 0.097704 2.600291
vt 0.097821 2.589385
vt -0.019518 2.599581
vt -0.019400 2.588675
vt -0.302757 2.597866
vt -0.302639 2.586961
vt -0.490892 2.596726
vt -0.490774 2.585821
vt -0.515357 2.596579
vt -0.515239 2.585673
vt -0.526919 2.596508
vt -0.526802 2.585603
vt -0.538970 2.596435
vt -0.538853 2.585530
vt -0.563022 2.596290
vt -0.562904 2.585385
vt -0.621278 2.595937
vt -0.621160 2.585031
vt -0.774803 2.595007
vt -0.774685 2.584102
vt -1.067257 2.593236
vt -1.067140 2.582331
vt -1.223543 2.592290
vt -1.223426 2.581384
vt -1.379268 2.591347
vt -1.379150 2.580441
vt -3.290359 -0.637447
vt -3.254714 -0.617410
vt -3.290572 -0.617626
vt 1.522085 2.750021
vt 1.414443 2.729199
vt 1.414226 2.749368
vt 1.522302 2.729852
vt 1.682780 2.750994
vt 1.682998 2.730825
vt 1.940483 2.752554
vt 1.940701 2.732385
vt 2.198725 2.754118
vt 2.198942 2.733949
vt 2.880883 2.758250
vt 2.881100 2.738081
vt 3.119928 2.759697
vt 3.120145 2.739528
vt 3.217826 2.760290
vt 3.218044 2.740121
vt 3.379283 2.741097
vt 3.379065 2.761267
vt 3.559813 2.762362
vt 3.560030 2.742192
vt 3.746033 2.763489
vt 3.746251 2.743320
vt 3.920218 2.764544
vt 3.920434 2.744375
vt 1.293932 2.607535
vt 1.328692 2.648057
vt 1.329126 2.607749
vt 1.293498 2.647844
vt 1.258600 2.607321
vt 1.258166 2.647630
vt 1.219348 2.607084
vt 1.218914 2.647392
vt 1.182272 2.606859
vt 1.181838 2.647167
vt 1.141590 2.606613
vt 1.141156 2.646921
vt -3.275167 -0.858650
vt -3.251902 -0.878679
vt -3.274951 -0.878819
vt -3.252119 -0.858510
vt -0.323787 2.667454
vt -0.619355 2.676570
vt -0.323905 2.678360
vt -0.619237 2.665666
vt -0.810989 2.675410
vt -0.810872 2.664505
vt -0.007298 2.669371
vt -0.007416 2.680276
vt 0.192780 2.670583
vt 0.192663 2.681488
vt -2.604381 2.704861
vt -2.321784 2.726743
vt -2.321567 2.706574
vt -2.604598 2.725030
vt -2.962499 2.722863
vt -2.714438 2.704195
vt -2.962282 2.702694
vt -2.714655 2.724364
vt -3.270063 2.700830
vt -3.270280 2.720999
vt -3.479115 2.699564
vt -3.479331 2.719733
vt -3.643151 2.698570
vt -3.643368 2.718740
vt -3.253850 -0.697897
vt -3.291365 -0.718295
vt -3.291581 -0.698125
vt -3.253633 -0.718066
vt -1.165548 2.673263
vt -1.006364 2.633917
vt -1.165114 2.632955
vt -1.006798 2.674224
vt -1.074725 2.468014
vt -0.912549 2.509307
vt -0.912115 2.468999
vt -1.075159 2.508322
vt -0.754123 2.510267
vt -0.753689 2.469958
vt -0.591673 2.511250
vt -0.591240 2.470942
vt -0.429831 2.512231
vt -0.429397 2.471922
vt -0.273088 2.513180
vt -0.272654 2.472872
vt -0.098006 2.514240
vt -0.097572 2.473932
vt 0.235422 2.516259
vt 0.235856 2.475950
vt 0.386956 2.517177
vt 0.387390 2.476869
vt 0.546667 2.518144
vt 0.547101 2.477836
vt 0.694399 2.519039
vt 0.694833 2.478730
vt 0.849626 2.519979
vt 0.850060 2.479671
vt 0.926746 2.520445
vt 0.927179 2.480137
vt 1.005446 2.520922
vt 1.005880 2.480614
vt 1.084907 2.521403
vt 1.085340 2.481095
vt 1.165159 2.521889
vt 1.165593 2.481581
vt -3.321577 -1.063527
vt -3.249659 -1.087187
vt -3.321318 -1.087621
vt -3.249918 -1.063093
vt -0.645450 2.736895
vt -0.604217 2.777455
vt -0.603784 2.737148
vt -0.645885 2.777203
vt -0.554519 2.777756
vt -0.554085 2.737448
vt -0.504966 2.778057
vt -0.504532 2.737749
vt -0.409395 2.778635
vt -0.408961 2.738327
vt -0.299104 2.779303
vt -0.298670 2.738995
vt -0.224061 2.779757
vt -0.223627 2.739450
vt -0.147702 2.780220
vt -0.147268 2.739912
vt -0.070593 2.780687
vt -0.070159 2.740379
vt -0.009024 2.781060
vt -0.008590 2.740752
vt 0.054633 2.781446
vt 0.055067 2.741137
vt 0.109151 2.781775
vt 0.109585 2.741467
vt 0.150899 2.782028
vt 0.151332 2.741720
vt -3.352932 -1.160384
vt -3.352832 -1.169618
vt -3.466537 -1.170307
vt -3.409577 -1.160727
vt -3.409478 -1.169961
vt -3.466637 -1.161073
vt -3.312100 -0.434095
vt -3.256592 -0.442993
vt -3.312001 -0.443329
vt -3.256692 -0.433760
vt 1.338449 2.648115
vt 1.400418 2.657726
vt 1.400517 2.648492
vt 1.338350 2.657350
vt 1.273037 2.656954
vt 1.273137 2.647721
vt -3.318753 -0.467162
vt -3.256237 -0.476017
vt -3.318653 -0.476395
vt -3.256337 -0.466784
vt 1.207191 2.656556
vt 1.207291 2.647321
vt 1.105633 2.655940
vt 1.105732 2.646707
vt 1.001992 2.646078
vt 1.001892 2.655312
vt 0.870327 2.654516
vt 0.937047 2.645684
vt 0.870427 2.645281
vt 0.936948 2.654918
vt 0.801371 2.644864
vt 0.836358 2.654310
vt 0.836457 2.645076
vt 0.801271 2.654097
vt 0.192997 2.650413
vt 0.336492 2.642048
vt 0.193097 2.641180
vt 0.336393 2.651282
vt 0.732033 2.653677
vt 0.732132 2.644444
vt -0.323471 2.638052
vt -0.007081 2.649202
vt -0.006982 2.639967
vt -0.323570 2.647285
vt 0.533573 2.643242
vt 0.533474 2.652475
vt -0.619020 2.645496
vt -0.618921 2.636262
vt -0.810655 2.644335
vt -0.810556 2.635102
vt -0.989932 2.643250
vt -0.990149 2.663420
vt -1.252622 2.733218
vt -1.405535 2.712121
vt -1.405752 2.732290
vt -1.252405 2.713049
vt -1.532263 2.731524
vt -1.532046 2.711355
vt -1.678405 2.710469
vt -1.678623 2.730638
vt -1.832352 2.709537
vt -1.832569 2.729706
vt -1.961618 2.728924
vt -2.033798 2.708317
vt -2.034016 2.728486
vt -1.961401 2.708755
vt -1.854660 2.729572
vt -1.854443 2.709403
vt 1.622204 2.443431
vt 1.622322 2.432526
vt 1.565559 2.443088
vt 1.565676 2.432184
vt 1.508498 2.442743
vt 1.508616 2.431838
vt -3.255582 -0.536800
vt -3.311108 -0.526230
vt -3.255700 -0.525895
vt -3.310991 -0.537136
vt -3.255348 -0.558611
vt -3.317881 -0.548084
vt -3.255465 -0.547706
vt -3.317764 -0.558989
vt 1.400201 2.677894
vt 1.338015 2.688424
vt 1.400083 2.688801
vt 1.338133 2.677518
vt 1.272703 2.688028
vt 1.272820 2.677124
vt 1.206857 2.687630
vt 1.206974 2.676725
vt 1.105298 2.687015
vt 1.105416 2.676110
vt 1.001558 2.686387
vt 1.001675 2.675481
vt 0.936612 2.685993
vt 0.936730 2.675088
vt 0.869992 2.685589
vt 0.870110 2.674685
vt 0.836023 2.685384
vt 0.836141 2.674479
vt 0.800937 2.685171
vt 0.801054 2.674266
vt 0.731698 2.684752
vt 0.731816 2.673847
vt 0.533139 2.683550
vt 0.533256 2.672645
vt 0.336058 2.682356
vt 0.336176 2.671452
vt 0.390603 2.448670
vt 0.390820 2.428501
vt 0.295823 2.448096
vt 1.464900 2.431573
vt 1.465334 2.391265
vt -3.251567 -0.909754
vt -3.323394 -0.890019
vt -3.251784 -0.889585
vt -3.323177 -0.910188
vt -3.292293 -0.457767
vt -3.292449 -0.443210
vt -3.256436 -0.457550
vt -3.250598 -0.999746
vt -3.322155 -1.009790
vt -3.322259 -1.000180
vt -3.250495 -1.009356
vt -3.322068 -1.017870
vt -3.250408 -1.017436
vt -3.322011 -1.023189
vt -3.250350 -1.022755
vt -3.092317 2.444391
vt -3.092751 2.484699
vt -3.242768 -1.727060
vt -3.287209 -1.687018
vt -3.243202 -1.686751
vt -3.286775 -1.727327
vt -3.324103 -1.687241
vt -3.323669 -1.727550
vt -3.348269 -1.687387
vt -3.347835 -1.727696
vt 1.351053 2.441198
vt 1.279468 2.433883
vt 1.279394 2.440765
vt 1.351127 2.434317
vt -1.251236 2.672744
vt -1.250802 2.632436
vt -1.322945 2.672310
vt -1.322511 2.632001
vt -1.369760 2.672026
vt -1.369326 2.631717
vt -3.254179 -0.667322
vt -3.325726 -0.678161
vt -3.325838 -0.667756
vt -3.254067 -0.677727
vt -3.326800 -0.578336
vt -3.255246 -0.568136
vt -3.255140 -0.577902
vt -3.326906 -0.568570
vt 1.544819 2.729988
vt 1.590249 2.689952
vt 1.545253 2.689680
vt 1.589815 2.730260
vt 1.658130 2.690364
vt 1.657696 2.730671
vt -3.327720 -0.492904
vt -3.256149 -0.484176
vt -3.256060 -0.492470
vt -3.327809 -0.484610
vt -3.580966 1.977675
vt -3.549680 1.937554
vt -3.580533 1.937368
vt -3.550113 1.977862
vt -3.501946 1.937843
vt -3.502381 1.978152
vt -3.355999 -1.777290
vt -3.316201 -1.817359
vt -3.355565 -1.817598
vt -3.316635 -1.777051
vt -3.276254 -1.817118
vt -3.276688 -1.776809
vt -3.241801 -1.816909
vt -3.242235 -1.776601
vt -1.806007 2.588763
vt -1.805573 2.548454
vt 4.076892 2.299404
vt 4.176101 2.327059
vt 4.184069 2.307489
vt 4.069758 2.314163
vt 3.664574 2.258053
vt 3.918677 2.283100
vt 3.297606 2.228443
vt 3.408591 2.236880
vt 3.216565 2.222762
vt 3.240424 2.224359
vt 3.186664 2.219956
vt 3.205781 2.221663
vt 3.201388 2.221129
vt -1.542906 1.582456
vt -1.318729 1.583813
vt -1.376338 1.583465
vt 2.490286 2.176330
vt 2.964557 2.202254
vt 2.729486 2.189402
vt 2.220655 2.192166
vt 2.389166 2.180152
vt 1.650714 2.245231
vt 2.030876 2.208194
vt 1.835358 2.224684
vt 1.392439 2.280244
vt 1.525968 2.261180
vt 1.366997 2.299157
vt 1.373801 2.282905
vt 1.427822 2.294799
vt 1.352466 2.309959
vt 1.473200 2.286948
vt 3.957998 2.302757
vt 3.649611 2.274568
vt 3.803937 2.289109
vt 1.558751 2.273933
vt 3.359499 2.251210
vt 1.628532 2.264276
vt 1.762225 2.248526
vt 1.699637 2.256330
vt 3.207035 2.239439
vt 3.149160 2.235035
vt 3.113593 2.231438
vt 3.125176 2.233474
vt 1.824659 2.242386
vt 3.102228 2.230210
vt 1.928285 2.232600
vt 2.143719 2.212820
vt 2.066810 2.220380
vt 3.077874 2.228498
vt 2.608212 2.196853
vt 2.890370 2.216016
vt 2.222538 2.207288
vt 2.376667 2.197060
vt 2.490342 2.192104
vt 1.652307 2.097269
vt 1.394819 2.059132
vt 1.527920 2.079811
vt 1.369788 2.039914
vt 1.376240 2.056246
vt 1.430511 2.045008
vt 1.355492 2.028937
vt 1.475714 2.053407
vt 2.031621 2.138905
vt 1.836484 2.120049
vt 2.389261 2.171282
vt 2.221031 2.157229
vt 2.729737 2.166156
vt 3.130345 2.145000
vt 2.965053 2.156153
vt 3.206665 2.139667
vt 3.187513 2.141142
vt 3.202260 2.140148
vt 1.560974 2.067457
vt 3.217469 2.138698
vt 3.298624 2.134000
vt 3.241361 2.137393
vt 3.666181 2.108838
vt 3.409775 2.126909
vt 4.079335 2.072486
vt 3.920789 2.086872
vt 4.179127 2.046037
vt 4.186672 2.065700
vt 4.072520 2.057643
vt 3.960528 2.067694
vt 3.651575 2.092144
vt 3.806194 2.079474
vt 1.630538 2.077958
vt 1.763875 2.095325
vt 1.701463 2.086763
vt 3.360998 2.111986
vt 1.826167 2.102221
vt 3.208300 2.121909
vt 3.114697 2.128776
vt 3.150337 2.125610
vt 3.126324 2.126882
vt 1.929570 2.113259
vt 2.144549 2.135646
vt 2.067814 2.127156
vt 3.103308 2.129867
vt 2.223239 2.142132
vt 2.377128 2.154225
vt 3.078921 2.131284
vt 2.608638 2.157236
vt 2.891173 2.141493
vt 2.490682 2.160558
vt 2.310436 2.754796
vt 2.310653 2.734626
vt 2.001316 -1.491686
vt 1.900101 -1.461613
vt 1.967123 -1.480958
vt 2.646098 -1.557346
vt 2.304988 -1.528402
vt 2.502434 -1.545118
vt 1.627678 -1.356057
vt 1.495398 -1.301778
vt 1.561266 -1.328692
vt 1.432750 -1.273637
vt 1.317281 -1.218275
vt 1.373215 -1.243786
vt 1.207593 -1.164012
vt 1.108602 -1.114221
vt 1.153929 -1.135664
vt 1.092500 -1.108528
vt 1.261697 -1.191097
vt 1.016084 -1.074168
vt 1.088919 -1.086050
vt 1.052447 -1.080204
vt 1.129416 -1.092421
vt 1.209567 -1.104612
vt 1.167684 -1.098540
vt 1.286095 -1.116817
vt 1.245207 -1.110301
vt 1.348612 -1.126309
vt 1.479903 -1.147853
vt 1.400149 -1.135053
vt 1.556929 -1.159669
vt 1.608706 -1.167003
vt 4.007228 -1.691943
vt 3.651248 -1.624366
vt 3.847262 -1.633105
vt 4.165888 -1.753052
vt 4.093588 -1.724423
vt 4.228103 -1.782579
vt 4.213124 -1.773474
vt 3.735247 -1.740045
vt 4.062342 -1.768281
vt 3.900858 -1.754426
vt 3.459341 -1.612200
vt 3.410415 -1.711596
vt 3.570373 -1.726450
vt 2.891743 -1.665024
vt 3.231935 -1.696164
vt 2.737020 -1.650170
vt 3.163466 -1.593298
vt 2.846513 -1.572590
vt 2.574530 -1.638025
vt 2.105990 -1.508205
vt 2.188633 -1.613933
vt 2.424501 -1.628449
vt 2.267034 -1.619432
vt 2.036562 -1.499381
vt 2.109066 -1.610984
vt 1.906579 -1.579026
vt 2.028753 -1.608140
vt 1.947759 -1.605989
vt 1.834663 -1.437720
vt 1.860498 -1.553613
vt 1.805854 -1.525225
vt 1.730100 -1.397954
vt 1.751742 -1.499159
vt 1.449698 -1.379798
vt 1.648566 -1.456053
vt 1.530392 -1.411711
vt 1.367658 -1.347739
vt 1.284435 -1.313100
vt 1.149312 -1.257034
vt 1.218179 -1.286616
vt 1.044927 -1.210852
vt 1.090484 -1.232620
vt 0.848577 -1.117918
vt 0.928983 -1.157416
vt 0.693163 -1.034835
vt 0.769766 -1.077387
vt 0.553593 -0.945424
vt 0.621156 -0.990896
vt 0.479657 -0.546425
vt 0.483319 -0.886506
vt 0.489575 -0.545741
vt 0.500372 -0.543830
vt 0.510309 -0.540772
vt 0.519005 -0.536685
vt 0.526123 -0.531726
vt 1.659438 -1.175353
vt 1.777088 -1.196575
vt 0.531392 -0.526086
vt 0.534608 -0.519981
vt 0.535647 -0.513647
vt 1.833558 -1.210032
vt 1.883775 -1.224756
vt 1.880100 -1.223726
vt 1.930160 -1.223036
vt 1.806880 -1.202724
vt 1.973493 -1.223667
vt 2.107248 -1.228271
vt 2.016655 -1.225489
vt 2.329807 -1.238830
vt 2.222157 -1.234149
vt 0.478789 -0.465761
vt 0.488889 -0.482114
vt 0.478959 -0.481551
vt 0.527756 -0.471429
vt 0.499864 -0.466877
vt 0.560619 -0.497064
vt 0.548690 -0.481831
vt 0.561895 -0.510586
vt 0.499727 -0.483894
vt 0.509729 -0.486832
vt 0.518511 -0.490813
vt 0.525735 -0.495685
vt 0.647035 -0.461259
vt 0.595153 -0.491811
vt 0.618449 -0.477475
vt 0.531125 -0.501260
vt 0.534471 -0.507325
vt 2.422244 -1.242414
vt 2.600736 -1.250869
vt 2.535137 -1.247870
vt 2.804612 -1.256843
vt 2.724187 -1.254511
vt 2.898604 -1.258731
vt 3.001952 -1.261031
vt 3.241537 -1.265877
vt 3.121419 -1.264251
vt 0.691415 -0.431254
vt 0.669154 -0.445810
vt 0.722920 -0.407352
vt 0.703499 -0.421814
vt 0.750833 -0.357497
vt 0.737301 -0.378469
vt 0.801266 -0.282040
vt 0.765866 -0.336958
vt 0.781556 -0.312597
vt 0.854099 -0.196979
vt 0.816284 -0.258154
vt 0.834880 -0.226741
vt 0.901121 -0.115374
vt 0.891331 -0.132560
vt 0.898652 -0.117027
vt 0.932312 -0.102546
vt 0.918033 -0.106803
vt 0.945006 -0.108813
vt 0.941784 -0.103252
vt 0.923050 -0.146720
vt 0.937717 -0.121663
vt 0.893603 -0.203214
vt 0.911189 -0.172853
vt 0.861949 -0.258982
vt 0.880710 -0.230692
vt 0.847058 -0.278952
vt 0.828410 -0.308237
vt 0.873950 -0.164457
vt 0.769776 -0.417653
vt 0.806918 -0.348448
vt 0.787957 -0.385152
vt 0.760358 -0.430535
vt 0.672640 -0.487865
vt 0.738651 -0.451237
vt 0.613724 -0.523456
vt 0.576063 -0.549208
vt 3.347467 -1.266652
vt 3.491352 -1.268042
vt 3.418534 -1.267973
vt 3.598979 -1.267989
vt 3.847955 -1.268340
vt 3.700565 -1.268436
vt 0.598467 -0.596996
vt 3.819892 -1.225816
vt 3.839248 -1.246731
vt 3.762195 -1.198214
vt 3.792835 -1.208779
vt 3.678913 -1.185135
vt 3.591825 -1.169584
vt 3.599761 -1.170852
vt 0.819875 -0.553334
vt 0.746809 -0.570118
vt 0.779569 -0.562206
vt 0.899694 -0.534556
vt 0.855603 -0.544639
vt 0.988003 -0.512621
vt 0.946817 -0.522805
vt 1.076789 -0.490607
vt 1.031671 -0.500714
vt 1.146844 -0.459455
vt 1.107954 -0.475089
vt 1.186922 -0.442605
vt 1.222396 -0.427392
vt 1.308264 -0.389682
vt 1.265157 -0.408201
vt 1.355366 -0.370355
vt 3.478775 -1.171681
vt 3.365284 -1.171685
vt 3.053165 -1.168461
vt 3.209497 -1.169647
vt 1.543010 -0.287049
vt 1.451042 -0.327520
vt 1.496356 -0.306740
vt 1.701132 -0.214908
vt 1.593681 -0.265089
vt 1.646174 -0.239620
vt 1.408690 -0.346497
vt 1.760616 -0.187405
vt 1.877666 -0.146482
vt 1.829061 -0.155646
vt 1.833791 -0.153175
vt 1.938724 -0.145920
vt 1.914514 -0.143934
vt 1.922083 -0.161982
vt 1.946611 -0.152136
vt 1.836313 -0.201473
vt 1.887502 -0.177921
vt 1.732449 -0.248217
vt 1.780355 -0.227517
vt 1.690647 -0.266083
vt 1.548052 -0.329939
vt 1.636469 -0.290130
vt 1.595471 -0.308713
vt 1.487996 -0.356420
vt 1.370423 -0.407599
vt 1.432174 -0.381469
vt 1.183112 -0.485019
vt 1.302666 -0.435163
vt 1.249983 -0.457748
vt 1.091970 -0.526082
vt 1.138039 -0.505759
vt 1.056899 -0.531024
vt 0.935385 -0.560507
vt 1.022244 -0.536772
vt 0.988884 -0.546532
vt 0.884206 -0.573952
vt 0.695100 -0.581027
vt 0.700666 -0.624510
vt 0.832898 -0.588147
vt 0.763270 -0.607567
vt 0.646491 -0.590401
vt 0.619915 -0.641340
vt 2.760545 -1.162318
vt 2.606923 -1.158592
vt 0.643687 -0.685366
vt 2.548629 -1.157113
vt 2.512521 -1.157083
vt 2.524556 -1.156242
vt 2.500959 -1.157150
vt 1.372473 -0.650654
vt 1.274812 -0.659460
vt 1.331677 -0.654210
vt 1.474154 -0.629039
vt 1.403371 -0.644058
vt 1.568029 -0.609397
vt 1.874458 -0.539126
vt 1.732427 -0.572448
vt 1.809709 -0.553984
vt 2.062084 -0.494455
vt 1.929564 -0.526465
vt 1.990052 -0.511431
vt 2.196770 -0.460927
vt 2.129394 -0.477635
vt 2.273395 -0.442465
vt 2.529061 -0.375550
vt 2.432619 -0.401949
vt 2.483858 -0.387563
vt 2.592738 -0.374973
vt 2.535388 -0.375003
vt 2.671515 -0.383783
vt 2.640540 -0.378056
vt 2.635289 -0.402004
vt 2.680948 -0.391282
vt 2.424881 -0.456768
vt 2.564094 -0.421026
vt 2.495847 -0.439276
vt 2.224052 -0.506205
vt 2.361664 -0.472442
vt 2.298604 -0.488381
vt 2.382299 -0.414932
vt 2.335326 -0.426912
vt 2.110847 -0.532832
vt 2.171700 -0.518934
vt 1.990478 -0.561998
vt 2.046607 -0.548995
vt 1.896263 -0.585154
vt 1.938311 -0.576072
vt 1.737952 -0.620776
vt 1.845710 -0.596780
vt 1.787153 -0.610267
vt 1.694496 -0.630786
vt 1.601525 -0.651659
vt 1.655528 -0.639944
vt 1.536738 -0.665123
vt 1.491946 -0.674648
vt 1.387955 -0.697316
vt 1.436211 -0.686986
vt 1.311465 -0.696330
vt 1.353881 -0.696991
vt 1.270619 -0.698321
vt 1.142329 -0.709369
vt 1.226413 -0.701662
vt 1.185093 -0.705809
vt 1.653704 -0.590325
vt 0.973900 -0.723233
vt 1.084088 -0.714143
vt 1.023157 -0.719180
vt 0.880110 -0.731183
vt 0.928919 -0.727050
vt 0.789979 -0.740384
vt 0.831301 -0.736237
vt 0.724523 -0.746280
vt 0.758694 -0.743365
vt 0.675426 -0.747560
vt 1.191254 -0.665838
vt 1.077922 -0.673312
vt 0.964638 -0.678987
vt 0.844857 -0.683849
vt 0.742315 -0.685000
vt 2.476475 -1.156389
vt 2.004711 -1.140366
vt 2.288180 -1.149843
vt 1.887328 -1.133202
vt 0.704149 -0.794941
vt 0.792875 -0.812775
vt 1.777150 -1.116900
vt 0.846260 -0.818550
vt 0.993808 -0.833828
vt 0.894575 -0.822971
vt 0.955289 -0.828474
vt 1.628876 -1.091343
vt 1.553147 -1.077977
vt 1.347638 -1.036854
vt 1.479939 -1.062806
vt 1.027686 -0.837799
vt 1.155006 -0.847902
vt 1.086002 -0.842249
vt 1.384435 -0.864019
vt 1.226099 -0.853165
vt 1.315157 -0.859118
vt 1.480411 -0.867776
vt 1.451810 -0.866123
vt 1.618930 -0.875383
vt 1.999853 -0.850063
vt 1.807722 -0.864062
vt 1.903419 -0.856355
vt 2.315761 -0.821497
vt 2.106045 -0.840642
vt 2.207906 -0.831280
vt 2.525957 -0.802564
vt 2.411149 -0.812347
vt 2.748088 -0.782546
vt 2.640131 -0.791848
vt 3.108675 -0.745463
vt 2.865584 -0.771108
vt 2.984861 -0.757835
vt 3.225202 -0.748338
vt 3.144603 -0.740738
vt 3.338477 -0.767225
vt 3.293281 -0.757639
vt 3.278983 -0.782968
vt 3.353910 -0.775637
vt 3.130645 -0.798529
vt 3.209010 -0.791064
vt 2.957528 -0.816077
vt 3.053771 -0.806867
vt 2.814395 -0.829562
vt 2.880173 -0.824204
vt 2.681982 -0.840339
vt 2.755620 -0.835161
vt 2.513759 -0.854367
vt 2.603890 -0.847052
vt 2.294624 -0.874174
vt 2.439624 -0.861290
vt 2.379617 -0.867220
vt 2.083405 -0.888733
vt 2.195982 -0.881110
vt 1.885526 -0.904700
vt 1.975762 -0.897475
vt 1.805831 -0.910010
vt 1.732424 -0.915465
vt 1.624615 -0.920994
vt 1.684440 -0.920305
vt 1.651088 -0.925289
vt 1.573008 -0.913774
vt 1.320468 -0.903387
vt 1.501919 -0.910564
vt 1.393612 -0.906453
vt 1.119965 -0.894911
vt 1.218511 -0.899709
vt 0.885697 -0.887050
vt 1.028840 -0.893109
vt 0.773801 -0.877102
vt 0.875389 -0.925323
vt 0.795962 -0.901671
vt 0.806122 -0.902823
vt 1.189444 -1.004488
vt 1.063013 -0.975546
vt 1.130393 -0.990514
vt 1.715622 -0.870294
vt 1.248871 -1.016807
vt 0.997479 -0.959026
vt 0.917508 -0.937613
vt 1.303175 0.702893
vt 1.102882 0.691989
vt 1.201310 0.697980
vt 0.868812 0.681292
vt 1.011806 0.689084
vt 0.757146 0.669991
vt 1.376243 0.706844
vt 1.484448 0.712266
vt 1.555458 0.716337
vt 0.778774 0.694824
vt 0.857682 0.719435
vt 0.788908 0.696100
vt 1.044200 0.771924
vt 1.169991 0.802393
vt 1.111249 0.787706
vt 1.666735 0.724216
vt 1.606903 0.724180
vt 1.633280 0.728795
vt 1.714817 0.719958
vt 1.958511 0.704917
vt 1.788332 0.715393
vt 1.868131 0.711048
vt 2.066328 0.697480
vt 2.277833 0.685481
vt 2.179053 0.691222
vt 2.423092 0.674355
vt 2.362965 0.679557
vt 2.665868 0.656342
vt 2.497366 0.668331
vt 2.587642 0.662108
vt 2.798496 0.647171
vt 2.739609 0.652057
vt 2.941900 0.635420
vt 2.864381 0.642609
vt 3.115374 0.619971
vt 3.038330 0.627376
vt 3.264027 0.606208
vt 3.193890 0.613456
vt 3.323853 0.591188
vt 3.339102 0.599786
vt 3.210998 0.570931
vt 3.278868 0.581056
vt 3.094549 0.566646
vt 3.130574 0.562356
vt 2.850938 0.589343
vt 2.970484 0.577516
vt 2.510677 0.616681
vt 2.733211 0.599357
vt 2.625067 0.607350
vt 2.300100 0.633067
vt 2.395673 0.625073
vt 1.327467 0.836671
vt 1.532065 0.880277
vt 1.459193 0.864221
vt 2.192050 0.641542
vt 2.090001 0.649669
vt 1.982226 0.948128
vt 2.453584 0.969862
vt 2.265454 0.961036
vt 1.791212 0.669473
vt 1.983619 0.657803
vt 1.887062 0.662928
vt 1.698989 0.674589
vt 1.602201 0.678506
vt 1.367981 0.664304
vt 1.463864 0.669223
vt 1.435302 0.667224
vt 1.209899 0.651533
vt 1.298818 0.658565
vt 1.011843 0.633766
vt 1.138929 0.645411
vt 1.070056 0.638923
vt 0.879068 0.617329
vt 0.978056 0.629387
vt 0.939657 0.623566
vt 0.830855 0.612324
vt 0.777602 0.605903
vt 0.689271 0.586996
vt 0.744919 0.536088
vt 0.661572 0.539273
vt 0.710690 0.538588
vt 0.817670 0.529839
vt 0.776265 0.533486
vt 0.960532 0.518565
vt 0.866582 0.525377
vt 0.915473 0.521837
vt 1.070900 0.510810
vt 1.009868 0.515109
vt 1.172071 0.503701
vt 1.129237 0.506743
vt 1.213476 0.500055
vt 2.489611 0.970992
vt 2.525713 0.971459
vt 2.501662 0.970297
vt 2.583968 0.973644
vt 2.478048 0.970919
vt 2.737489 0.979230
vt 3.029939 0.988917
vt 3.341948 0.995920
vt 3.186225 0.991995
vt 3.455424 0.997290
vt 3.576413 0.997927
vt 3.568506 0.996563
vt 3.655247 1.013167
vt 3.768644 1.038187
vt 3.738235 1.027253
vt 3.814234 1.076697
vt 3.795331 1.055550
vt 3.675101 1.096719
vt 3.822475 1.098408
vt 3.573538 1.095042
vt 3.393118 1.092841
vt 3.465925 1.093791
vt 3.322089 1.090658
vt 3.096122 1.085521
vt 3.216188 1.088601
vt 2.976739 1.080854
vt 2.873454 1.077302
vt 2.699151 1.070970
vt 2.779515 1.074277
vt 2.510269 1.062041
vt 2.575794 1.065834
vt 2.397508 1.055219
vt 2.197625 1.044531
vt 2.305160 1.050515
vt 2.082857 1.037262
vt 1.949219 1.031039
vt 1.992336 1.033383
vt 1.905906 1.029884
vt 1.855836 1.029968
vt 1.859489 1.031042
vt 1.809596 1.015711
vt 1.783079 1.008081
vt 1.753423 1.001572
vt 1.636245 0.978929
vt 1.865013 0.939542
vt 1.585700 0.969965
vt 1.457325 0.949258
vt 1.534088 0.962005
vt 1.326516 0.926127
vt 1.377859 0.935493
vt 1.223469 0.908868
vt 1.264211 0.915878
vt 1.187956 0.902748
vt 1.108077 0.889589
vt 1.146209 0.896170
vt 1.755200 0.921908
vt 1.607496 0.894559
vt 1.067723 0.882727
vt 1.031382 0.876440
vt 0.995153 0.869965
vt 1.229145 0.815431
vt 1.070820 0.905246
vt 1.131657 0.933122
vt 1.086797 0.911133
vt 1.184703 0.962117
vt 0.979030 0.754612
vt 1.238217 0.989853
vt 0.899530 0.732234
vt 1.293209 1.017701
vt 1.407471 1.074454
vt 1.348586 1.043886
vt 1.469505 1.103350
vt 1.600598 1.159224
vt 1.534785 1.131058
vt 1.870714 1.268066
vt 1.971267 1.299360
vt 1.937311 1.288219
vt 1.375090 0.497665
vt 1.298631 0.495753
vt 1.341027 0.496927
vt 1.479555 0.476260
vt 1.423562 0.487921
vt 1.643864 0.443542
vt 1.524547 0.467278
vt 1.589615 0.454601
vt 1.683024 0.434856
vt 1.257748 0.497249
vt 1.726689 0.425374
vt 1.834949 0.402686
vt 1.776110 0.415463
vt 1.980448 0.369662
vt 1.885746 0.391674
vt 1.927985 0.383102
vt 2.101429 0.341957
vt 2.036850 0.357340
vt 2.215193 0.316705
vt 2.162573 0.328798
vt 2.353513 0.284613
vt 2.290119 0.299787
vt 2.557024 0.235656
vt 2.417059 0.269707
vt 2.488392 0.253077
vt 2.628619 0.217498
vt 2.665233 0.199718
vt 2.674503 0.207330
vt 2.586655 0.189955
vt 2.634385 0.193617
vt 2.522974 0.189761
vt 2.529312 0.189290
vt 2.425976 0.214989
vt 2.477519 0.201225
vt 2.375385 0.227361
vt 2.274109 1.339749
vt 2.614552 1.372820
vt 2.471170 1.358855
vt 2.328159 0.238770
vt 2.121161 0.286993
vt 2.265902 0.253571
vt 2.188889 0.271103
vt 3.618129 1.452004
vt 3.972606 1.523884
vt 3.813928 1.463117
vt 4.129930 1.586908
vt 4.058256 1.557405
vt 4.191501 1.617184
vt 4.176720 1.607899
vt 4.026070 1.600880
vt 3.699625 1.568686
vt 3.864905 1.585071
vt 3.426507 1.437516
vt 3.375449 1.536307
vt 3.535065 1.553097
vt 2.857847 1.483460
vt 3.197322 1.518716
vt 2.703465 1.466733
vt 3.131078 1.415033
vt 2.814612 1.390489
vt 2.541256 1.452623
vt 2.075573 1.317145
vt 2.391453 1.441230
vt 2.155929 1.423860
vt 2.234200 1.430307
vt 2.006344 1.307481
vt 2.076436 1.419948
vt 1.996194 1.416131
vt 1.874662 1.385542
vt 1.915257 1.413000
vt 1.805798 1.243382
vt 1.829135 1.359574
vt 1.775109 1.330527
vt 1.702106 1.202355
vt 1.721566 1.303810
vt 1.619330 1.259460
vt 1.422131 1.180806
vt 1.502127 1.213692
vt 1.340791 1.147758
vt 1.258325 1.112116
vt 1.124426 1.054420
vt 1.192648 1.084833
vt 1.021050 1.006980
vt 1.066133 1.029297
vt 0.826727 0.911681
vt 0.906272 0.952146
vt 0.673122 0.826726
vt 0.748799 0.870200
vt 0.535495 0.735636
vt 0.602070 0.781921
vt 0.470159 0.335793
vt 0.466498 0.675874
vt 0.480090 0.335230
vt 0.490927 0.333450
vt 0.500929 0.330513
vt 0.509711 0.326532
vt 0.516936 0.321660
vt 0.522325 0.316085
vt 0.525672 0.310019
vt 2.053499 0.302995
vt 1.920307 0.333396
vt 1.981110 0.319097
vt 1.722206 0.376986
vt 1.864936 0.345388
vt 1.799874 0.359461
vt 0.526848 0.303698
vt 0.525808 0.297363
vt 1.643108 0.393906
vt 1.391650 0.444602
vt 1.557032 0.411938
vt 1.462748 0.430442
vt 0.522592 0.291258
vt 1.262777 0.458444
vt 1.360614 0.450822
vt 1.319747 0.453884
vt 0.480775 0.271603
vt 0.471028 0.255130
vt 0.470857 0.270920
vt 0.519866 0.261390
vt 0.492076 0.256501
vt 0.552172 0.287420
vt 0.540574 0.272044
vt 0.553158 0.300955
vt 0.491573 0.273514
vt 0.501510 0.276572
vt 0.510205 0.280659
vt 0.517324 0.285618
vt 0.586816 0.282585
vt 0.639348 0.252666
vt 0.610417 0.268534
vt 0.684370 0.223203
vt 0.661797 0.237487
vt 0.716385 0.199685
vt 0.696655 0.213910
vt 0.745367 0.150175
vt 0.731386 0.170980
vt 0.760841 0.129821
vt 0.797418 0.075338
vt 0.777053 0.105653
vt 0.812949 0.051637
vt 0.852076 -0.009072
vt 0.832219 0.020454
vt 0.890689 -0.073031
vt 0.900848 -0.090097
vt 0.898345 -0.088474
vt 0.932312 -0.102545
vt 0.917943 -0.098462
vt 0.944869 -0.096125
vt 0.941768 -0.101725
vt 0.922099 -0.058489
vt 0.937304 -0.083365
vt 0.891441 -0.002359
vt 0.909678 -0.032503
vt 0.858590 0.053018
vt 0.877957 0.024959
vt 0.843271 0.072805
vt 0.823995 0.101861
vt 0.872624 -0.041350
vt 0.801640 0.141806
vt 0.763013 0.210552
vt 0.781891 0.178276
vt 0.753319 0.223319
vt 0.664377 0.279578
vt 0.731168 0.243756
vt 0.604703 0.314451
vt 0.566492 0.339744
vt 1.179092 0.463809
vt 1.065614 0.469910
vt 0.587865 0.387798
vt 0.952222 0.474212
vt 0.832352 0.477623
vt 0.736766 0.362719
vt 0.810184 0.346823
vt 0.769692 0.355205
vt 0.890397 0.329014
vt 0.846094 0.338561
vt 0.979166 0.308151
vt 0.937766 0.317834
vt 1.068415 0.287214
vt 1.023085 0.296774
vt 1.139132 0.256916
vt 1.099910 0.272076
vt 1.179567 0.240553
vt 1.215364 0.225772
vt 1.302033 0.189107
vt 1.258533 0.207102
vt 1.349545 0.170352
vt 0.729800 0.477532
vt 0.631176 0.476703
vt 1.446131 0.128682
vt 1.538957 0.089330
vt 1.491885 0.108453
vt 1.590096 0.067986
vt 1.698613 0.019114
vt 1.643129 0.043157
vt 1.403375 0.147143
vt 1.758681 -0.007666
vt 1.827800 -0.038592
vt 1.876596 -0.047166
vt 1.832583 -0.041006
vt 1.937659 -0.046988
vt 1.913495 -0.049267
vt 1.920674 -0.031130
vt 1.945412 -0.040678
vt 1.834063 0.007317
vt 1.885754 -0.015612
vt 1.729208 0.052797
vt 1.777554 0.032680
vt 1.687027 0.070154
vt 1.632339 0.093543
vt 1.543076 0.132275
vt 1.590945 0.111626
vt 1.482458 0.158025
vt 1.363798 0.207774
vt 1.426103 0.182395
vt 1.295457 0.234514
vt 1.174845 0.282915
vt 1.242294 0.256458
vt 1.082830 0.322869
vt 1.129331 0.303107
vt 1.047657 0.327386
vt 1.012884 0.332713
vt 0.925524 0.355394
vt 0.979317 0.342068
vt 0.874063 0.368217
vt 0.684829 0.373000
vt 0.822455 0.381788
vt 0.689458 0.416545
vt 0.752418 0.400362
vt 0.636024 0.381785
vt 0.608356 0.432396
vt -3.304471 -0.878998
vt -3.304688 -0.858828
vt 4.179131 2.766112
vt -3.300749 -0.772056
vt -3.252836 -0.791936
vt -3.300531 -0.792225
vt -3.253055 -0.771767
vt -1.136610 1.584917
vt -1.210124 1.584471
vt 2.413391 1.818818
vt 2.216829 1.801479
vt 2.391239 1.820745
vt 1.892841 1.743103
vt 2.044113 1.771898
vt 1.547470 1.674227
vt 1.710562 1.709588
vt 1.439577 1.645720
vt 1.324297 1.599820
vt 1.343600 1.624479
vt 3.163619 1.750475
vt 2.593244 1.803173
vt 2.881913 1.778235
vt 1.353374 1.606694
vt 1.420279 1.624380
vt 3.520016 1.715184
vt 3.273218 1.739631
vt 4.029872 1.656371
vt 3.823904 1.680586
vt 4.176009 1.617089
vt 4.191287 1.637041
vt 4.000958 1.640437
vt 1.486892 1.640790
vt 3.811745 1.661974
vt 3.519943 1.695038
vt 1.554966 1.657033
vt 1.695763 1.689734
vt 1.622434 1.671632
vt 1.771089 1.705674
vt 1.927255 1.734446
vt 1.848788 1.719893
vt 3.207098 1.730023
vt 2.048100 1.756599
vt 3.008073 1.750102
vt 2.667646 1.781426
vt 2.864676 1.763258
vt 2.169783 1.776358
vt 2.467190 1.796551
vt 2.396257 1.800139
vt 2.245379 1.787781
vt 2.358441 1.798905
vt 2.319928 1.794606
vt -3.329894 -0.930399
vt -3.251133 -0.950093
vt -3.329677 -0.950569
vt -3.251350 -0.929924
vt 2.880934 1.869192
vt 3.271358 1.912531
vt 3.162005 1.900361
vt 3.820700 1.978236
vt 3.517597 1.939963
vt 4.187097 2.026226
vt 4.026119 2.004944
vt 3.996866 2.020525
vt 4.171391 2.045990
vt 3.808142 1.996700
vt 2.592841 1.840761
vt -1.136611 1.584917
vt -0.954492 1.586020
vt -1.028005 1.585575
vt 2.216437 1.837896
vt 2.413348 1.822940
vt 2.391240 1.820745
vt 1.891235 1.892340
vt 2.043108 1.865381
vt 1.544427 1.957025
vt 1.708259 1.923644
vt 1.319680 2.028720
vt 1.435934 1.984221
vt 1.339512 2.004298
vt 3.517091 1.960104
vt 1.348902 2.022198
vt 1.416178 2.005324
vt 3.205038 1.921336
vt 1.483137 1.989724
vt 3.006472 1.898850
vt 2.666765 1.863407
vt 2.863378 1.883958
vt 1.551550 1.974308
vt 1.693034 1.943316
vt 1.619325 1.960528
vt 1.925458 1.901413
vt 1.768692 1.928290
vt 1.846688 1.915015
vt 2.466660 1.845856
vt 2.395814 1.841409
vt 2.046764 1.880727
vt 2.357976 1.842185
vt 2.244689 1.851938
vt 2.319376 1.846017
vt 2.168857 1.862443
vt -1.118729 2.734029
vt -1.118512 2.713859
vt -3.245808 -1.444902
vt -3.267154 -1.485342
vt -3.267588 -1.445034
vt -3.245374 -1.485210
vt -3.296317 -1.445208
vt -3.296036 -1.471269
vt -3.296199 -1.456114
vt -3.295882 -1.485516
vt -3.607191 1.901375
vt -3.515278 1.894444
vt -3.554702 1.896446
vt -3.475910 1.893391
vt -3.372685 1.888130
vt -3.430127 1.891051
vt -3.658956 1.895450
vt -3.638664 1.897606
vt -3.725989 1.885544
vt -3.691786 1.890271
vt -3.797087 1.872043
vt -3.764171 1.877843
vt -3.747005 1.891801
vt -3.809850 1.879115
vt -3.597625 1.913014
vt -3.668881 1.905231
vt -3.514616 1.906881
vt -3.327950 1.885648
vt -3.213652 1.878961
vt -3.269609 1.881796
vt -3.441010 1.902767
vt -3.208084 1.889504
vt -3.377422 1.899272
vt -3.295299 1.895201
vt -3.152996 1.875278
vt -3.054386 1.877643
vt -3.128805 1.885059
vt -3.094393 1.870600
vt -3.063673 1.868139
vt -3.066341 1.867738
vt -3.314077 -1.606559
vt -3.341440 -1.647035
vt -3.341874 -1.606727
vt -3.313643 -1.646867
vt -3.293029 -1.606431
vt -3.292595 -1.646739
vt 1.465017 2.420666
vt 1.465235 2.400497
vt -3.287516 -1.243601
vt -3.287082 -1.283909
vt -3.294042 -1.485505
vt -3.293608 -1.525813
vt -3.304742 -0.826360
vt -3.268885 -0.826143
vt -3.257177 -0.388641
vt -3.293123 -0.380623
vt -3.257266 -0.380407
vt -3.293035 -0.388859
vt -3.335713 -1.023272
vt -3.250135 -1.042924
vt -3.335495 -1.043441
vt -3.250353 -1.022755
vt -3.292685 -0.421296
vt -3.256945 -0.410262
vt -3.256828 -0.421079
vt -3.292802 -0.410479
vt -3.320127 -1.456259
vt -3.328848 -1.476482
vt -3.329065 -1.456313
vt -3.319910 -1.476428
vt -3.320244 -1.445353
vt -3.319810 -1.485661
vt -3.840841 1.814554
vt -3.848701 1.812069
vt -3.849276 1.865434
vt -3.841363 1.863045
vt -3.648223 2.349496
vt -3.595470 2.360723
vt -3.595353 2.349817
vt -3.648340 2.360402
vt -3.556623 2.360957
vt -3.556506 2.350052
vt -3.676504 2.349325
vt -3.676620 2.360231
vt -3.694878 2.349214
vt -3.694994 2.360120
vt -3.723744 2.349039
vt -3.723862 2.359945
vt -3.754157 2.348855
vt -3.754274 2.359761
vt -3.786876 2.348657
vt -3.786994 2.359563
vt -3.815508 2.348484
vt -3.815626 2.359390
vt -3.853414 2.348253
vt -3.853531 2.359160
vt -3.786659 2.328488
vt -3.815192 2.319081
vt -3.815291 2.328314
vt -3.786559 2.319254
vt -3.753940 2.328685
vt -3.753840 2.319452
vt -3.595037 2.320414
vt -3.648006 2.329327
vt -3.595135 2.329647
vt -3.647906 2.320094
vt -3.723527 2.328869
vt -3.723428 2.319636
vt -3.694661 2.329044
vt -3.694561 2.319811
vt -3.472859 2.330388
vt -3.517880 2.320882
vt -3.517980 2.330114
vt -3.472760 2.321154
vt -3.676187 2.319923
vt -3.676287 2.329155
vt -3.556289 2.329883
vt -3.556189 2.320649
vt -3.416259 2.330730
vt -3.416160 2.321497
vt -3.314132 2.331349
vt -3.371973 2.321765
vt -3.372072 2.330998
vt -3.314034 2.322116
vt -3.258900 2.322450
vt -3.259001 2.331683
vt -3.111945 2.332573
vt -3.140217 2.323168
vt -3.140316 2.332401
vt -3.111845 2.323340
vt -3.198827 2.322814
vt -3.198926 2.332047
vt -3.109009 2.363668
vt -3.112162 2.352742
vt -3.112279 2.363649
vt -3.109807 2.352757
vt -3.108575 2.323360
vt -3.109590 2.332587
vt -3.102123 2.404022
vt -3.124205 2.444198
vt -3.102558 2.444330
vt -3.123771 2.403890
vt -3.166352 2.443943
vt -3.165918 2.403635
vt -3.210346 2.403366
vt -3.261876 2.443365
vt -3.210780 2.443674
vt -3.261442 2.403056
vt -3.308530 2.443082
vt -3.308096 2.402774
vt -3.355815 2.442796
vt -3.355381 2.402487
vt -3.388969 2.442595
vt -3.388536 2.402286
vt -3.438024 2.442298
vt -3.437590 2.401989
vt -3.505940 2.441886
vt -3.505507 2.401579
vt -3.568026 2.441510
vt -3.567591 2.401203
vt -3.622374 2.400871
vt -3.644221 2.441050
vt -3.622808 2.441178
vt -3.643787 2.400741
vt -3.677732 2.440846
vt -3.677298 2.400538
vt -3.320070 -1.203487
vt -3.248410 -1.203053
vt -3.320436 -1.169422
vt 1.727245 2.352540
vt 1.672152 2.392517
vt 1.726811 2.392848
vt 1.672586 2.352209
vt 1.631924 2.392274
vt 1.632358 2.351965
vt -3.140533 2.352570
vt -3.140651 2.363477
vt -3.199144 2.352216
vt -3.199261 2.363122
vt -3.259217 2.351852
vt -3.259334 2.362758
vt -3.314350 2.351518
vt -3.314467 2.362424
vt -3.372289 2.351167
vt -3.372407 2.362073
vt -3.416476 2.350900
vt -3.416594 2.361806
vt -3.473077 2.350557
vt -3.473194 2.361463
vt -3.518197 2.350284
vt -3.518314 2.361190
vt -3.129981 1.915846
vt -3.055017 1.936471
vt -3.054801 1.916302
vt -3.130198 1.936016
vt -3.208527 1.935542
vt -3.208310 1.915372
vt -3.295107 1.935017
vt -3.294889 1.914848
vt -3.375978 1.934528
vt -3.375761 1.914358
vt -3.438550 1.913978
vt -3.438768 1.934148
vt -3.511486 1.933707
vt -3.511270 1.913538
vt -3.594255 1.933205
vt -3.594038 1.913036
vt -3.658668 1.932816
vt -3.658450 1.912646
vt -3.726576 1.912234
vt -3.726793 1.932403
vt -3.780639 1.932077
vt -3.780422 1.911908
vt -3.292364 -0.718301
vt -3.253631 -0.718066
vt -3.292147 -0.738470
vt -1.579034 1.867186
vt -1.588631 1.908682
vt -1.546362 1.903415
vt -1.769902 1.923784
vt -1.667868 1.916438
vt -1.940216 1.936560
vt -1.849790 1.930598
vt -2.023109 1.941027
vt -2.200021 1.938681
vt -2.094562 1.946366
vt -1.594889 1.895219
vt -1.609650 1.864438
vt -2.318442 1.928900
vt -2.531372 1.912438
vt -2.441681 1.920023
vt -2.649423 1.902132
vt -2.874138 1.882841
vt -2.770279 1.892783
vt -1.642259 1.902940
vt -1.692596 1.908408
vt -2.979728 1.872385
vt -3.054148 1.855690
vt -3.043588 1.867652
vt -1.825019 1.919288
vt -1.746973 1.913411
vt -1.782308 1.915709
vt -3.049879 1.856250
vt -2.962569 1.864687
vt -1.910674 1.925324
vt -1.863616 1.921738
vt -2.006464 1.930993
vt -1.961831 1.928309
vt -2.102739 1.936728
vt -2.054772 1.932875
vt -2.190904 1.929269
vt -2.143431 1.931966
vt -2.240483 1.925847
vt -2.886775 1.871935
vt -2.749424 1.885462
vt -2.817368 1.878024
vt -2.284630 1.922558
vt -2.392278 1.913828
vt -2.338602 1.917853
vt -2.450124 1.910220
vt -2.686158 1.890360
vt -2.570791 1.899781
vt -2.628377 1.894409
vt -2.517362 1.904415
vt 3.981129 2.533692
vt 3.903219 2.526870
vt 3.945848 2.530965
vt 3.817706 2.519797
vt 3.864681 2.523954
vt 3.722050 2.512969
vt 3.766620 2.516193
vt 3.625912 2.506070
vt 3.673790 2.510503
vt 3.537599 2.512459
vt 3.585124 2.510337
vt 3.487952 2.515280
vt 3.443739 2.518034
vt 3.335917 2.525459
vt 3.389674 2.522086
vt 3.278001 2.528367
vt 4.148050 2.581945
vt 4.132802 2.553723
vt 4.117379 2.584322
vt 4.139350 2.540339
vt 4.181499 2.546116
vt 3.958426 2.523044
vt 4.060288 2.531623
vt 3.788410 2.508206
vt 3.878695 2.515262
vt 3.528685 2.502939
vt 3.705624 2.502735
vt 3.634296 2.496531
vt 4.085604 2.545430
vt 3.410068 2.511285
vt 3.196812 2.525165
vt 3.286654 2.518668
vt 2.853454 2.550607
vt 3.078553 2.534039
vt 2.957513 2.541924
vt 4.035391 2.539353
vt 2.747653 2.559782
vt 2.683699 2.563742
vt 2.677161 2.575066
vt 2.764642 2.567687
vt 2.978209 2.549497
vt 2.840582 2.561358
vt 2.910112 2.556111
vt 3.157125 2.537343
vt 3.041571 2.545366
vt 3.099431 2.542017
vt 3.210647 2.533356
vt -3.273233 -1.313229
vt -3.327938 -1.324467
vt -3.328055 -1.313561
vt -3.247542 -1.283670
vt -3.328273 -1.293392
vt -3.328372 -1.284159
vt -3.273450 -1.293060
vt -2.504278 2.439202
vt -2.241165 2.419353
vt -2.384386 2.429242
vt -1.951955 2.402200
vt -2.080806 2.407612
vt -1.768013 2.403975
vt -1.851509 2.397741
vt -1.514921 2.425195
vt -1.657244 2.411206
vt -1.222913 2.454631
vt -1.371899 2.437851
vt -1.105595 2.469965
vt -1.136940 2.465127
vt -1.134030 2.516884
vt -1.119342 2.517438
vt -1.136122 2.485653
vt -2.901590 2.471834
vt -2.635718 2.449824
vt -2.777055 2.460639
vt -1.231564 2.471411
vt -3.092976 2.505486
vt -3.014639 2.482504
vt -3.087508 2.488678
vt -1.331139 2.457347
vt -1.449045 2.444317
vt -3.048213 2.501005
vt -2.992218 2.494690
vt -1.561041 2.433035
vt -1.673896 2.423482
vt -2.937748 2.489595
vt -2.886961 2.484975
vt -1.757494 2.417277
vt -1.855811 2.411331
vt -1.814797 2.413934
vt -2.665127 2.466451
vt -2.820114 2.479115
vt -2.737758 2.472621
vt -1.963796 2.417163
vt -1.888637 2.413130
vt -2.063350 2.422246
vt -2.450042 2.448854
vt -2.592510 2.460164
vt -2.515262 2.454425
vt -2.154724 2.427990
vt -2.238843 2.433608
vt -2.391092 2.444779
vt -2.321835 2.440007
vt 2.893626 2.798669
vt 2.926307 2.778697
vt 2.893843 2.778500
vt 2.926090 2.798866
vt -2.427709 2.520273
vt -2.594332 2.539434
vt -2.427926 2.540442
vt -2.594114 2.519264
vt 1.459720 2.321515
vt 1.402697 2.310263
vt 1.402579 2.321169
vt 1.402362 2.341339
vt 1.402263 2.350571
vt 1.459502 2.341685
vt -1.070831 2.291140
vt -0.827491 2.316006
vt -0.946895 2.303115
vt -0.709884 2.327068
vt -0.487558 2.346373
vt -0.601836 2.336023
vt -0.277181 2.364634
vt -0.372656 2.355789
vt -0.067281 2.383106
vt -0.169231 2.374072
vt 0.039005 2.392188
vt 0.231267 2.405571
vt 0.135497 2.398171
vt 0.558602 2.408236
vt 0.654536 2.404172
vt 0.587186 2.406491
vt 0.812755 2.392810
vt 0.723761 2.399050
vt 0.883792 2.387320
vt 1.011004 2.376808
vt 0.952735 2.381445
vt 1.044840 2.372728
vt 1.143960 2.361554
vt 1.083303 2.367251
vt 1.192228 2.356977
vt 0.420166 2.416287
vt 1.334093 2.332913
vt 1.350754 2.354846
vt 1.352553 2.301882
vt 1.161773 2.376938
vt 1.311673 2.359754
vt 0.758198 2.412261
vt 0.931129 2.399356
vt 0.404941 2.428586
vt 0.631803 2.421915
vt 0.127668 2.412952
vt 0.312679 2.425866
vt -0.258063 2.383722
vt -0.037524 2.401163
vt -0.433416 2.365696
vt -0.794241 2.337479
vt -0.642411 2.349433
vt 1.245552 2.351032
vt -0.887958 2.328367
vt -1.103842 2.307141
vt -1.014209 2.316434
vt -1.103047 2.287012
vt 0.323427 2.411508
vt 2.887182 2.778459
vt 2.926524 2.758526
vt 2.887400 2.758289
vt 2.926307 2.778696
vt -3.307800 -1.284035
vt -3.297433 -1.243661
vt -3.296999 -1.283969
vt -3.308234 -1.243727
vt -3.318174 -1.243787
vt -3.326441 -1.284148
vt -3.326875 -1.243840
vt -3.317741 -1.284095
vt -3.321005 -1.243804
vt -3.311675 -1.203437
vt -3.311241 -1.243744
vt -3.321439 -1.203496
vt -3.300985 -1.203372
vt -3.300551 -1.243680
vt -3.289785 -1.203304
vt -3.278068 -1.243544
vt -3.289351 -1.243612
vt -3.278502 -1.203236
vt -3.337620 -1.566391
vt -3.244070 -1.606135
vt -3.337186 -1.606699
vt -3.244506 -1.565827
vt 4.108103 2.499401
vt 4.182432 2.459540
vt 4.108537 2.459093
vt 4.181997 2.499848
vt 4.029996 2.498927
vt 4.030430 2.458620
vt 3.947507 2.498428
vt 3.947940 2.458120
vt 3.863105 2.497917
vt 3.863538 2.457609
vt 3.777262 2.497397
vt 3.777696 2.457089
vt 1.633909 2.432596
vt 1.588709 2.423088
vt 1.588610 2.432322
vt 1.612472 2.423232
vt 1.588926 2.402918
vt 1.634343 2.392287
vt 1.612690 2.403063
vt 1.650438 2.392385
vt 1.650004 2.432693
vt -3.305843 -1.000081
vt -3.286456 -0.999963
vt 4.170925 2.584646
vt 4.180651 2.625016
vt 4.181085 2.584709
vt 4.170590 2.615722
vt 4.170490 2.624955
vt -3.320820 -1.133847
vt -3.249440 -1.107357
vt -3.249159 -1.133413
vt -3.321100 -1.107791
vt 1.601136 2.362683
vt 1.545085 2.351437
vt 1.544968 2.362343
vt 1.544751 2.382512
vt 1.544651 2.391744
vt 1.600919 2.382852
vt -2.395593 2.766638
vt -2.395375 2.746468
vt -2.354169 2.766889
vt -3.267134 -1.243477
vt -3.267568 -1.203169
vt -3.253275 -1.485258
vt -3.252841 -1.525567
vt -3.245372 -1.485210
vt -3.284060 -1.485445
vt -3.272563 -1.525686
vt -3.283626 -1.525753
vt -3.272997 -1.485378
vt -3.262169 -1.525623
vt -3.262603 -1.485315
vt -3.256974 -1.243416
vt -3.248409 -1.203053
vt -3.247975 -1.243361
vt -3.257409 -1.203108
vt -3.143176 2.314420
vt -3.193260 2.294662
vt -3.176092 2.308620
vt -3.130414 2.307348
vt -3.248478 2.296192
vt -3.271383 2.281232
vt -3.281308 2.291014
vt -3.214274 2.300920
vt -3.301601 2.288857
vt -3.342638 2.273448
vt -3.333073 2.285089
vt -3.425649 2.279583
vt -3.424986 2.292020
vt -3.385561 2.290017
vt -3.499255 2.283696
vt -3.464353 2.293072
vt -3.510138 2.295412
vt -3.562841 2.287191
vt -3.567578 2.298333
vt -3.644966 2.291262
vt -3.612313 2.300815
vt -3.670656 2.304667
vt -3.732181 2.296958
vt -3.726611 2.307502
vt -3.811458 2.301404
vt -3.787268 2.311185
vt -3.873923 2.318725
vt -3.885879 2.308820
vt -3.876590 2.318324
vt -3.845871 2.315864
vt -3.499863 -1.737850
vt -3.464225 -1.728400
vt -3.464126 -1.737634
vt -3.499962 -1.728617
vt -3.853096 2.318852
vt -3.853197 2.328084
vt -3.339319 -1.736878
vt -3.290799 -1.727351
vt -3.290699 -1.736583
vt -3.339419 -1.727645
vt -3.391041 -1.737191
vt -3.391140 -1.727958
vt -3.423809 -1.737390
vt -3.423908 -1.728157
vt -3.544065 -1.728884
vt -3.543966 -1.738118
vt -3.591102 -1.738403
vt -3.591202 -1.729170
vt -3.632399 -1.729419
vt -3.632299 -1.738652
vt -2.424499 2.509535
vt -2.384500 2.519010
vt -2.384400 2.509777
vt -2.424598 2.518767
vt -3.675982 -1.738917
vt -3.676081 -1.729684
vt -3.721110 -1.739190
vt -3.721210 -1.729957
vt -2.459991 2.509320
vt -2.460090 2.518552
vt -2.345592 2.519245
vt -2.345493 2.510013
vt -2.502874 2.518293
vt -2.502774 2.509060
vt -2.545903 2.508799
vt -2.546003 2.518032
vt -2.593027 2.508513
vt -2.593126 2.517746
vt -2.883989 2.506752
vt -2.831566 2.516302
vt -2.831467 2.507071
vt -2.884089 2.515985
vt -3.257366 -0.371173
vt -3.289142 -0.380599
vt -3.289241 -0.371366
vt -2.646380 2.508190
vt -2.646480 2.517424
vt -2.688756 2.507934
vt -2.688855 2.517167
vt -2.734092 2.507659
vt -2.734191 2.516892
vt -2.939076 2.515651
vt -2.938976 2.506419
vt -2.780869 2.516609
vt -2.780769 2.507376
vt -2.998494 2.506058
vt -2.998593 2.515291
vt -3.066976 2.505644
vt -3.067075 2.514876
vt -3.269025 -0.813113
vt -3.252590 -0.814942
vt -3.269004 -0.815041
vt -3.324279 -0.812540
vt -3.304861 -0.815258
vt -3.324248 -0.815376
vt -3.304882 -0.813330
vt -3.252620 -0.812106
vt 2.926090 2.798835
vt 2.949568 2.758666
vt 2.926524 2.758526
vt 2.949134 2.798975
vt 2.981760 2.758861
vt 2.981326 2.799169
vt 3.029419 2.759149
vt 3.028985 2.799457
vt 3.081475 2.759465
vt 3.081040 2.799773
vt 3.126270 2.759736
vt 3.125836 2.800044
vt 3.165385 2.759973
vt 3.164951 2.800281
vt 3.215952 2.760279
vt 3.215519 2.800587
vt 3.254165 2.760511
vt 3.253731 2.800819
vt 3.298398 2.760778
vt 3.297964 2.801086
vt 3.354478 2.761118
vt 3.354044 2.801425
vt 3.406541 2.761433
vt 3.406107 2.801741
vt 3.464362 2.761783
vt 3.463928 2.802091
vt 3.527965 2.762169
vt 3.527530 2.802477
vt 3.577253 2.762467
vt 3.576818 2.802775
vt 3.640013 2.762847
vt 3.639579 2.803155
vt 3.681979 2.763101
vt 3.681545 2.803410
vt 3.724996 2.763362
vt 3.724562 2.803670
vt 3.759255 2.763569
vt 3.758821 2.803877
vt 3.792984 2.763773
vt 3.792550 2.804082
vt 3.824846 2.763966
vt 3.824412 2.804275
vt 3.876184 2.764277
vt 3.875750 2.804586
vt 3.925282 2.764575
vt 3.924849 2.804883
vt 3.974404 2.764872
vt 3.973970 2.805180
vt 4.041042 2.765276
vt 4.040608 2.805584
vt 4.101032 2.765639
vt 4.100598 2.805947
vt 4.178697 2.806420
vt -3.289714 -1.828106
vt -3.289832 -1.817200
vt -3.241683 -1.827815
vt -3.338334 -1.828401
vt -3.338452 -1.817494
vt -3.390056 -1.828713
vt -3.390173 -1.817807
vt -3.422823 -1.828912
vt -3.422941 -1.818006
vt -3.463140 -1.829156
vt -3.463258 -1.818250
vt -3.498878 -1.829373
vt -3.498995 -1.818467
vt -3.542981 -1.829640
vt -3.543098 -1.818734
vt -3.590117 -1.829925
vt -3.590235 -1.819019
vt -3.631314 -1.830175
vt -3.631432 -1.819269
vt -3.674997 -1.830439
vt -3.675114 -1.819534
vt -3.720125 -1.830712
vt -3.720243 -1.819806
vt -3.288936 -0.399741
vt -3.257179 -0.388641
vt -3.257062 -0.399547
vt -3.289053 -0.388834
vt -3.093085 2.515775
vt -3.131876 2.504633
vt -3.131994 2.515540
vt -3.092968 2.504869
vt -3.171974 2.504390
vt -3.172091 2.515296
vt -3.207465 2.504176
vt -3.207582 2.515082
vt -3.250250 2.503917
vt -3.250367 2.514823
vt -3.293379 2.503655
vt -3.293497 2.514561
vt -3.340503 2.503370
vt -3.340620 2.514276
vt -3.393856 2.503047
vt -3.393973 2.513953
vt -3.436229 2.502790
vt -3.436346 2.513697
vt -3.481568 2.502516
vt -3.481687 2.513422
vt -3.528244 2.502233
vt -3.528362 2.513139
vt -3.578941 2.501926
vt -3.579059 2.512833
vt -3.631464 2.501608
vt -3.631581 2.512514
vt -3.686452 2.501275
vt -3.686569 2.512181
vt -3.745970 2.500915
vt -3.746087 2.511820
vt -3.814450 2.500500
vt -3.814568 2.511406
vt -3.573268 2.739336
vt -3.624847 2.759194
vt -3.573486 2.759505
vt -3.624629 2.739024
vt -3.490673 2.739836
vt -3.490890 2.760005
vt -3.409127 2.740329
vt -3.409344 2.760499
vt -3.312490 2.761086
vt -3.312274 2.740916
vt -3.218705 2.741482
vt -3.218922 2.761652
vt -3.147398 2.741915
vt -3.147615 2.762084
vt -3.048053 2.742516
vt -3.048271 2.762686
vt -2.953916 2.763257
vt -2.953698 2.743087
vt -2.868982 2.763772
vt -2.868764 2.743601
vt -2.802110 2.764176
vt -2.801894 2.744007
vt -2.725841 2.744467
vt -2.726058 2.764637
vt -2.641916 2.744975
vt -2.642132 2.765146
vt -2.566401 2.745433
vt -2.566618 2.765603
vt -2.471372 2.766179
vt -2.471155 2.746009
vt -3.242669 -1.736293
vt -1.457303 2.601780
vt -1.555813 2.590278
vt -1.555931 2.601183
vt -1.658354 2.589656
vt -1.658472 2.600562
vt -1.778138 2.588932
vt -1.778256 2.599836
vt -1.891427 2.588245
vt -1.891544 2.599151
vt -2.004766 2.587558
vt -2.004883 2.598464
vt -2.088329 2.587053
vt -2.088446 2.597959
vt -2.145199 2.586709
vt -2.145316 2.597614
vt -2.185999 2.586461
vt -2.186117 2.597367
vt -2.216905 2.586274
vt -2.217022 2.597179
vt -2.287704 2.585845
vt -2.287821 2.596751
vt -2.381602 2.585277
vt -2.381719 2.596182
vt -2.467299 2.584758
vt -2.467416 2.595663
vt -2.546043 2.584281
vt -2.546160 2.595186
vt -2.623344 2.583813
vt -2.623461 2.594718
vt -2.688110 2.583421
vt -2.688228 2.594326
vt -2.743230 2.583087
vt -2.743348 2.593992
vt -2.803735 2.582720
vt -2.803853 2.593626
vt -2.875786 2.582284
vt -2.875903 2.593190
vt -2.943116 2.581876
vt -2.943233 2.592781
vt -3.010510 2.581468
vt -3.010627 2.592374
vt -3.087156 2.581004
vt -3.087274 2.591910
vt -3.149105 2.580629
vt -3.149223 2.591534
vt -3.196092 2.580344
vt -3.196210 2.591250
vt -3.246426 2.580040
vt -3.246543 2.590946
vt -3.297683 2.579728
vt -3.297800 2.590635
vt -3.298018 2.610804
vt -3.246860 2.620348
vt -3.246760 2.611115
vt -3.298117 2.620038
vt -3.291917 -0.492687
vt -3.255882 -0.509123
vt -3.256062 -0.492470
vt 1.087488 2.767560
vt 1.019647 2.787320
vt 1.087271 2.787730
vt 1.019864 2.767151
vt -3.196427 2.611418
vt -3.149539 2.620938
vt -3.149439 2.611704
vt -3.196527 2.620653
vt -1.556142 1.582375
vt -1.574864 1.634468
vt -1.543418 1.630010
vt -1.810380 1.658895
vt -1.661051 1.643921
vt -1.953657 1.669816
vt -2.207172 1.687967
vt -2.096261 1.682079
vt -1.570840 1.582752
vt -1.573604 1.613953
vt -2.391127 1.687514
vt -2.290791 1.693190
vt -2.679930 1.666862
vt -2.519845 1.680543
vt -2.942582 1.643828
vt -2.822919 1.655240
vt -3.073776 1.631616
vt -3.339140 1.606389
vt -3.214862 1.619090
vt -1.669341 1.627038
vt -1.769207 1.639894
vt -3.451943 1.594351
vt -3.529776 1.570424
vt -3.524670 1.587295
vt -3.429265 1.582439
vt -3.485115 1.575446
vt -1.887376 1.651494
vt -3.374910 1.588192
vt -1.999601 1.661419
vt -2.112647 1.669603
vt -3.324231 1.593428
vt -3.257517 1.600096
vt -3.102823 1.614635
vt -3.175311 1.607587
vt -2.196368 1.674795
vt -2.294800 1.679550
vt -2.253735 1.677445
vt -2.402645 1.672411
vt -2.327583 1.677354
vt -2.502075 1.666123
vt -3.030351 1.621799
vt -2.888145 1.634835
vt -2.953236 1.628475
vt -2.829290 1.639623
vt -2.677302 1.652636
vt -2.760145 1.645233
vt -2.593315 1.659272
vt -3.343333 2.619764
vt -3.349226 2.579417
vt -3.349660 2.619725
vt -3.342899 2.579455
vt -2.005101 2.618634
vt -1.891860 2.628553
vt -1.891761 2.619320
vt -2.005200 2.627867
vt -3.754552 2.576962
vt -3.710130 2.536920
vt -3.754118 2.536654
vt -3.710565 2.577229
vt -3.641874 2.537334
vt -3.642308 2.577641
vt -3.576446 2.537730
vt -3.576879 2.578038
vt -3.508195 2.538143
vt -3.508629 2.578452
vt -3.447413 2.538511
vt -3.447847 2.578819
vt -3.386826 2.538878
vt -3.387259 2.579187
vt -3.315049 2.539313
vt -3.315483 2.579621
vt -3.264677 2.539618
vt -3.265111 2.579926
vt -3.205996 2.539973
vt -3.206430 2.580281
vt -3.144263 2.540346
vt -3.144697 2.580656
vt -3.090165 2.540675
vt -3.090598 2.580983
vt -3.040170 2.540977
vt -3.040604 2.581286
vt -2.999548 2.541223
vt -2.999982 2.581532
vt -2.950809 2.541518
vt -2.951243 2.581826
vt -2.894358 2.541860
vt -2.894792 2.582169
vt -2.846810 2.542148
vt -2.847244 2.582457
vt -2.804918 2.542402
vt -2.805352 2.582710
vt -2.767378 2.542629
vt -2.767811 2.582938
vt -2.715213 2.542945
vt -2.715647 2.583254
vt -2.652548 2.543325
vt -2.652982 2.583633
vt -2.609253 2.543587
vt -2.609687 2.583895
vt -2.555450 2.543912
vt -2.555884 2.584221
vt -2.508819 2.544195
vt -2.509253 2.584504
vt -2.474796 2.544401
vt -2.475229 2.584709
vt -2.432410 2.544658
vt -2.432844 2.584966
vt -2.391968 2.544903
vt -2.392402 2.585211
vt -2.348371 2.545166
vt -2.348805 2.585475
vt -2.307765 2.545413
vt -2.308199 2.585721
vt -2.265636 2.545667
vt -2.266071 2.585976
vt -2.208250 2.546016
vt -2.208683 2.586324
vt -2.148219 2.546379
vt -2.148653 2.586687
vt -2.099688 2.546673
vt -2.100122 2.586981
vt -2.055384 2.546941
vt -2.055819 2.587249
vt -2.007311 2.547232
vt -2.007745 2.587541
vt -1.959370 2.547523
vt -1.959804 2.587831
vt -1.918763 2.547769
vt -1.919197 2.588077
vt -1.887997 2.547955
vt -1.888431 2.588263
vt -1.854343 2.548158
vt -1.854777 2.588467
vt -1.806006 2.588763
vt -3.339031 2.590385
vt -3.339248 2.610555
vt -1.556148 2.621353
vt -1.457620 2.631183
vt -1.457520 2.621950
vt -1.556247 2.630586
vt -1.658689 2.620731
vt -1.658788 2.629965
vt -2.088664 2.618128
vt -2.088763 2.627362
vt -1.778573 2.629239
vt -1.778473 2.620006
vt -2.288139 2.626154
vt -2.217239 2.617349
vt -2.288039 2.616920
vt -2.217339 2.626583
vt -2.145534 2.617783
vt -2.145633 2.627017
vt -2.381936 2.616352
vt -2.382035 2.625585
vt -2.186433 2.626770
vt -2.186334 2.617537
vt -2.467733 2.625066
vt -2.467633 2.615832
vt -2.546377 2.615356
vt -2.546476 2.624589
vt -2.623679 2.614887
vt -2.623778 2.624121
vt -2.804170 2.623029
vt -2.743565 2.614162
vt -2.804070 2.613796
vt -2.743665 2.623395
vt -3.087591 2.621313
vt -3.087491 2.612079
vt -2.688545 2.623729
vt -2.688445 2.614496
vt -2.876121 2.613359
vt -2.876220 2.622593
vt -2.943450 2.612951
vt -2.943550 2.622185
vt -3.010845 2.612543
vt -3.010944 2.621777
vt 1.191907 2.768193
vt 1.191691 2.788362
vt 1.306970 2.789060
vt 1.307187 2.768891
vt 1.438875 2.769689
vt 1.438658 2.789857
vt 1.561085 2.770428
vt 1.560868 2.790597
vt 1.672436 2.771102
vt 1.672219 2.791273
vt 1.806140 2.792083
vt 1.806358 2.771914
vt 1.955789 2.792990
vt 1.956006 2.772820
vt 2.077844 2.793729
vt 2.078061 2.773559
vt 2.172884 2.794304
vt 2.173101 2.774134
vt 2.256580 2.774640
vt 2.256363 2.794810
vt 2.366858 2.775308
vt 2.366641 2.795478
vt 2.510665 2.776178
vt 2.510448 2.796349
vt 2.654549 2.777050
vt 2.654332 2.797220
vt 2.806053 2.777968
vt 2.805835 2.798137
vt -1.482759 2.671342
vt -1.369326 2.631718
vt -1.482326 2.631034
vt -1.369760 2.672026
vt -1.626356 2.670472
vt -1.625922 2.630165
vt -1.717476 2.669921
vt -1.717042 2.629612
vt -1.816424 2.669322
vt -1.815990 2.629013
vt -1.918613 2.668702
vt -1.918178 2.628394
vt -1.991984 2.668258
vt -1.991550 2.627950
vt -2.100568 2.667600
vt -2.100133 2.627292
vt -2.171911 2.667169
vt -2.171477 2.626860
vt -2.224404 2.666851
vt -2.223970 2.626543
vt -2.251416 2.666687
vt -2.250982 2.626378
vt -2.283957 2.666490
vt -2.283523 2.626182
vt -2.331107 2.666205
vt -2.330673 2.625896
vt -2.403517 2.665766
vt -2.403082 2.625458
vt -2.482218 2.665290
vt -2.481784 2.624982
vt -2.571157 2.664752
vt -2.570722 2.624443
vt -2.677230 2.664109
vt -2.676796 2.623800
vt -2.788384 2.663436
vt -2.787951 2.623127
vt -2.885745 2.662846
vt -2.885311 2.622538
vt -2.969493 2.662338
vt -2.969059 2.622030
vt -3.028474 2.661982
vt -3.028040 2.621673
vt -3.101399 2.661540
vt -3.100965 2.621231
vt -3.190218 2.661002
vt -3.189785 2.620694
vt -3.267118 2.660536
vt -3.266684 2.620228
vt -3.339801 2.660096
vt -3.339367 2.619788
vt -3.397601 2.659746
vt -3.397166 2.619438
vt -3.462419 2.659354
vt -3.461985 2.619045
vt -3.538383 2.658894
vt -3.537949 2.618585
vt -3.633023 2.658320
vt -3.632589 2.618012
vt -3.708477 2.657863
vt -3.708043 2.617555
vt -3.785542 2.657397
vt -3.785110 2.617088
vt -3.854151 2.656981
vt -3.853717 2.616673
vt -3.927807 2.656535
vt -3.927373 2.616226
vt -0.735788 2.706943
vt -0.616598 2.716899
vt -0.616499 2.707665
vt -0.735887 2.716176
vt -0.498991 2.708376
vt -0.499090 2.717610
vt -0.391123 2.718264
vt -0.391024 2.709030
vt -0.276939 2.718955
vt -0.276840 2.709722
vt -0.162022 2.710417
vt -0.162122 2.719651
vt -0.066725 2.720228
vt -0.066626 2.710995
vt 0.041140 2.720881
vt 0.041239 2.711648
vt 0.143009 2.721498
vt 0.143108 2.712265
vt 0.249212 2.722142
vt 0.249312 2.712908
vt 0.345751 2.713492
vt 0.345652 2.722726
vt 0.441455 2.714072
vt 0.533461 2.723862
vt 0.533561 2.714629
vt 0.441355 2.723306
vt 0.630156 2.724448
vt 0.630256 2.715215
vt 0.768762 2.716054
vt 0.768663 2.725287
vt 0.797262 2.725461
vt 0.797362 2.716227
vt 0.864633 2.725869
vt 0.864733 2.716635
vt 0.933903 2.726288
vt 0.934002 2.717055
vt 1.022952 2.726827
vt 1.023052 2.717594
vt 1.094037 2.727258
vt 1.094136 2.718024
vt 1.163132 2.718442
vt 1.221342 2.728029
vt 1.221442 2.718796
vt 1.163033 2.727676
vt 1.255314 2.719000
vt 1.293726 2.728468
vt 1.293825 2.719234
vt 1.255214 2.728234
vt 1.354533 2.719602
vt 1.402741 2.729127
vt 1.402840 2.719893
vt 1.354433 2.728834
vt 1.456217 2.720217
vt 1.544918 2.720754
vt 1.456118 2.729450
vt -0.891795 2.705998
vt -0.859714 2.715426
vt -0.859615 2.706193
vt -0.895214 2.674900
vt -0.859399 2.686023
vt -0.859282 2.675118
vt -0.891578 2.685828
vt -0.895648 2.715209
vt 2.737131 2.777550
vt 2.737348 2.757380
vt 2.506506 2.755982
vt 2.506288 2.776152
vt 2.333243 2.775104
vt 2.333460 2.754935
vt 2.206764 2.774338
vt 2.206981 2.754169
vt 1.979845 2.772964
vt 1.980061 2.752794
vt 1.887608 2.772405
vt 1.887825 2.752236
vt 1.702712 2.771286
vt 1.702929 2.751116
vt 1.537626 2.770286
vt 1.537843 2.750116
vt 1.317244 2.768952
vt 1.317461 2.748782
vt 1.142271 2.747720
vt 1.142054 2.767890
vt 0.933421 2.746456
vt 0.933204 2.766625
vt 0.781482 2.765707
vt 0.781699 2.745538
vt 0.687846 2.765140
vt 0.688063 2.744970
vt 0.561703 2.764376
vt 0.561920 2.744207
vt 0.472153 2.763833
vt -3.290785 -0.597820
vt -3.254716 -0.617409
vt -3.254930 -0.597603
vt -0.735571 2.686773
vt -0.735453 2.675868
vt -0.616282 2.687495
vt -0.616164 2.676590
vt -0.498774 2.688207
vt -0.498656 2.677301
vt -0.390806 2.688860
vt -0.390689 2.677955
vt -0.276623 2.689552
vt -0.276506 2.678647
vt -0.161805 2.690248
vt -0.161687 2.679342
vt -0.066409 2.690825
vt -0.066291 2.679920
vt 0.041456 2.691479
vt 0.041573 2.680573
vt 0.143326 2.692096
vt 0.143443 2.681190
vt 0.249529 2.692739
vt 0.249646 2.681833
vt 0.345968 2.693322
vt 0.346086 2.682418
vt 0.441672 2.693902
vt 0.441789 2.682997
vt 0.533778 2.694460
vt 0.533895 2.683554
vt 0.630473 2.695046
vt 0.630590 2.684140
vt 0.768980 2.695884
vt 0.769097 2.684979
vt 0.797579 2.696057
vt 0.797696 2.685153
vt 0.864950 2.696465
vt 0.865067 2.685560
vt 0.934220 2.696885
vt 0.934337 2.685980
vt 1.023269 2.697424
vt 1.023386 2.686519
vt 1.094354 2.697855
vt 1.094471 2.686949
vt 1.163350 2.698273
vt 1.163467 2.687368
vt 1.221659 2.698626
vt 1.221776 2.687721
vt 1.255648 2.687925
vt 1.255531 2.698831
vt 1.294043 2.699064
vt 1.294160 2.688159
vt 1.354749 2.699432
vt 1.354867 2.688526
vt 1.403057 2.699723
vt 1.403175 2.688819
vt 1.456434 2.700047
vt 1.456551 2.689142
vt 1.545135 2.700584
vt -3.559226 2.272138
vt -3.469765 2.243795
vt -3.559587 2.252000
vt -3.343274 2.233392
vt -3.097306 2.215303
vt -3.249373 2.225417
vt -3.283081 2.246484
vt -3.526924 2.268400
vt -3.402748 2.257927
vt -2.887986 2.201573
vt -2.491384 2.170905
vt -2.712269 2.185674
vt -2.140694 2.150447
vt -2.325960 2.161118
vt -1.821697 2.158262
vt -2.048385 2.148844
vt -1.695528 2.169446
vt -1.292764 2.209651
vt -1.522896 2.184444
vt -1.104283 2.234030
vt -1.143254 2.228649
vt -1.121416 2.255758
vt -1.103626 2.287008
vt -1.209555 2.236569
vt -2.942539 2.220237
vt -3.165251 2.236848
vt -3.057024 2.229202
vt -1.262744 2.229978
vt -2.731795 2.204527
vt -2.827449 2.212215
vt -2.521524 2.188599
vt -2.623657 2.196399
vt -2.222532 2.169753
vt -2.415059 2.180806
vt -2.318450 2.175992
vt -1.310907 2.224819
vt -1.409772 2.212445
vt -1.371433 2.218387
vt -1.443516 2.207957
vt -1.570486 2.195905
vt -1.501678 2.202613
vt -2.130256 2.164934
vt -2.033428 2.161327
vt -1.641395 2.189555
vt -1.799349 2.176278
vt -1.730244 2.182239
vt -1.895183 2.171052
vt -1.866641 2.173143
vt 3.904866 2.663658
vt 3.947003 2.623602
vt 3.905300 2.623350
vt 3.946569 2.663910
vt 3.841167 2.663273
vt 3.841601 2.622964
vt 3.788524 2.662954
vt 3.788958 2.622645
vt 3.707165 2.662461
vt 3.707600 2.622152
vt 3.628664 2.661985
vt 3.629099 2.621677
vt 3.575986 2.661666
vt 3.576419 2.621358
vt 3.524203 2.661353
vt 3.524637 2.621044
vt 3.403848 2.660624
vt 3.404281 2.620316
vt 3.373259 2.660439
vt 3.373693 2.620130
vt 3.345609 2.660271
vt 3.346044 2.619963
vt 3.297238 2.659978
vt 3.297672 2.619670
vt 3.293425 2.659955
vt 3.293858 2.619647
vt 3.247420 2.659677
vt 3.247854 2.619368
vt 3.204124 2.659414
vt 3.204557 2.619106
vt 3.160825 2.659152
vt 3.161259 2.618844
vt 3.070097 2.658602
vt 3.070531 2.618294
vt 2.954676 2.657904
vt 2.955111 2.617595
vt 2.846667 2.657249
vt 2.847101 2.616941
vt 2.753984 2.656688
vt 2.754418 2.616380
vt 2.640635 2.656002
vt 2.641070 2.615694
vt 2.574797 2.655603
vt 2.575231 2.615295
vt 2.451181 2.654855
vt 2.451616 2.614546
vt 2.370656 2.654366
vt 2.371090 2.614058
vt 2.276666 2.653797
vt 2.277100 2.613489
vt 2.173287 2.653172
vt 2.173721 2.612863
vt 2.053704 2.652448
vt 2.054138 2.612139
vt 1.933704 2.651721
vt 1.934138 2.611412
vt 1.827968 2.651081
vt 1.828402 2.610772
vt 1.756918 2.650650
vt 1.757352 2.610343
vt 1.684302 2.650210
vt 1.684736 2.609902
vt 1.576997 2.649561
vt 1.577431 2.609252
vt 1.475641 2.648947
vt 1.476075 2.608638
vt 1.298543 2.567251
vt 1.214846 2.607055
vt 1.298109 2.607560
vt 1.215280 2.566748
vt 1.389687 2.598881
vt 1.498227 2.608772
vt 1.498327 2.599539
vt 1.385609 2.567780
vt 1.498544 2.579369
vt 1.498661 2.568464
vt 1.389904 2.578712
vt 1.385176 2.608088
vt 1.611716 2.609459
vt 1.611815 2.600226
vt 1.377676 2.567731
vt 1.377242 2.608039
vt 1.767496 2.610402
vt 1.767596 2.601170
vt 1.923824 2.611349
vt 1.923923 2.602117
vt 2.216429 2.613122
vt 2.216528 2.603888
vt 2.370043 2.614051
vt 2.370142 2.604818
vt 2.428335 2.614405
vt 2.428434 2.605171
vt 2.452405 2.614551
vt 2.452505 2.605317
vt 2.464540 2.605390
vt 2.476003 2.614694
vt 2.476102 2.605460
vt 2.464441 2.614623
vt 2.500486 2.614841
vt 2.500586 2.605609
vt 2.688768 2.615981
vt 2.688868 2.606749
vt 2.972220 2.617698
vt 2.972319 2.608464
vt 3.089592 2.618409
vt 3.089691 2.609176
vt 3.199747 2.619076
vt 3.199847 2.609843
vt 3.347986 2.619974
vt 3.348086 2.610740
vt 3.787402 2.613401
vt 3.846335 2.622991
vt 3.846434 2.613759
vt 3.787302 2.622634
vt 3.423697 2.620432
vt 3.423797 2.611199
vt 3.496885 2.620876
vt 3.496985 2.611642
vt 3.629152 2.621677
vt 3.629251 2.612443
vt 3.727891 2.622275
vt 3.727991 2.613041
vt 3.913695 2.623399
vt 3.913794 2.614166
vt 3.979207 2.623796
vt 3.979307 2.614563
vt 4.059151 2.624280
vt 4.059251 2.615048
vt 4.101353 2.615302
vt 4.101253 2.624535
vt -0.907490 2.549649
vt -1.032447 2.528722
vt -1.032664 2.548891
vt -0.907273 2.529480
vt 4.170807 2.595553
vt 4.101687 2.584228
vt 4.101570 2.595133
vt 4.059585 2.583972
vt 4.059468 2.594878
vt 3.979641 2.583488
vt 3.979524 2.594394
vt 3.914129 2.583091
vt 3.914011 2.593997
vt 3.846769 2.582684
vt 3.846651 2.593590
vt 3.787736 2.582326
vt 3.787619 2.593232
vt 3.728324 2.581966
vt 3.728208 2.592872
vt 3.629586 2.581368
vt 3.629468 2.592274
vt 3.497319 2.580567
vt 3.497202 2.591473
vt 3.424132 2.580125
vt 3.424014 2.591029
vt 3.348420 2.579666
vt 3.348303 2.590571
vt 3.200181 2.578768
vt 3.200064 2.589674
vt 3.090025 2.578100
vt 3.089908 2.589007
vt 2.972654 2.577390
vt 2.972536 2.588296
vt 2.689202 2.575674
vt 2.689085 2.586579
vt 2.500920 2.574533
vt 2.500803 2.585439
vt 2.476437 2.574385
vt 2.476319 2.585291
vt 2.464874 2.574315
vt 2.464757 2.585221
vt 2.452839 2.574243
vt 2.452722 2.585148
vt 2.428768 2.574096
vt 2.428651 2.585002
vt 2.370477 2.573743
vt 2.370359 2.584650
vt 2.216863 2.572813
vt 2.216746 2.583719
vt 1.924258 2.571041
vt 1.924141 2.581947
vt 1.767930 2.570095
vt 1.767813 2.581001
vt 1.612149 2.569151
vt 1.612032 2.580057
vt -3.290997 -0.578119
vt -3.552025 2.513463
vt -3.660167 2.532979
vt -3.552242 2.533633
vt -3.659950 2.512810
vt -3.391312 2.514437
vt -3.391530 2.534607
vt -3.133564 2.515998
vt -3.133781 2.536167
vt -2.875203 2.517563
vt -2.875421 2.537731
vt -2.192554 2.521696
vt -2.192771 2.541866
vt -1.953268 2.523145
vt -1.953486 2.543315
vt -1.855093 2.523740
vt -1.855310 2.543909
vt -1.693504 2.544888
vt -1.693287 2.524720
vt -1.511854 2.525818
vt -1.512070 2.545987
vt -1.324927 2.526951
vt -1.325144 2.547119
vt -1.149983 2.528010
vt -1.150198 2.548179
vt 4.143091 2.665101
vt 4.180651 2.625017
vt 4.143525 2.624792
vt 4.180216 2.665325
vt 4.105886 2.664875
vt 4.106321 2.624567
vt 4.064593 2.664625
vt 4.065027 2.624317
vt 4.025558 2.664388
vt 4.025992 2.624080
vt 3.982924 2.664131
vt 3.983358 2.623822
vt -3.286593 -0.987138
vt -3.250737 -0.986920
vt 2.449813 2.665752
vt 2.154086 2.653056
vt 2.153968 2.663960
vt 2.449931 2.654847
vt 1.962196 2.651893
vt 1.962078 2.662798
vt 2.766733 2.667671
vt 2.766851 2.656766
vt 2.967125 2.668885
vt 2.967242 2.657980
vt -0.078514 2.740328
vt 0.204973 2.721875
vt -0.078297 2.720159
vt 0.204756 2.742043
vt -0.436772 2.717988
vt -0.188748 2.739660
vt -0.188531 2.719491
vt -0.436990 2.738157
vt -0.745180 2.736291
vt -0.744962 2.716123
vt -0.954494 2.735023
vt -0.954277 2.714854
vt -1.118512 2.713859
vt -3.291517 -0.677954
vt -3.253848 -0.697897
vt -3.291300 -0.698124
vt -3.254066 -0.677728
vt 1.606308 2.649738
vt 1.765764 2.691015
vt 1.766198 2.650706
vt 1.605874 2.690047
vt 0.397971 2.476933
vt 0.565737 2.437638
vt 0.398405 2.436624
vt 0.565302 2.477946
vt 0.728739 2.438625
vt 0.728306 2.478933
vt 0.895936 2.439638
vt 0.895502 2.479945
vt 1.062282 2.440645
vt 1.061848 2.480953
vt 1.223909 2.441624
vt 1.223474 2.481932
vt 1.404086 2.442715
vt 1.403652 2.483023
vt 1.747759 2.444796
vt 1.747325 2.485104
vt 1.904166 2.445744
vt 1.903732 2.486051
vt 2.067928 2.446735
vt 2.067494 2.487043
vt 2.218895 2.447650
vt 2.218462 2.487958
vt 2.377200 2.448608
vt 2.376766 2.488916
vt 2.456162 2.449086
vt 2.455728 2.489394
vt 2.535922 2.449569
vt 2.535488 2.489877
vt 2.616410 2.450057
vt 2.615976 2.490364
vt 2.697477 2.450547
vt 2.697043 2.490856
vt 2.742409 2.450820
vt 2.741975 2.491127
vt 2.792005 2.451120
vt 2.791571 2.491428
vt 2.850565 2.451475
vt 2.850132 2.491783
vt 2.908262 2.451824
vt 2.907828 2.492132
vt 3.017328 2.452485
vt 3.016895 2.492793
vt 3.141525 2.453237
vt 3.141091 2.493544
vt 3.226566 2.453751
vt 3.226132 2.494059
vt 3.312971 2.454275
vt 3.312537 2.494583
vt 3.400925 2.454808
vt 3.400491 2.495116
vt 3.470791 2.455231
vt 3.470357 2.495538
vt 3.543705 2.455672
vt 3.543271 2.495980
vt 3.605867 2.456049
vt 3.605433 2.496357
vt 3.654417 2.456343
vt 3.653983 2.496650
vt -3.252220 -0.849276
vt -3.309411 -0.858857
vt -3.309510 -0.849623
vt -3.252121 -0.858510
vt -3.307868 -0.840379
vt -3.252218 -0.849276
vt -3.307768 -0.849613
vt -3.252318 -0.840043
vt -3.364635 -0.849957
vt -3.364536 -0.859191
vt -3.363669 -0.849951
vt -3.363768 -0.840718
vt 4.117170 2.705254
vt 4.179883 2.696400
vt 4.117270 2.696021
vt 4.179782 2.705634
vt 4.051435 2.695621
vt 4.051336 2.704856
vt -3.317080 -0.467152
vt -3.256438 -0.457550
vt -3.256338 -0.466784
vt -3.317180 -0.457918
vt 3.985061 2.695220
vt 3.984961 2.704454
vt 3.882690 2.694600
vt 3.882591 2.703834
vt 3.778080 2.703202
vt 3.778179 2.693967
vt 3.645774 2.693165
vt 3.712672 2.702805
vt 3.712771 2.693571
vt 3.645675 2.702400
vt 3.576260 2.701979
vt 3.611597 2.692958
vt 3.576359 2.692744
vt 3.611498 2.702192
vt 2.966908 2.689055
vt 3.110455 2.699158
vt 3.110553 2.689924
vt 2.966809 2.698288
vt 3.506944 2.692325
vt 3.506844 2.701559
vt 2.449497 2.695156
vt 2.766516 2.687840
vt 2.449596 2.685921
vt 2.766417 2.697075
vt 3.307877 2.700353
vt 3.307976 2.691119
vt 2.153751 2.684129
vt 2.153652 2.693363
vt 1.961862 2.682968
vt 1.961763 2.692202
vt 1.782629 2.661712
vt 1.782412 2.681881
vt 1.279357 2.728381
vt 1.124785 2.747616
vt 1.279140 2.748550
vt 1.125003 2.727447
vt 0.997455 2.726674
vt 0.997238 2.746843
vt 0.849759 2.745950
vt 0.849976 2.725780
vt 0.694870 2.745011
vt 0.695087 2.724842
vt 0.565803 2.724060
vt 0.493055 2.743789
vt 0.565586 2.744229
vt 0.493272 2.723620
vt 0.672955 2.724709
vt 0.672738 2.744878
vt 1.451325 2.431490
vt 1.451207 2.442395
vt 1.396200 2.431157
vt 1.396083 2.442061
vt -3.307334 -0.889921
vt -3.307452 -0.879016
vt -3.251784 -0.889584
vt -3.363235 -0.890260
vt -3.363352 -0.879354
vt -3.316209 -0.548073
vt -3.316326 -0.537168
vt 4.180099 2.676231
vt 4.117604 2.664946
vt 4.117487 2.675851
vt 4.051770 2.664547
vt 4.051653 2.675453
vt 3.985395 2.664145
vt 3.985278 2.675051
vt 3.883024 2.663526
vt 3.882907 2.674431
vt 3.778514 2.662893
vt 3.778397 2.673798
vt 3.713106 2.662496
vt 3.712988 2.673402
vt 3.646108 2.662091
vt 3.645991 2.672996
vt 3.611931 2.661884
vt 3.611814 2.672789
vt 3.576694 2.661670
vt 3.576576 2.672575
vt 3.507278 2.661250
vt 3.507161 2.672155
vt 3.308311 2.660045
vt 3.308193 2.670950
vt 3.110888 2.658850
vt 3.110771 2.669755
vt -3.342025 -1.087747
vt -3.249442 -1.107357
vt -3.341808 -1.107916
vt 1.726811 2.392847
vt 1.726376 2.433156
vt -3.323191 -0.930358
vt -3.323408 -0.910189
vt -3.251350 -0.929923
vt -3.292686 -0.421296
vt -3.256828 -0.421079
vt -3.292549 -0.433977
vt -3.091015 2.323466
vt -3.253055 -0.771767
vt -3.324800 -0.764166
vt -3.253141 -0.763732
vt -3.324713 -0.772201
vt -3.324857 -0.758839
vt -3.253199 -0.758405
vt -3.092318 2.444391
vt -3.091884 2.404084
vt -3.243636 -1.646443
vt -3.287086 -1.687017
vt -3.287519 -1.646708
vt -3.323935 -1.687240
vt -3.324369 -1.646932
vt -3.348143 -1.687387
vt -3.348577 -1.647078
vt 1.207736 2.440217
vt 1.279396 2.440651
vt 1.207809 2.433449
vt 1.519990 2.649215
vt 1.519556 2.689524
vt 1.447726 2.648778
vt 1.447292 2.689086
vt -3.254178 -0.667322
vt -3.325947 -0.657579
vt -3.327008 -0.559044
vt -1.089051 2.673727
vt -1.044301 2.714308
vt -1.043867 2.674001
vt -1.089485 2.714035
vt -0.976235 2.714720
vt -0.975801 2.674412
vt -3.327898 -0.476451
vt -3.256151 -0.484176
vt -3.327809 -0.484610
vt -3.256239 -0.476017
vt -3.485340 2.578593
vt -3.454806 2.619089
vt -3.454372 2.578779
vt -3.485774 2.618901
vt -3.407009 2.619378
vt -3.406575 2.579070
vt -3.354726 -1.777282
vt -3.315891 -1.736736
vt -3.315457 -1.777044
vt -3.355160 -1.736974
vt -3.276391 -1.736497
vt -3.275956 -1.776805
vt 1.184219 2.606870
vt -2.351416 2.749562
vt -2.245745 2.731637
vt -2.353765 2.729503
vt -1.827296 2.729738
vt -2.085053 2.730477
vt -1.456897 2.735144
vt -1.568773 2.732998
vt -1.375340 2.737185
vt -1.399330 2.736509
vt -1.364391 2.737118
vt -1.345049 2.737236
vt -1.359905 2.737006
vt -1.120927 2.740726
vt -1.287454 2.738133
vt -0.645698 2.759891
vt -0.885380 2.750223
vt -2.698546 1.691503
vt -2.427430 1.696680
vt -2.597167 1.691334
vt -2.235916 1.705191
vt -1.851585 1.727158
vt -2.038616 1.713937
vt -1.589087 1.751904
vt -1.724936 1.738151
vt -1.561047 1.769763
vt -1.570126 1.753824
vt -1.622318 1.767812
vt -1.545033 1.779963
vt -1.668678 1.761770
vt -2.242864 2.746872
vt -1.817183 2.747444
vt -2.129385 2.746161
vt -1.973541 2.747231
vt -1.755828 1.752159
vt -1.524373 2.751767
vt -1.826777 1.745276
vt -1.962322 1.734834
vt -1.898806 1.740153
vt -1.370633 2.754538
vt -2.025448 1.731169
vt -1.488915 2.147369
vt -1.525018 2.147611
vt -1.500913 2.148300
vt -1.477357 2.147215
vt -2.130166 1.725491
vt -2.347793 1.714247
vt -2.270031 1.718758
vt -1.583364 2.146573
vt -2.813246 1.716613
vt -3.277137 1.766661
vt -3.091917 1.746832
vt -0.848485 1.586662
vt -0.229543 1.590410
vt -3.301180 1.769328
vt -2.427173 1.711835
vt -2.582316 1.707703
vt -2.696376 1.707236
vt 1.315519 2.058652
vt 1.057245 2.093665
vt 1.181990 2.077716
vt 0.677083 2.130702
vt 0.872600 2.114212
vt 0.318792 2.158744
vt 0.487302 2.146730
vt -0.021528 2.149494
vt 0.217672 2.162567
vt -0.421629 2.123490
vt -0.256598 2.136642
vt -0.478706 2.118941
vt -0.497823 2.117233
vt -0.493430 2.117768
vt 1.334157 2.055991
vt 1.280137 2.044097
vt 1.340961 2.039740
vt 1.355492 2.028938
vt -0.508606 2.116134
vt -0.589648 2.110454
vt -0.532466 2.114539
vt -0.956615 2.080843
vt -0.700632 2.102016
vt -1.368933 2.039491
vt -1.210718 2.055796
vt -1.468143 2.011838
vt -1.476110 2.031408
vt -1.361799 2.024734
vt -1.250038 2.036139
vt -0.941651 2.064328
vt -1.095978 2.049787
vt 1.234758 2.051949
vt -0.651541 2.087687
vt 1.149207 2.064964
vt 0.945733 2.090370
vt 1.079427 2.074620
vt 1.008321 2.082565
vt -0.499077 2.099458
vt -0.441201 2.103861
vt -0.405634 2.107459
vt -0.417217 2.105422
vt 0.883300 2.096511
vt -0.394269 2.108686
vt 0.564239 2.126077
vt 0.779673 2.106296
vt 0.641149 2.118517
vt -0.369916 2.110399
vt 0.099747 2.142043
vt -0.182413 2.122880
vt 0.485420 2.131608
vt 0.217616 2.146793
vt 0.331291 2.141836
vt -2.763422 2.518240
vt -2.763639 2.538409
vt -1.324293 -1.550381
vt -1.664735 -1.583451
vt -1.521354 -1.569485
vt -0.920898 -1.478697
vt -1.021451 -1.509991
vt -0.987495 -1.498850
vt -2.668313 -1.662636
vt -3.022790 -1.734516
vt -2.864111 -1.673748
vt -3.180114 -1.797539
vt -3.108438 -1.768036
vt -3.241683 -1.827815
vt -3.226903 -1.818530
vt -3.076254 -1.811511
vt -2.749807 -1.779317
vt -2.915089 -1.795702
vt -2.476691 -1.648147
vt -2.425632 -1.746937
vt -2.585249 -1.763728
vt -1.908030 -1.694091
vt -2.247507 -1.729346
vt -1.753648 -1.677364
vt -2.181262 -1.625664
vt -1.864797 -1.601120
vt -1.591439 -1.663254
vt -1.125756 -1.527776
vt -1.441636 -1.651862
vt -1.206113 -1.634491
vt -1.284385 -1.640939
vt -1.056527 -1.518112
vt -1.126620 -1.630578
vt -1.046378 -1.626762
vt -0.924846 -1.596173
vt -0.965441 -1.623631
vt -0.855982 -1.454014
vt -0.879319 -1.570205
vt -0.825293 -1.541158
vt -0.752289 -1.412987
vt -0.519688 -1.313981
vt -0.650781 -1.369855
vt -0.584969 -1.341689
vt -0.771750 -1.514441
vt -0.669514 -1.470091
vt -0.472315 -1.391437
vt -0.552311 -1.424323
vt -0.343393 -1.228331
vt -0.457655 -1.285085
vt -0.398770 -1.254517
vt -0.390976 -1.358389
vt -0.308509 -1.322746
vt -0.174611 -1.265051
vt -0.242833 -1.295464
vt -0.071234 -1.217610
vt -0.116316 -1.239928
vt 0.123088 -1.122312
vt 0.043544 -1.162777
vt 0.276694 -1.037357
vt 0.201017 -1.080831
vt 0.414321 -0.946267
vt 0.347745 -0.992551
vt 0.469726 -0.545861
vt -0.288401 -1.200484
vt -0.136981 -1.121764
vt -0.234888 -1.172748
vt -0.181840 -1.143753
vt 0.458889 -0.544081
vt -0.121004 -1.115877
vt -0.117907 -1.093358
vt -0.045337 -1.080596
vt -0.081567 -1.087072
vt 0.448887 -0.541144
vt 0.440104 -0.537163
vt -0.158262 -1.100219
vt -0.238140 -1.113379
vt -0.196392 -1.106801
vt -0.314395 -1.126509
vt -0.273653 -1.119499
vt -0.507509 -1.159888
vt -0.376700 -1.136758
vt -0.428042 -1.146124
vt 0.432881 -0.532291
vt 0.427492 -0.526716
vt 0.424144 -0.520650
vt 0.422968 -0.514329
vt 0.424008 -0.507994
vt -0.584272 -1.172636
vt -0.635884 -1.180596
vt 0.469042 -0.482234
vt 0.429950 -0.472021
vt 0.457740 -0.467132
vt 0.397643 -0.498051
vt 0.409242 -0.482675
vt 0.396658 -0.511586
vt 0.458243 -0.484146
vt 0.448306 -0.487203
vt 0.439611 -0.491290
vt 0.432493 -0.496249
vt 0.363000 -0.493216
vt 0.310468 -0.463297
vt 0.339399 -0.479165
vt 0.427224 -0.501889
vt -0.909673 -1.241673
vt -0.859780 -1.226342
vt -0.906019 -1.240598
vt -0.956090 -1.240515
vt -0.833263 -1.218712
vt -1.133040 -1.247893
vt -0.999402 -1.241670
vt -1.042521 -1.244015
vt -0.803607 -1.212203
vt -1.355344 -1.261146
vt -1.247809 -1.255162
vt -0.686428 -1.189559
vt -1.447691 -1.265850
vt -1.625978 -1.276465
vt -1.560452 -1.272672
vt -1.829699 -1.284908
vt -1.749335 -1.281601
vt -1.923638 -1.287933
vt -2.266371 -1.299232
vt -2.026923 -1.291485
vt -2.146306 -1.296152
vt -2.516109 -1.304422
vt -2.372272 -1.301290
vt -2.443302 -1.303472
vt -2.623722 -1.305672
vt -2.872659 -1.309038
vt -2.725284 -1.307350
vt -2.845515 -1.266181
vt -2.864417 -1.287327
vt -2.788418 -1.237884
vt -2.818829 -1.248818
vt -2.618689 -1.207193
vt -2.705429 -1.223798
vt -2.626595 -1.208558
vt 0.265447 -0.433834
vt 0.288019 -0.448118
vt 0.233431 -0.410317
vt 0.253161 -0.424541
vt 0.204448 -0.360806
vt 0.218430 -0.381611
vt 0.188975 -0.340452
vt 0.152398 -0.285969
vt 0.172763 -0.316284
vt 0.136868 -0.262268
vt 0.097740 -0.201559
vt 0.117597 -0.231085
vt 0.059126 -0.137600
vt 0.048968 -0.120534
vt 0.051471 -0.122157
vt 0.017504 -0.108086
vt 0.031873 -0.112169
vt 0.004946 -0.114506
vt 0.008048 -0.108906
vt 0.027717 -0.152142
vt 0.012511 -0.127266
vt 0.058376 -0.208272
vt 0.040138 -0.178128
vt 0.091226 -0.263649
vt 0.071859 -0.235590
vt 0.106545 -0.283437
vt 0.125821 -0.312492
vt 0.077191 -0.169282
vt 0.148176 -0.352437
vt 0.186803 -0.421183
vt 0.167925 -0.388907
vt 0.196497 -0.433950
vt 0.285439 -0.490210
vt 0.218648 -0.454386
vt 0.345113 -0.525082
vt 0.383324 -0.550375
vt -2.505607 -1.207921
vt -2.080122 -1.199548
vt -2.392130 -1.206551
vt -2.236408 -1.202626
vt 0.361951 -0.598429
vt 0.213049 -0.573350
vt 0.139632 -0.557454
vt 0.180125 -0.565836
vt 0.059418 -0.539645
vt 0.103722 -0.549192
vt -0.029350 -0.518782
vt 0.012049 -0.528466
vt -0.118599 -0.497846
vt -0.073270 -0.507405
vt -0.189315 -0.467547
vt -0.150094 -0.482707
vt -0.229750 -0.451184
vt -0.265548 -0.436402
vt -0.352218 -0.399738
vt -0.308716 -0.417732
vt -0.399729 -0.380983
vt -1.787673 -1.189861
vt -1.634151 -1.184275
vt -1.575897 -1.182091
vt -1.539794 -1.181623
vt -1.551846 -1.180928
vt -1.528232 -1.181550
vt -0.496315 -0.339313
vt -0.589142 -0.299961
vt -0.542070 -0.319084
vt -0.640280 -0.278618
vt -0.748796 -0.229745
vt -0.693313 -0.253788
vt -0.453560 -0.357774
vt -0.808865 -0.202965
vt -0.877984 -0.172039
vt -0.926781 -0.163465
vt -0.882767 -0.169626
vt -0.987843 -0.163643
vt -0.963678 -0.161364
vt -0.970858 -0.179501
vt -0.995595 -0.169954
vt -0.884248 -0.217949
vt -0.935938 -0.195019
vt -0.779393 -0.263428
vt -0.827738 -0.243311
vt -0.737212 -0.280785
vt -0.682523 -0.304174
vt -0.593260 -0.342906
vt -0.641129 -0.322257
vt -0.532641 -0.368656
vt -0.413982 -0.418405
vt -0.476287 -0.393026
vt -0.345640 -0.445145
vt -0.225029 -0.493546
vt -0.292477 -0.467089
vt -0.133015 -0.533500
vt -0.179514 -0.513738
vt -0.097841 -0.538017
vt -0.063067 -0.543344
vt 0.024291 -0.566025
vt -0.029501 -0.552700
vt 0.075752 -0.578848
vt 0.264987 -0.583631
vt 0.127361 -0.592419
vt 0.260358 -0.627176
vt 0.197398 -0.610993
vt 0.313792 -0.592416
vt 0.341460 -0.643027
vt -1.032410 -1.158759
vt -1.503768 -1.180493
vt -1.315639 -1.171667
vt -0.915196 -1.150173
vt -0.805385 -1.132539
vt -0.657680 -1.105190
vt 0.318640 -0.687335
vt -0.582248 -1.090909
vt -0.377651 -1.047302
vt -0.509377 -1.074853
vt -0.312960 -0.669075
vt -0.410798 -0.661453
vt -0.369931 -0.664514
vt -0.512932 -0.641073
vt -0.441835 -0.655233
vt -0.607216 -0.622569
vt -0.772390 -0.587617
vt -0.915119 -0.556019
vt -0.850058 -0.570092
vt -0.970491 -0.544027
vt -1.103682 -0.513626
vt -1.031294 -0.529728
vt -1.239073 -0.481734
vt -1.171346 -0.497624
vt -1.316085 -0.464202
vt -1.476160 -0.425620
vt -1.573159 -0.400392
vt -1.527703 -0.411856
vt -1.636839 -0.400586
vt -1.579496 -0.399922
vt -1.715416 -0.410349
vt -1.684569 -0.404248
vt -1.678803 -0.428130
vt -1.724688 -0.417961
vt -1.607208 -0.446287
vt -1.467243 -0.480338
vt -1.538576 -0.463708
vt -1.403697 -0.495244
vt -1.265377 -0.527336
vt -1.340303 -0.510418
vt -1.425568 -0.437992
vt -1.378343 -0.449401
vt -1.151613 -0.552589
vt -1.212758 -0.539429
vt -1.030631 -0.580293
vt -1.087034 -0.567972
vt -0.935930 -0.602305
vt -0.978169 -0.593733
vt -0.885134 -0.613317
vt -0.776873 -0.636005
vt -0.826293 -0.626094
vt -0.733208 -0.645487
vt -0.639799 -0.665232
vt -0.694047 -0.654173
vt -0.574730 -0.677909
vt -0.529739 -0.686891
vt -0.425273 -0.708296
vt -0.473746 -0.698552
vt -0.348816 -0.706384
vt -0.391210 -0.707559
vt -0.307931 -0.707880
vt -0.263660 -0.710686
vt -0.179421 -0.717373
vt -0.222255 -0.714332
vt -0.693292 -0.604538
vt -0.121084 -0.721441
vt -0.010715 -0.729196
vt -0.060052 -0.725740
vt 0.083234 -0.736008
vt 0.034343 -0.732468
vt 0.173550 -0.744117
vt 0.132145 -0.740471
vt 0.239127 -0.749219
vt 0.204897 -0.746719
vt 0.288244 -0.749904
vt -0.229277 -0.674440
vt -0.115798 -0.680541
vt -0.002407 -0.684844
vt 0.117463 -0.688254
vt 0.220016 -0.688163
vt -0.279329 -1.026061
vt -0.094384 -0.982555
vt -0.220175 -1.013024
vt -0.161433 -0.998337
vt 0.260544 -0.797627
vt -0.029215 -0.965243
vt 0.050286 -0.942865
vt 0.070748 -0.827960
vt -0.028239 -0.840018
vt 0.010160 -0.834198
vt -0.062027 -0.844397
vt -0.189113 -0.856042
vt -0.120240 -0.849554
vt 0.118961 -0.822955
vt 0.092134 -0.930066
vt 0.171042 -0.905455
vt 0.160907 -0.906731
vt -0.061990 -0.899715
vt 0.192671 -0.880622
vt 0.081003 -0.891923
vt -0.153065 -0.902620
vt -0.260084 -0.862164
vt -0.418165 -0.874936
vt -0.349002 -0.869196
vt -0.514047 -0.879854
vt -0.485485 -0.877855
vt -0.652385 -0.889137
vt -0.841396 -0.880104
vt -1.033802 -0.868435
vt -0.937246 -0.873558
vt -1.140185 -0.860300
vt -1.350285 -0.843698
vt -1.242234 -0.852174
vt -1.560860 -0.827313
vt -1.445857 -0.835704
vt -1.783394 -0.809988
vt -1.675250 -0.817981
vt -1.901121 -0.799974
vt -2.144732 -0.777277
vt -2.020668 -0.788147
vt -2.261182 -0.781562
vt -2.180758 -0.772987
vt -2.374037 -0.801819
vt -2.329052 -0.791687
vt -2.314211 -0.816839
vt -2.389285 -0.810417
vt -2.165557 -0.830602
vt -2.244073 -0.824087
vt -1.992084 -0.846051
vt -2.088513 -0.838007
vt -1.848679 -0.857801
vt -1.914565 -0.853240
vt -1.716052 -0.866973
vt -1.789793 -0.862687
vt -1.547550 -0.878962
vt -1.637826 -0.872739
vt -1.473275 -0.884986
vt -1.328017 -0.896112
vt -1.413148 -0.890188
vt -1.116512 -0.908111
vt -1.229238 -0.901852
vt -0.918315 -0.921679
vt -1.008695 -0.915548
vt -0.838516 -0.926024
vt -0.765001 -0.930589
vt -0.716919 -0.934847
vt -0.657087 -0.934811
vt -0.683464 -0.939427
vt -0.605642 -0.926968
vt -0.534632 -0.922898
vt -0.353359 -0.913523
vt -0.426427 -0.917475
vt -0.251495 -0.908611
vt 0.172215 -0.816534
vt -0.749173 -0.885220
vt -0.370652 0.692756
vt -0.552103 0.699933
vt -0.443796 0.695822
vt -0.170150 0.684280
vt -0.268695 0.689078
vt 0.064118 0.676419
vt -0.079024 0.682478
vt 0.176015 0.666472
vt 0.074426 0.714692
vt 0.153854 0.691040
vt 0.143693 0.692192
vt -0.623192 0.703143
vt -0.674799 0.710362
vt -0.734624 0.709674
vt -0.701271 0.714658
vt -0.782609 0.704834
vt -0.856016 0.699379
vt -1.025947 0.686844
vt -0.935711 0.694068
vt -1.133589 0.678102
vt -1.344809 0.663543
vt -1.246165 0.670479
vt -1.489807 0.650659
vt -1.429801 0.656589
vt -1.563944 0.643736
vt -1.732165 0.629708
vt -1.654073 0.636421
vt -1.864578 0.618932
vt -1.805804 0.624530
vt -2.007711 0.605446
vt -1.930357 0.613573
vt -2.180829 0.587898
vt -2.103954 0.596236
vt -2.329167 0.572337
vt -2.259194 0.580433
vt -2.388661 0.556594
vt -2.404092 0.565006
vt -2.275385 0.537707
vt -2.343464 0.547008
vt -2.158858 0.534832
vt -2.194787 0.530107
vt -1.915768 0.560477
vt -2.035044 0.547203
vt -1.798272 0.571915
vt -1.576140 0.591932
vt -1.690313 0.581216
vt -1.365945 0.610866
vt -1.461332 0.601715
vt -0.239628 0.793856
vt -0.113198 0.764915
vt -0.180577 0.779883
vt -1.258090 0.620649
vt -1.156229 0.630010
vt -0.603331 0.867345
vt -0.397822 0.826223
vt -0.530124 0.852175
vt -1.050037 0.639432
vt -0.857906 0.653431
vt -0.953603 0.645724
vt -0.765806 0.659663
vt -0.669114 0.664751
vt -0.530595 0.657145
vt -0.434619 0.653388
vt -0.501994 0.655492
vt -0.276283 0.642533
vt -0.365342 0.648487
vt -0.205191 0.637271
vt -0.077870 0.627167
vt -0.136186 0.631618
vt -0.043992 0.623197
vt 0.055242 0.612340
vt -0.005474 0.617843
vt 0.103556 0.607919
vt 0.156941 0.602145
vt 0.245666 0.584310
vt 0.274390 0.536928
vt 0.191122 0.532735
vt 0.225293 0.535648
vt 0.118515 0.525606
vt 0.159836 0.529753
vt 0.069706 0.520551
vt -0.024084 0.512603
vt 0.020897 0.516419
vt -0.134272 0.503512
vt -0.073341 0.508549
vt -0.235276 0.495178
vt -0.192513 0.498738
vt -0.276598 0.491031
vt -1.526659 0.945758
vt -1.054895 0.929735
vt -1.338364 0.939212
vt -0.361650 0.485699
vt -0.438139 0.486684
vt -0.404064 0.486360
vt -0.542130 0.464017
vt -0.486395 0.476355
vt -0.586922 0.454492
vt -0.705713 0.429313
vt -0.651709 0.441027
vt -0.744681 0.420154
vt -0.320803 0.487690
vt -0.788136 0.410145
vt -0.895894 0.386149
vt -0.837337 0.399636
vt -0.946447 0.374523
vt -1.040662 0.351367
vt -0.988495 0.365440
vt -1.161031 0.322201
vt -1.096791 0.338364
vt -1.274237 0.295574
vt -1.221884 0.308302
vt -1.411848 0.261811
vt -1.348788 0.277750
vt -1.475064 0.246137
vt -1.614277 0.210395
vt -1.546030 0.228645
vt -1.685472 0.191372
vt -1.721698 0.173151
vt -1.731132 0.180650
vt -1.642921 0.164341
vt -1.690723 0.167425
vt -1.579245 0.164919
vt -1.585571 0.164371
vt -1.482802 0.191318
vt -1.534042 0.176931
vt -1.432483 0.204301
vt -1.598814 0.946482
vt -1.562705 0.946452
vt -1.574740 0.945611
vt -1.657107 0.947960
vt -1.551143 0.946519
vt -1.810729 0.951687
vt -2.103348 0.957831
vt -2.415467 0.961054
vt -2.259681 0.959015
vt -2.649943 0.960221
vt -2.528958 0.961050
vt -2.642009 0.958953
vt -2.729096 0.974504
vt -2.843019 0.998148
vt -2.812377 0.987583
vt -2.889431 1.036100
vt -2.870077 1.015185
vt -2.750747 1.057805
vt -2.898139 1.057709
vt -2.468718 1.057343
vt -2.649162 1.057358
vt -2.541536 1.057411
vt -2.397651 1.056021
vt -2.171604 1.053621
vt -2.291719 1.055245
vt -2.052136 1.050400
vt -1.948788 1.048099
vt -1.774370 1.043879
vt -1.854795 1.046212
vt -1.585321 1.037239
vt -1.650919 1.040238
vt -1.272342 1.023517
vt -1.472427 1.031783
vt -1.379991 1.028198
vt -1.157431 1.017640
vt -1.023677 1.013036
vt -1.066840 1.014857
vt -0.930284 1.013095
vt -0.980344 1.012406
vt -0.933959 1.014125
vt -0.883743 0.999400
vt -0.857064 0.992092
vt -0.827273 0.985944
vt -0.709621 0.964722
vt -0.937511 0.922570
vt -0.658890 0.956372
vt -0.530086 0.937222
vt -0.607114 0.949038
vt -0.398796 0.915678
vt -0.450334 0.924421
vt -0.295391 0.899670
vt -0.336279 0.906185
vt -0.179600 0.881790
vt -0.259751 0.893982
vt -0.217867 0.887909
vt -0.827334 0.906269
vt -0.679060 0.880712
vt -0.139103 0.875418
vt -0.102632 0.869573
vt -0.066267 0.863537
vt -0.299055 0.806176
vt -0.204113 0.925033
vt -0.142685 0.897897
vt -0.158786 0.903590
vt -0.257778 0.953381
vt -0.047664 0.748394
vt -0.311881 0.980466
vt 0.032308 0.726982
vt -0.367466 1.007644
vt -0.482934 1.063006
vt -0.423399 1.033154
vt -0.677861 1.145426
vt -0.545582 1.091147
vt -0.611451 1.118060
vt -1.051499 1.281054
vt -0.950285 1.250982
vt -1.017308 1.270326
vt -1.385510 0.216280
vt -1.323579 0.231834
vt -1.179578 0.267004
vt -1.246954 0.250296
vt -1.696282 1.346715
vt -1.355171 1.317771
vt -1.552618 1.334487
vt -1.112267 0.283823
vt -0.979748 0.315834
vt -1.040235 0.300800
vt -0.924642 0.328495
vt -0.782612 0.361817
vt -0.859893 0.343353
vt -0.703889 0.379693
vt -0.618212 0.398765
vt -0.453555 0.433428
vt -0.524338 0.418408
vt -0.422657 0.440023
vt -0.324996 0.448829
vt -0.381861 0.443579
vt -0.241439 0.455206
vt -0.128106 0.462681
vt -0.014822 0.468356
vt 0.104959 0.473218
vt 0.207501 0.474369
vt 0.306129 0.474735
vt 0.329900 0.430709
vt 0.186546 0.396935
vt 0.249150 0.413879
vt 0.116918 0.377516
vt 0.065609 0.363321
vt 0.014431 0.349876
vt -0.072428 0.326141
vt -0.039068 0.335901
vt -0.107083 0.320393
vt -0.188223 0.295128
vt -0.142154 0.315450
vt -0.233297 0.274388
vt -0.352850 0.224531
vt -0.300167 0.247117
vt -0.482358 0.170838
vt -0.420608 0.196968
vt -0.538180 0.145788
vt -0.645654 0.098082
vt -0.598236 0.119308
vt -0.686654 0.079499
vt -0.740831 0.055451
vt -0.830539 0.016886
vt -0.782633 0.037586
vt -0.886496 -0.009158
vt -0.972266 -0.048649
vt -0.937686 -0.032710
vt -0.988908 -0.064711
vt -0.996795 -0.058495
vt -0.927851 -0.064149
vt -0.964698 -0.066697
vt -0.879245 -0.054985
vt -0.883975 -0.057457
vt -0.810801 -0.023226
vt -0.751316 0.004277
vt -0.643866 0.054458
vt -0.696357 0.028989
vt -0.593194 0.076418
vt -0.501226 0.116889
vt -0.546540 0.096109
vt -0.458874 0.135866
vt -3.057412 1.481312
vt -2.701433 1.413734
vt -2.897445 1.422474
vt -3.216072 1.542420
vt -3.143770 1.513791
vt -3.278286 1.571948
vt -3.263307 1.562843
vt -2.785429 1.529413
vt -3.112526 1.557649
vt -2.951042 1.543794
vt -2.509524 1.401569
vt -2.460598 1.500964
vt -2.620556 1.515819
vt -1.941927 1.454393
vt -2.282118 1.485532
vt -1.787204 1.439538
vt -2.213650 1.382666
vt -1.896697 1.361958
vt -1.624713 1.427394
vt -1.156174 1.297573
vt -1.238818 1.403301
vt -1.474685 1.417817
vt -1.317217 1.408800
vt -1.086748 1.288749
vt -1.159251 1.400352
vt -0.956763 1.368395
vt -1.078937 1.397509
vt -0.997943 1.395358
vt -0.884846 1.227088
vt -0.910682 1.342982
vt -0.856038 1.314593
vt -0.780284 1.187322
vt -0.801926 1.288528
vt -0.499882 1.169166
vt -0.698750 1.245422
vt -0.580577 1.201079
vt -0.417843 1.137108
vt -0.334619 1.102469
vt -0.199496 1.046402
vt -0.268364 1.075985
vt -0.095111 1.000220
vt -0.140669 1.021989
vt 0.101237 0.907287
vt 0.020832 0.946784
vt 0.256652 0.824204
vt 0.180049 0.866756
vt 0.396222 0.734793
vt 0.328659 0.780265
vt 0.460242 0.335110
vt 0.449444 0.333199
vt 0.439507 0.330141
vt 0.430811 0.326054
vt 0.423693 0.321095
vt 0.418425 0.315455
vt 0.415208 0.309350
vt 0.414169 0.303015
vt -0.405550 0.159723
vt -0.315341 0.197570
vt -0.358449 0.179051
vt 0.415344 0.296694
vt 0.418692 0.290629
vt -0.272580 0.216761
vt 0.460927 0.271483
vt 0.422060 0.260798
vt 0.449952 0.256246
vt 0.389198 0.286433
vt 0.401126 0.271200
vt 0.387921 0.299954
vt 0.450089 0.273263
vt 0.440088 0.276200
vt 0.431305 0.280181
vt 0.424081 0.285053
vt 0.302781 0.250628
vt 0.354662 0.281179
vt 0.331368 0.266844
vt -0.237106 0.231974
vt -0.197029 0.248824
vt -0.126974 0.279976
vt -0.158138 0.264457
vt 0.258401 0.220623
vt 0.280662 0.235179
vt 0.226896 0.196721
vt 0.246316 0.211182
vt 0.198982 0.146866
vt 0.212515 0.167838
vt 0.148550 0.071409
vt 0.183949 0.126327
vt 0.168260 0.101966
vt 0.095716 -0.013653
vt 0.133532 0.047523
vt 0.114936 0.016110
vt 0.048696 -0.095257
vt 0.058485 -0.078071
vt 0.051163 -0.093604
vt 0.017503 -0.108085
vt 0.031782 -0.103829
vt 0.004809 -0.101818
vt 0.008032 -0.107379
vt 0.026767 -0.063911
vt 0.012099 -0.088968
vt 0.056213 -0.007417
vt 0.038627 -0.037778
vt 0.087867 0.048351
vt 0.069107 0.020060
vt 0.102758 0.068321
vt 0.121406 0.097606
vt 0.075866 -0.046175
vt 0.180039 0.207022
vt 0.142898 0.137817
vt 0.161859 0.174521
vt 0.189458 0.219904
vt 0.277176 0.277234
vt 0.211165 0.240606
vt 0.336092 0.312825
vt 0.373752 0.338577
vt -0.038187 0.301990
vt -0.081855 0.290082
vt 0.050121 0.323925
vt 0.002999 0.312173
vt 0.129941 0.342703
vt 0.094213 0.334008
vt 0.203006 0.359486
vt 0.170248 0.351575
vt 0.351349 0.386365
vt 0.303325 0.379770
vt 0.254716 0.370396
vt -3.250916 -0.970262
vt -3.286773 -0.970479
vt -0.889801 2.529586
vt -3.300401 -0.812395
vt -3.252838 -0.791936
vt -3.300618 -0.792225
vt 0.230629 1.805599
vt 0.051136 1.787779
vt 0.123589 1.794973
vt -0.518028 1.728179
vt -0.236957 1.759348
vt -0.873621 1.688578
vt -0.627381 1.716010
vt -1.382143 1.623596
vt -1.176723 1.650304
vt -1.527415 1.582550
vt -1.543120 1.602315
vt -1.352889 1.608015
vt 0.427539 1.790645
vt 0.252737 1.807795
vt 0.752741 1.736199
vt 0.600868 1.763159
vt 1.099549 1.671515
vt 0.935718 1.704895
vt 1.324297 1.599821
vt 1.208043 1.644318
vt 1.304464 1.624242
vt -1.164165 1.631840
vt -0.873113 1.668435
vt 1.295075 1.606342
vt 1.227799 1.623216
vt -0.561061 1.707203
vt 1.160841 1.638816
vt -0.362494 1.729690
vt -0.022788 1.765133
vt -0.219401 1.744582
vt 1.092426 1.654232
vt 0.950942 1.685224
vt 1.024651 1.668013
vt 0.718519 1.727127
vt 0.875284 1.700250
vt 0.797289 1.713525
vt 0.177316 1.782685
vt 0.248163 1.787131
vt 0.597212 1.747814
vt 0.286000 1.786355
vt 0.399288 1.776602
vt 0.324601 1.782523
vt 0.475120 1.766097
vt -3.330171 -0.970742
vt -3.330388 -0.950573
vt -0.629242 1.888908
vt -0.237936 1.850304
vt -0.519642 1.878065
vt 0.050732 1.825366
vt 0.230584 1.809721
vt 0.123331 1.819050
vt -1.179927 1.947953
vt -0.876041 1.913355
vt -1.547310 1.991498
vt -1.385896 1.972169
vt -1.356981 1.988102
vt -1.532032 2.011450
vt -1.167768 1.966566
vt 0.427147 1.827060
vt 0.252737 1.807794
vt 0.751135 1.885436
vt 0.599863 1.856641
vt 1.096505 1.954312
vt 0.933414 1.918951
vt 1.204399 1.982819
vt 1.319679 2.028720
vt 1.300376 2.004061
vt -0.875967 1.933500
vt -0.563121 1.898516
vt 1.290602 2.021845
vt 1.223697 2.004158
vt -0.023671 1.847114
vt -0.364096 1.878439
vt -0.220700 1.865281
vt 1.157084 1.987749
vt 0.176785 1.831988
vt 1.089010 1.971506
vt 0.948213 1.938805
vt 1.021541 1.956907
vt 0.872887 1.922865
vt 0.716721 1.894093
vt 0.795188 1.908647
vt 0.247719 1.828400
vt 0.398597 1.840758
vt 0.285535 1.829634
vt 0.324047 1.833934
vt 0.595875 1.871940
vt 0.474193 1.852181
vt 1.414226 2.749368
vt -3.245806 -1.444902
vt -3.267433 -1.404722
vt -3.246240 -1.404594
vt -3.266999 -1.445031
vt -3.295472 -1.445203
vt -3.295753 -1.419142
vt -3.295906 -1.404895
vt -3.295589 -1.434297
vt -3.388363 1.846718
vt -3.296609 1.854762
vt -3.348987 1.849198
vt -3.244724 1.849464
vt -3.265061 1.851375
vt -3.177485 1.840372
vt -3.211785 1.844684
vt -3.106107 1.827734
vt -3.139143 1.833134
vt -3.156607 1.846882
vt -3.093498 1.834959
vt -3.306425 1.866284
vt -3.235011 1.859365
vt -3.427700 1.845189
vt -3.389292 1.859146
vt -3.473428 1.842295
vt -3.530799 1.838678
vt -3.462799 1.854141
vt -3.526303 1.849876
vt -3.695410 1.838060
vt -3.608330 1.844812
vt -3.575475 1.835655
vt -3.689614 1.827585
vt -3.633729 1.831097
vt -3.848834 1.824337
vt -3.774582 1.832654
vt -3.839341 1.814948
vt -3.808680 1.817780
vt -3.836665 1.814579
vt -3.750185 1.823168
vt -3.271955 -1.606304
vt -3.243635 -1.646443
vt -3.271522 -1.646612
vt -3.244069 -1.606135
vt 1.366086 2.320947
vt 1.365869 2.341117
vt -3.257452 -0.363207
vt -3.293222 -0.371390
vt -3.293308 -0.363424
vt -3.335427 -1.063612
vt -3.250133 -1.042924
vt -3.249917 -1.063094
vt -3.335644 -1.043442
vt -3.292917 -0.399765
vt -3.256947 -0.410262
vt -3.319592 -1.434442
vt -3.328778 -1.414327
vt -3.319809 -1.414273
vt -3.328560 -1.434496
vt -3.319474 -1.445348
vt -3.319908 -1.405040
vt -3.098900 2.323419
vt -3.090989 2.321029
vt -3.053784 1.821758
vt -3.061641 1.819273
s 0
usemtl Материал
f 1/1/1 3/2/1 2/3/1
f 1/1/1 4/4/1 3/2/1
f 4/4/2 5/5/2 3/2/2
f 4/4/2 6/6/2 5/5/2
f 7/7/3 2/3/3 8/8/3
f 7/7/3 1/1/3 2/3/3
f 9/9/4 8/8/4 10/10/4
f 9/9/4 7/7/4 8/8/4
f 11/11/5 10/10/5 12/12/5
f 11/11/5 9/9/5 10/10/5
f 13/13/6 12/12/6 14/14/6
f 13/13/6 11/11/6 12/12/6
f 15/15/7 14/14/7 16/16/7
f 15/15/7 13/13/7 14/14/7
f 17/17/8 16/16/8 18/18/8
f 17/17/8 15/15/8 16/16/8
f 19/19/9 18/18/9 20/20/9
f 19/19/9 17/17/9 18/18/9
f 21/21/8 23/22/8 22/23/8
f 21/21/8 24/24/8 23/22/8
f 25/25/7 22/23/7 26/26/7
f 25/25/7 21/21/7 22/23/7
f 27/27/1 29/28/1 28/29/1
f 27/27/1 30/30/1 29/28/1
f 31/31/6 26/26/6 32/32/6
f 31/31/6 25/25/6 26/26/6
f 33/33/5 32/32/5 34/34/5
f 33/33/5 31/31/5 32/32/5
f 35/35/10 37/36/10 36/37/10
f 35/35/10 38/38/10 37/36/10
f 29/28/3 39/39/3 28/29/3
f 29/28/3 40/40/3 39/39/3
f 40/40/4 34/34/4 39/39/4
f 40/40/4 33/33/4 34/34/4
f 41/41/2 27/27/2 42/42/2
f 41/41/2 30/30/2 27/27/2
f 43/43/11 36/37/11 44/44/11
f 43/43/11 35/35/11 36/37/11
f 45/45/12 47/46/12 46/47/12
f 45/45/12 48/48/12 47/46/12
f 38/38/13 42/42/13 37/36/13
f 38/38/13 41/41/13 42/42/13
f 49/49/14 45/45/14 46/47/14
f 49/49/14 50/50/14 45/45/14
f 51/51/15 53/52/15 52/53/15
f 51/51/15 54/54/15 53/52/15
f 48/48/16 44/44/16 47/46/16
f 48/48/16 43/43/16 44/44/16
f 54/54/17 55/55/17 53/52/17
f 54/54/17 56/56/17 55/55/17
f 57/57/18 51/51/18 52/53/18
f 57/57/18 58/58/18 51/51/18
f 59/59/18 61/60/18 60/61/18
f 57/57/18 62/62/18 58/58/18
f 62/62/18 61/60/18 59/59/18
f 57/57/18 61/60/18 62/62/18
f 63/63/19 65/64/19 64/65/19
f 63/63/19 66/66/19 65/64/19
f 64/65/20 68/67/20 67/68/20
f 64/65/20 65/64/20 68/67/20
f 69/69/21 71/70/21 70/71/21
f 69/69/21 72/72/21 71/70/21
f 70/71/22 74/73/22 73/74/22
f 70/71/22 71/70/22 74/73/22
f 73/74/23 76/75/23 75/76/23
f 73/74/23 74/73/23 76/75/23
f 75/76/24 78/77/24 77/78/24
f 75/76/24 76/75/24 78/77/24
f 77/78/25 80/79/25 79/80/25
f 77/78/25 78/77/25 80/79/25
f 79/80/26 82/81/26 81/82/26
f 79/80/26 80/79/26 82/81/26
f 81/82/27 84/83/27 83/84/27
f 81/82/27 82/81/27 84/83/27
f 85/85/28 87/86/28 86/87/28
f 85/85/28 88/88/28 87/86/28
f 86/87/29 90/89/29 89/90/29
f 86/87/29 87/86/29 90/89/29
f 89/91/30 92/92/30 91/93/30
f 89/91/30 90/94/30 92/92/30
f 91/93/31 94/95/31 93/96/31
f 91/93/31 92/92/31 94/95/31
f 93/96/32 96/97/32 95/98/32
f 93/96/32 94/95/32 96/97/32
f 56/56/33 49/49/33 55/55/33
f 56/56/33 50/50/33 49/49/33
f 97/99/15 60/61/15 98/100/15
f 97/99/15 59/59/15 60/61/15
f 99/101/17 98/100/17 100/102/17
f 99/101/17 97/99/17 98/100/17
f 101/103/33 100/102/33 102/104/33
f 101/103/33 99/101/33 100/102/33
f 103/105/14 102/104/14 104/106/14
f 103/105/14 101/103/14 102/104/14
f 105/107/12 104/106/12 106/108/12
f 105/107/12 103/105/12 104/106/12
f 107/109/16 106/108/16 108/110/16
f 107/109/16 105/107/16 106/108/16
f 109/111/11 108/110/11 110/112/11
f 109/111/11 107/109/11 108/110/11
f 111/113/10 110/112/10 112/114/10
f 111/113/10 109/111/10 110/112/10
f 6/6/13 112/114/13 5/5/13
f 6/6/13 111/113/13 112/114/13
f 113/115/34 115/116/34 114/117/34
f 113/115/34 116/118/34 115/116/34
f 117/119/35 113/115/35 114/117/35
f 117/119/35 118/120/35 113/115/35
f 119/121/36 118/120/36 117/119/36
f 119/121/36 120/122/36 118/120/36
f 121/123/37 120/122/37 119/121/37
f 121/123/37 122/124/37 120/122/37
f 123/125/38 121/123/38 124/126/38
f 123/125/38 122/124/38 121/123/38
f 123/125/39 126/127/39 125/128/39
f 123/125/39 124/126/39 126/127/39
f 127/129/40 125/128/40 126/127/40
f 127/129/40 128/130/40 125/128/40
f 129/131/41 128/130/41 127/129/41
f 129/131/41 130/132/41 128/130/41
f 131/133/42 129/131/42 132/134/42
f 131/133/42 130/132/42 129/131/42
f 133/135/43 131/133/43 132/134/43
f 133/135/43 134/136/43 131/133/43
f 135/137/44 134/138/44 133/139/44
f 135/137/44 136/140/44 134/138/44
f 137/141/45 139/142/45 138/143/45
f 139/142/45 141/144/45 140/145/45
f 137/141/45 141/144/45 139/142/45
f 142/146/45 137/141/45 143/147/45
f 144/148/45 142/146/45 145/149/45
f 146/150/45 148/151/45 147/152/45
f 148/151/45 142/146/45 144/148/45
f 142/146/45 141/144/45 137/141/45
f 142/146/46 149/153/46 141/144/46
f 150/154/45 148/151/45 146/150/45
f 151/155/45 150/154/45 152/156/45
f 153/157/45 155/158/45 154/159/45
f 155/158/45 150/154/45 151/155/45
f 142/146/45 156/160/45 149/153/45
f 157/161/45 159/162/45 158/163/45
f 142/146/45 157/161/45 156/160/45
f 153/157/45 150/154/45 155/158/45
f 160/164/45 162/165/45 161/166/45
f 162/165/45 150/154/45 153/157/45
f 148/151/45 157/161/45 142/146/45
f 159/162/45 164/167/45 163/168/45
f 148/151/45 159/162/45 157/161/45
f 165/169/45 162/165/45 160/164/45
f 166/170/45 162/165/45 165/169/45
f 148/151/45 164/167/45 159/162/45
f 164/167/45 168/171/45 167/172/45
f 168/171/45 170/173/45 169/174/45
f 170/173/45 172/175/45 171/176/45
f 170/173/45 173/177/45 172/175/45
f 164/167/47 170/173/47 168/171/47
f 166/170/45 150/154/45 162/165/45
f 174/178/45 176/179/45 175/180/45
f 176/179/45 150/154/45 166/170/45
f 148/151/45 170/173/45 164/167/45
f 170/173/45 177/181/45 173/177/45
f 177/181/45 179/182/45 178/183/45
f 177/181/45 180/184/45 179/182/45
f 150/154/45 170/173/45 148/151/45
f 170/173/45 180/184/45 177/181/45
f 150/154/45 180/184/45 170/173/45
f 174/178/45 150/154/45 176/179/45
f 181/185/45 183/186/45 182/187/45
f 183/186/45 150/154/45 174/178/45
f 150/154/45 184/188/45 180/184/45
f 184/188/45 183/186/45 181/185/45
f 184/188/45 150/154/45 183/186/45
f 185/189/48 187/190/48 186/191/48
f 187/190/48 189/192/48 188/193/48
f 189/192/48 191/194/48 190/195/48
f 191/194/48 193/196/48 192/197/48
f 194/198/48 196/199/48 195/200/48
f 191/194/48 194/198/48 193/196/48
f 185/189/48 189/192/48 187/190/48
f 197/201/48 189/192/48 185/189/48
f 189/192/48 194/198/48 191/194/48
f 194/198/48 198/202/48 196/199/48
f 198/202/48 200/203/48 199/204/48
f 201/205/48 203/206/48 202/207/48
f 198/202/48 201/205/48 200/203/48
f 204/208/48 189/192/48 197/201/48
f 205/209/48 207/210/48 206/211/48
f 207/210/48 189/192/48 204/208/48
f 198/202/48 203/206/48 201/205/48
f 208/212/48 210/213/48 209/214/48
f 198/202/48 208/212/48 203/206/48
f 207/210/48 194/198/48 189/192/48
f 211/215/48 205/209/48 212/216/48
f 205/209/48 194/198/48 207/210/48
f 208/212/48 213/217/48 210/213/48
f 208/212/48 214/218/48 213/217/48
f 211/215/48 194/198/48 205/209/48
f 215/219/49 211/215/49 216/220/49
f 217/221/48 215/219/48 218/222/48
f 219/223/48 217/221/48 220/224/48
f 221/225/48 217/221/48 219/223/48
f 217/221/50 211/215/50 215/219/50
f 198/202/48 214/218/48 208/212/48
f 222/226/48 224/227/48 223/228/48
f 198/202/48 222/226/48 214/218/48
f 217/221/48 194/198/48 211/215/48
f 225/229/48 217/221/48 221/225/48
f 226/230/48 225/229/48 227/231/48
f 228/232/48 225/229/48 226/230/48
f 217/221/48 198/202/48 194/198/48
f 228/232/48 217/221/48 225/229/48
f 228/232/48 198/202/48 217/221/48
f 198/202/48 224/227/48 222/226/48
f 229/233/48 231/234/48 230/235/48
f 198/202/48 229/233/48 224/227/48
f 232/236/48 198/202/48 228/232/48
f 229/233/48 232/236/48 231/234/48
f 198/202/48 232/236/48 229/233/48
f 233/237/51 235/238/51 234/239/51
f 236/240/51 238/241/51 237/242/51
f 236/240/51 239/243/51 238/241/51
f 233/237/51 240/244/51 235/238/51
f 236/240/51 233/237/51 239/243/51
f 233/237/51 236/240/51 240/244/51
f 241/245/48 243/246/48 242/247/48
f 244/248/48 246/249/48 245/250/48
f 241/245/48 244/248/48 243/246/48
f 247/251/48 249/252/48 248/253/48
f 249/252/48 244/248/48 241/245/48
f 244/248/48 250/254/48 246/249/48
f 244/248/48 251/255/48 250/254/48
f 247/251/48 244/248/48 249/252/48
f 252/256/48 247/251/48 253/257/48
f 254/258/48 252/256/48 255/259/48
f 256/260/48 254/258/48 257/261/48
f 258/262/48 256/260/48 259/263/48
f 260/264/48 258/262/48 261/265/48
f 233/266/48 260/264/48 262/267/48
f 234/268/48 260/264/48 233/266/48
f 260/264/48 256/260/48 258/262/48
f 256/260/48 252/256/48 254/258/48
f 252/256/48 244/248/48 247/251/48
f 244/248/48 263/269/48 251/255/48
f 244/248/48 264/270/48 263/269/48
f 234/268/48 256/260/48 260/264/48
f 265/271/48 256/260/48 234/268/48
f 252/256/48 264/270/48 244/248/48
f 266/272/48 268/273/48 267/274/48
f 252/256/48 266/272/48 264/270/48
f 269/275/48 256/260/48 265/271/48
f 270/276/48 256/260/48 269/275/48
f 252/256/48 268/273/48 266/272/48
f 271/277/48 273/278/48 272/279/48
f 252/256/48 271/277/48 268/273/48
f 274/280/48 256/260/48 270/276/48
f 275/281/48 256/260/48 274/280/48
f 252/256/48 273/278/48 271/277/48
f 276/282/48 278/283/48 277/284/48
f 252/256/48 276/282/48 273/278/48
f 275/281/48 252/256/48 256/260/48
f 279/285/48 281/286/48 280/287/48
f 281/286/48 252/256/48 275/281/48
f 252/256/48 278/283/48 276/282/48
f 252/256/48 282/288/48 278/283/48
f 279/285/48 252/256/48 281/286/48
f 283/289/52 279/285/52 284/290/52
f 252/256/48 285/291/48 282/288/48
f 285/291/48 279/285/48 283/289/48
f 285/291/48 252/256/48 279/285/48
f 261/292/53 286/293/53 260/294/53
f 261/292/53 287/295/53 286/293/53
f 288/296/54 290/297/54 289/298/54
f 288/296/54 291/299/54 290/297/54
f 292/300/55 294/301/55 293/302/55
f 295/303/55 297/304/55 296/305/55
f 295/303/55 298/306/55 297/304/55
f 292/300/55 299/307/55 294/301/55
f 295/303/55 292/300/55 298/306/55
f 292/300/55 295/303/55 299/307/55
f 300/308/45 302/309/45 301/310/45
f 302/309/45 304/311/45 303/312/45
f 304/311/45 306/313/45 305/314/45
f 307/315/45 309/316/45 308/317/45
f 304/311/45 307/315/45 306/313/45
f 300/308/45 304/311/45 302/309/45
f 310/318/45 300/308/45 311/319/45
f 312/320/45 314/321/45 313/322/45
f 310/318/45 304/311/45 300/308/45
f 314/321/45 304/311/45 310/318/45
f 307/315/45 315/323/45 309/316/45
f 314/321/45 307/315/45 304/311/45
f 316/324/45 312/320/45 317/325/45
f 312/320/45 307/315/45 314/321/45
f 307/315/45 318/326/45 315/323/45
f 318/326/45 320/327/45 319/328/45
f 321/329/45 323/330/45 322/331/45
f 318/326/45 321/329/45 320/327/45
f 312/320/45 318/326/45 307/315/45
f 324/332/45 312/320/45 316/324/45
f 325/333/45 312/320/45 324/332/45
f 318/326/45 323/330/45 321/329/45
f 323/330/45 327/334/45 326/335/45
f 327/334/45 297/336/45 298/337/45
f 327/334/45 328/338/45 297/336/45
f 325/333/45 318/326/45 312/320/45
f 329/339/45 331/340/45 330/341/45
f 331/340/45 318/326/45 325/333/45
f 323/330/45 328/338/45 327/334/45
f 323/330/45 332/342/45 328/338/45
f 329/339/45 318/326/45 331/340/45
f 333/343/45 318/326/45 329/339/45
f 323/330/45 334/344/45 332/342/45
f 334/344/45 336/345/45 335/346/45
f 337/347/45 339/348/45 338/349/45
f 334/344/45 337/347/45 336/345/45
f 340/350/45 318/326/45 333/343/45
f 341/351/45 343/352/45 342/353/45
f 343/352/45 318/326/45 340/350/45
f 323/330/45 337/347/45 334/344/45
f 323/330/45 339/348/45 337/347/45
f 341/351/45 318/326/45 343/352/45
f 344/354/45 341/351/45 345/355/45
f 323/330/45 344/354/45 339/348/45
f 341/351/45 323/330/45 318/326/45
f 323/330/45 341/351/45 344/354/45
f 346/356/56 327/357/56 347/358/56
f 346/356/56 326/359/56 327/357/56
f 348/360/57 350/361/57 349/362/57
f 348/360/57 351/363/57 350/361/57
f 352/364/58 354/365/58 353/366/58
f 352/364/58 355/367/58 354/365/58
f 355/368/59 356/369/59 354/370/59
f 355/368/59 357/371/59 356/369/59
f 357/371/60 358/372/60 356/369/60
f 357/371/60 359/373/60 358/372/60
f 360/374/61 362/375/61 361/376/61
f 360/374/61 363/377/61 362/375/61
f 364/378/62 366/379/62 365/380/62
f 364/378/62 367/381/62 366/379/62
f 368/382/63 367/381/63 364/378/63
f 368/382/63 369/383/63 367/381/63
f 370/384/64 369/383/64 368/382/64
f 370/384/64 371/385/64 369/383/64
f 372/386/65 371/387/65 370/388/65
f 372/386/65 373/389/65 371/387/65
f 374/390/66 373/389/66 372/386/66
f 374/390/66 375/391/66 373/389/66
f 376/392/67 375/391/67 374/390/67
f 376/392/67 377/393/67 375/391/67
f 378/394/68 380/395/68 379/396/68
f 378/394/69 381/397/69 380/395/69
f 382/398/68 384/399/68 383/400/68
f 378/401/70 385/402/70 381/403/70
f 385/404/71 384/399/71 382/398/71
f 378/401/70 384/405/70 385/402/70
f 386/406/72 384/405/72 378/401/72
f 386/406/72 387/407/72 384/405/72
f 388/408/73 390/409/73 389/410/73
f 390/409/73 392/411/73 391/412/73
f 393/413/74 390/409/74 388/408/74
f 390/409/74 393/413/74 392/411/74
f 394/414/75 390/415/75 391/416/75
f 394/414/75 395/417/75 390/415/75
f 186/418/76 396/419/76 185/420/76
f 95/421/76 141/422/76 397/423/76
f 95/421/76 140/424/76 141/422/76
f 186/418/76 96/425/76 396/419/76
f 95/421/76 186/418/76 140/424/76
f 186/418/76 95/421/76 96/425/76
f 189/426/77 138/427/77 188/428/77
f 189/426/77 137/429/77 138/427/77
f 361/376/78 399/430/78 398/431/78
f 361/376/78 362/375/78 399/430/78
f 400/432/79 402/433/79 401/434/79
f 400/432/79 403/240/79 402/433/79
f 404/435/80 406/436/80 405/437/80
f 404/435/80 407/438/80 406/436/80
f 408/439/81 400/440/81 409/441/81
f 408/439/81 403/442/81 400/440/81
f 410/443/82 402/433/82 411/444/82
f 410/443/82 401/434/82 402/433/82
f 405/437/83 408/439/83 409/441/83
f 405/437/83 406/436/83 408/439/83
f 353/366/84 349/362/84 352/364/84
f 353/366/84 348/360/84 349/362/84
f 358/372/85 363/377/85 360/374/85
f 358/372/85 359/373/85 363/377/85
f 24/445/48 131/446/48 134/447/48
f 24/445/48 21/448/48 131/446/48
f 130/449/48 31/450/48 33/451/48
f 25/452/48 131/446/48 21/448/48
f 130/449/48 25/452/48 31/450/48
f 25/452/48 130/449/48 131/446/48
f 128/453/48 40/454/48 29/455/48
f 40/454/48 130/449/48 33/451/48
f 40/454/48 128/453/48 130/449/48
f 29/455/48 125/456/48 128/453/48
f 125/456/48 30/457/48 41/458/48
f 125/456/48 29/455/48 30/457/48
f 41/458/48 123/459/48 125/456/48
f 123/459/48 38/460/48 35/461/48
f 123/459/48 41/458/48 38/460/48
f 35/461/48 122/462/48 123/459/48
f 35/461/48 43/463/48 122/462/48
f 43/463/48 120/464/48 122/462/48
f 120/464/48 48/465/48 45/466/48
f 120/464/48 43/463/48 48/465/48
f 45/466/48 118/467/48 120/464/48
f 45/466/48 50/468/48 118/467/48
f 113/469/48 50/468/48 56/470/48
f 113/469/48 118/467/48 50/468/48
f 116/471/48 51/472/48 58/473/48
f 54/474/48 113/469/48 56/470/48
f 116/471/48 54/474/48 51/472/48
f 54/474/48 116/471/48 113/469/48
f 212/475/86 413/476/86 412/477/86
f 212/475/86 205/478/86 413/476/86
f 24/24/9 414/479/9 23/22/9
f 24/24/9 415/480/9 414/479/9
f 204/481/87 417/482/87 416/483/87
f 204/481/87 197/484/87 417/482/87
f 207/485/88 416/483/88 418/486/88
f 207/485/88 204/481/88 416/483/88
f 206/487/89 418/486/89 419/488/89
f 206/487/89 207/485/89 418/486/89
f 420/489/90 212/475/90 412/477/90
f 420/489/90 211/490/90 212/475/90
f 216/491/91 420/489/91 421/492/91
f 216/491/91 211/490/91 420/489/91
f 422/493/92 216/491/92 421/492/92
f 422/493/92 215/494/92 216/491/92
f 221/495/93 424/496/93 423/497/93
f 221/495/93 219/498/93 424/496/93
f 205/478/94 419/488/94 413/476/94
f 205/478/94 206/487/94 419/488/94
f 218/499/95 422/493/95 425/500/95
f 218/499/95 215/494/95 422/493/95
f 217/501/96 425/500/96 426/502/96
f 217/501/96 218/499/96 425/500/96
f 225/503/97 423/497/97 427/504/97
f 225/503/97 221/495/97 423/497/97
f 219/498/98 428/505/98 424/496/98
f 219/498/98 220/506/98 428/505/98
f 429/507/99 225/503/99 427/504/99
f 429/507/99 227/508/99 225/503/99
f 226/509/100 429/507/100 430/510/100
f 226/509/100 227/508/100 429/507/100
f 228/511/101 430/510/101 431/512/101
f 228/511/101 226/509/101 430/510/101
f 223/513/102 433/514/102 432/515/102
f 223/513/102 224/516/102 433/514/102
f 220/506/103 426/502/103 428/505/103
f 220/506/103 217/501/103 426/502/103
f 232/517/104 431/512/104 434/518/104
f 232/517/104 228/511/104 431/512/104
f 231/519/105 434/518/105 435/520/105
f 231/519/105 232/517/105 434/518/105
f 230/521/106 435/520/106 436/522/106
f 230/521/106 231/519/106 435/520/106
f 437/523/107 223/513/107 432/515/107
f 437/523/107 222/524/107 223/513/107
f 224/516/108 438/525/108 433/514/108
f 224/516/108 229/526/108 438/525/108
f 229/526/109 436/522/109 438/525/109
f 229/526/109 230/521/109 436/522/109
f 214/527/110 437/523/110 439/528/110
f 214/527/110 222/524/110 437/523/110
f 213/529/111 439/528/111 440/530/111
f 213/529/111 214/527/111 439/528/111
f 160/531/112 441/532/112 165/533/112
f 442/534/113 213/535/113 440/536/113
f 442/534/112 210/537/112 213/535/112
f 160/531/113 443/538/113 441/532/113
f 442/534/114 160/531/114 210/537/114
f 160/531/113 442/534/113 443/538/113
f 444/539/115 446/540/115 445/541/115
f 444/539/115 447/542/115 446/540/115
f 445/541/116 449/543/116 448/544/116
f 445/541/116 446/540/116 449/543/116
f 448/544/117 451/545/117 450/546/117
f 448/544/117 449/543/117 451/545/117
f 450/546/118 453/547/118 452/548/118
f 450/546/118 451/545/118 453/547/118
f 452/548/119 455/549/119 454/550/119
f 452/548/119 453/547/119 455/549/119
f 454/550/120 457/551/120 456/552/120
f 454/550/120 455/549/120 457/551/120
f 456/552/121 459/553/121 458/554/121
f 456/552/121 457/551/121 459/553/121
f 458/554/122 461/555/122 460/556/122
f 458/554/122 459/553/122 461/555/122
f 460/556/123 463/557/123 462/558/123
f 460/556/123 461/555/123 463/557/123
f 462/558/124 465/559/124 464/560/124
f 462/558/124 463/557/124 465/559/124
f 464/560/125 467/561/125 466/562/125
f 464/560/125 465/559/125 467/561/125
f 466/562/126 469/563/126 468/564/126
f 466/562/126 467/561/126 469/563/126
f 468/564/127 471/565/127 470/566/127
f 468/564/127 469/563/127 471/565/127
f 470/566/128 473/567/128 472/568/128
f 470/566/128 471/565/128 473/567/128
f 472/568/129 475/569/129 474/570/129
f 472/568/129 473/567/129 475/569/129
f 474/570/130 477/571/130 476/572/130
f 474/570/130 475/569/130 477/571/130
f 476/572/131 479/573/131 478/574/131
f 476/572/131 477/571/131 479/573/131
f 478/574/132 481/575/132 480/576/132
f 478/574/132 479/573/132 481/575/132
f 480/576/133 483/577/133 482/578/133
f 480/576/133 481/575/133 483/577/133
f 482/578/134 485/579/134 484/580/134
f 482/578/134 483/577/134 485/579/134
f 484/580/135 487/581/135 486/582/135
f 484/580/135 485/579/135 487/581/135
f 486/582/136 489/583/136 488/584/136
f 486/582/136 487/581/136 489/583/136
f 488/584/137 491/585/137 490/586/137
f 488/584/137 489/583/137 491/585/137
f 490/586/138 493/587/138 492/588/138
f 490/586/138 491/585/138 493/587/138
f 492/588/139 495/589/139 494/590/139
f 492/588/139 493/587/139 495/589/139
f 494/590/140 240/591/140 236/592/140
f 494/590/140 495/589/140 240/591/140
f 141/593/141 496/594/141 397/595/141
f 141/593/141 149/596/141 496/594/141
f 149/596/87 497/597/87 496/594/87
f 149/596/87 156/598/87 497/597/87
f 156/598/88 498/599/88 497/597/88
f 156/598/88 157/600/88 498/599/88
f 157/600/89 499/601/89 498/599/89
f 157/600/89 158/602/89 499/601/89
f 158/602/94 500/603/94 499/601/94
f 158/602/94 159/604/94 500/603/94
f 159/604/86 501/605/86 500/603/86
f 159/604/86 163/606/86 501/605/86
f 163/606/90 502/607/90 501/605/90
f 163/606/90 164/608/90 502/607/90
f 164/608/91 503/609/91 502/607/91
f 164/608/91 167/610/91 503/609/91
f 167/610/92 504/611/92 503/609/92
f 167/610/92 168/612/92 504/611/92
f 168/612/95 505/613/95 504/611/95
f 168/612/95 169/614/95 505/613/95
f 169/614/96 506/615/96 505/613/96
f 169/614/96 170/616/96 506/615/96
f 170/616/103 507/617/103 506/615/103
f 170/616/103 171/618/103 507/617/103
f 171/618/98 508/619/98 507/617/98
f 171/618/98 172/620/98 508/619/98
f 172/620/93 509/621/93 508/619/93
f 172/620/93 173/622/93 509/621/93
f 173/622/97 510/623/97 509/621/97
f 173/622/97 177/624/97 510/623/97
f 177/624/99 511/625/99 510/623/99
f 177/624/99 178/626/99 511/625/99
f 178/626/100 512/627/100 511/625/100
f 178/626/100 179/628/100 512/627/100
f 179/628/101 513/629/101 512/627/101
f 179/628/101 180/630/101 513/629/101
f 180/630/104 514/631/104 513/629/104
f 180/630/104 184/632/104 514/631/104
f 184/632/105 515/633/105 514/631/105
f 184/632/105 181/634/105 515/633/105
f 181/634/106 516/635/106 515/633/106
f 181/634/106 182/636/106 516/635/106
f 182/636/109 517/637/109 516/635/109
f 182/636/109 183/638/109 517/637/109
f 183/638/108 518/639/108 517/637/108
f 183/638/108 174/640/108 518/639/108
f 174/640/102 519/641/102 518/639/102
f 174/640/102 175/642/102 519/641/102
f 175/642/107 520/643/107 519/641/107
f 175/642/107 176/644/107 520/643/107
f 176/644/110 521/645/110 520/643/110
f 176/644/110 166/646/110 521/645/110
f 166/646/111 441/647/111 521/645/111
f 166/646/111 165/648/111 441/647/111
f 162/649/142 209/650/142 161/651/142
f 162/649/142 208/652/142 209/650/142
f 153/653/143 208/652/143 162/649/143
f 153/653/143 203/654/143 208/652/143
f 154/655/144 203/654/144 153/653/144
f 154/655/144 202/656/144 203/654/144
f 201/657/145 154/655/145 155/658/145
f 201/657/145 202/656/145 154/655/145
f 151/659/146 201/657/146 155/658/146
f 151/659/146 200/660/146 201/657/146
f 152/661/147 200/660/147 151/659/147
f 152/661/147 199/662/147 200/660/147
f 150/663/148 199/662/148 152/661/148
f 150/663/148 198/664/148 199/662/148
f 196/665/149 150/663/149 146/666/149
f 196/665/149 198/664/149 150/663/149
f 195/667/150 146/666/150 147/668/150
f 195/667/150 196/665/150 146/666/150
f 194/669/151 147/668/151 148/670/151
f 194/669/151 195/667/151 147/668/151
f 144/671/152 194/669/152 148/670/152
f 144/671/152 193/672/152 194/669/152
f 145/673/153 193/672/153 144/671/153
f 145/673/153 192/674/153 193/672/153
f 142/675/154 192/674/154 145/673/154
f 142/675/154 191/676/154 192/674/154
f 190/677/155 142/675/155 143/678/155
f 190/677/155 191/676/155 142/675/155
f 137/429/156 190/677/156 143/678/156
f 137/429/156 189/426/156 190/677/156
f 197/484/141 396/679/141 417/482/141
f 197/484/141 185/680/141 396/679/141
f 238/681/157 522/682/157 237/683/157
f 238/681/157 523/684/157 522/682/157
f 523/684/158 524/685/158 522/682/158
f 523/684/158 525/686/158 524/685/158
f 525/686/159 526/687/159 524/685/159
f 525/686/159 527/688/159 526/687/159
f 527/688/160 528/689/160 526/687/160
f 527/688/160 529/690/160 528/689/160
f 529/690/161 530/691/161 528/689/161
f 529/690/161 531/692/161 530/691/161
f 531/692/162 532/693/162 530/691/162
f 531/692/162 533/694/162 532/693/162
f 533/694/163 534/695/163 532/693/163
f 533/694/163 535/696/163 534/695/163
f 535/696/164 536/697/164 534/695/164
f 535/696/164 537/698/164 536/697/164
f 537/698/165 538/699/165 536/697/165
f 537/698/165 539/700/165 538/699/165
f 539/700/166 540/701/166 538/699/166
f 539/700/166 541/702/166 540/701/166
f 541/702/167 542/703/167 540/701/167
f 541/702/167 543/704/167 542/703/167
f 543/704/168 544/705/168 542/703/168
f 543/704/168 545/706/168 544/705/168
f 545/706/169 546/707/169 544/705/169
f 545/706/169 547/708/169 546/707/169
f 547/708/170 548/709/170 546/707/170
f 547/708/170 549/710/170 548/709/170
f 549/710/171 550/711/171 548/709/171
f 549/710/171 551/712/171 550/711/171
f 551/712/172 552/713/172 550/711/172
f 551/712/172 553/714/172 552/713/172
f 553/714/173 554/715/173 552/713/173
f 553/714/173 555/716/173 554/715/173
f 555/716/174 556/717/174 554/715/174
f 555/716/174 557/718/174 556/717/174
f 557/718/175 558/719/175 556/717/175
f 557/718/175 559/720/175 558/719/175
f 559/720/176 560/721/176 558/719/176
f 559/720/176 561/722/176 560/721/176
f 561/722/177 562/723/177 560/721/177
f 561/722/177 563/724/177 562/723/177
f 563/724/178 564/725/178 562/723/178
f 563/724/178 565/726/178 564/725/178
f 565/726/179 566/727/179 564/725/179
f 565/726/179 567/728/179 566/727/179
f 567/728/180 568/729/180 566/727/180
f 567/728/180 569/730/180 568/729/180
f 569/730/181 570/731/181 568/729/181
f 569/730/181 571/732/181 570/731/181
f 250/733/181 573/734/181 572/735/181
f 250/733/181 251/736/181 573/734/181
f 574/737/182 245/738/182 246/739/182
f 574/737/182 575/740/182 245/738/182
f 576/741/183 245/742/183 575/743/183
f 576/741/183 244/744/183 245/742/183
f 263/745/179 578/746/179 577/747/179
f 263/745/179 264/748/179 578/746/179
f 287/749/45 579/750/45 286/751/45
f 579/750/45 238/752/45 239/753/45
f 287/749/45 238/752/45 579/750/45
f 580/754/45 287/749/45 581/755/45
f 582/756/45 584/757/45 583/758/45
f 584/757/45 287/749/45 580/754/45
f 287/749/45 523/759/45 238/752/45
f 287/749/45 525/760/45 523/759/45
f 582/756/45 287/749/45 584/757/45
f 585/761/45 582/756/45 586/762/45
f 587/763/45 585/761/45 588/764/45
f 589/765/45 587/763/45 590/766/45
f 591/767/45 593/768/45 592/769/45
f 593/768/45 587/763/45 589/765/45
f 587/763/45 582/756/45 585/761/45
f 582/756/45 525/760/45 287/749/45
f 582/756/45 527/770/45 525/760/45
f 593/768/45 582/756/45 587/763/45
f 576/771/45 593/768/45 591/767/45
f 574/772/45 576/771/45 575/773/45
f 569/774/45 574/772/45 571/775/45
f 569/774/45 576/771/45 574/772/45
f 582/756/45 529/776/45 527/770/45
f 582/756/45 531/777/45 529/776/45
f 569/774/45 593/768/45 576/771/45
f 567/778/45 593/768/45 569/774/45
f 582/756/45 533/779/45 531/777/45
f 533/779/45 537/780/45 535/781/45
f 537/780/184 541/782/184 539/783/184
f 537/780/45 543/784/45 541/782/45
f 582/756/45 537/780/45 533/779/45
f 565/785/45 593/768/45 567/778/45
f 559/786/45 563/787/45 561/788/45
f 563/787/45 593/768/45 565/785/45
f 593/768/45 537/780/45 582/756/45
f 593/768/45 543/784/45 537/780/45
f 559/786/45 593/768/45 563/787/45
f 553/789/45 557/790/45 555/791/45
f 557/790/45 593/768/45 559/786/45
f 593/768/45 545/792/45 543/784/45
f 547/793/45 551/794/45 549/795/45
f 593/768/45 547/793/45 545/792/45
f 553/789/45 593/768/45 557/790/45
f 547/793/45 553/789/45 551/794/45
f 547/793/45 593/768/45 553/789/45
f 594/796/185 596/797/185 595/798/185
f 594/796/185 597/799/185 596/797/185
f 275/800/161 599/801/161 598/802/161
f 275/800/161 274/803/161 599/801/161
f 600/804/186 602/805/186 601/806/186
f 600/804/186 603/807/186 602/805/186
f 601/806/187 605/808/187 604/809/187
f 601/806/187 602/805/187 605/808/187
f 604/809/188 607/810/188 606/811/188
f 604/809/188 605/808/188 607/810/188
f 606/811/189 609/812/189 608/813/189
f 606/811/189 607/810/189 609/812/189
f 608/813/190 611/814/190 610/815/190
f 608/813/190 609/812/190 611/814/190
f 610/815/191 613/816/191 612/817/191
f 610/815/191 611/814/191 613/816/191
f 612/817/192 615/818/192 614/819/192
f 612/817/192 613/816/192 615/818/192
f 614/819/193 617/820/193 616/821/193
f 614/819/193 615/818/193 617/820/193
f 616/821/194 619/822/194 618/823/194
f 616/821/194 617/820/194 619/822/194
f 618/823/195 621/824/195 620/825/195
f 618/823/195 619/822/195 621/824/195
f 620/825/196 623/826/196 622/827/196
f 620/825/196 621/824/196 623/826/196
f 622/827/197 625/828/197 624/829/197
f 622/827/197 623/826/197 625/828/197
f 624/829/198 627/830/198 626/831/198
f 624/829/198 625/828/198 627/830/198
f 626/831/199 629/832/199 628/833/199
f 626/831/199 627/830/199 629/832/199
f 628/833/200 631/834/200 630/835/200
f 628/833/200 629/832/200 631/834/200
f 630/835/201 633/836/201 632/837/201
f 630/835/201 631/834/201 633/836/201
f 632/837/200 635/838/200 634/839/200
f 632/837/200 633/836/200 635/838/200
f 634/839/202 637/840/202 636/841/202
f 634/839/202 635/838/202 637/840/202
f 636/841/203 639/842/203 638/843/203
f 636/841/203 637/840/203 639/842/203
f 638/843/204 641/844/204 640/845/204
f 638/843/204 639/842/204 641/844/204
f 640/845/205 643/846/205 642/847/205
f 640/845/205 641/844/205 643/846/205
f 642/847/206 645/848/206 644/849/206
f 642/847/206 643/846/206 645/848/206
f 644/849/207 647/850/207 646/851/207
f 644/849/207 645/848/207 647/850/207
f 646/851/208 649/852/208 648/853/208
f 646/851/208 647/850/208 649/852/208
f 648/853/209 651/854/209 650/855/209
f 648/853/209 649/852/209 651/854/209
f 650/855/210 653/856/210 652/857/210
f 650/855/210 651/854/210 653/856/210
f 652/857/211 655/858/211 654/859/211
f 652/857/211 653/856/211 655/858/211
f 654/859/212 657/860/212 656/861/212
f 654/859/212 655/858/212 657/860/212
f 656/861/213 659/862/213 658/863/213
f 656/861/213 657/860/213 659/862/213
f 658/863/214 661/864/214 660/865/214
f 658/863/214 659/862/214 661/864/214
f 660/865/215 663/866/215 662/867/215
f 660/865/215 661/864/215 663/866/215
f 662/867/216 665/868/216 664/869/216
f 662/867/216 663/866/216 665/868/216
f 664/869/217 667/870/217 666/871/217
f 664/869/217 665/868/217 667/870/217
f 666/871/218 669/872/218 668/873/218
f 666/871/218 667/870/218 669/872/218
f 668/873/219 671/874/219 670/875/219
f 668/873/219 669/872/219 671/874/219
f 670/875/212 673/876/212 672/877/212
f 670/875/212 671/874/212 673/876/212
f 672/877/220 675/878/220 674/879/220
f 672/877/220 673/876/220 675/878/220
f 674/879/221 677/880/221 676/881/221
f 674/879/221 675/878/221 677/880/221
f 676/881/222 299/882/222 295/883/222
f 676/881/222 677/880/222 299/882/222
f 594/796/223 250/733/223 572/735/223
f 594/796/223 246/884/223 250/733/223
f 571/732/223 595/798/223 570/731/223
f 594/796/223 574/885/223 246/884/223
f 574/885/223 595/798/223 571/732/223
f 594/796/223 595/798/223 574/885/223
f 265/886/157 235/887/157 678/888/157
f 265/886/157 234/889/157 235/887/157
f 269/890/158 678/888/158 679/891/158
f 269/890/158 265/886/158 678/888/158
f 281/892/162 598/802/162 680/893/162
f 281/892/162 275/800/162 598/802/162
f 274/803/160 681/894/160 599/801/160
f 274/803/160 270/895/160 681/894/160
f 682/896/166 284/897/166 683/898/166
f 682/896/166 283/899/166 284/897/166
f 270/895/159 679/891/159 681/894/159
f 270/895/159 269/890/159 679/891/159
f 280/900/163 680/893/163 684/901/163
f 280/900/163 281/892/163 680/893/163
f 285/902/167 682/896/167 685/903/167
f 285/902/167 283/899/167 682/896/167
f 284/897/165 686/904/165 683/898/165
f 284/897/165 279/905/165 686/904/165
f 687/906/168 285/902/168 685/903/168
f 687/906/168 282/907/168 285/902/168
f 278/908/169 687/906/169 688/909/169
f 278/908/169 282/907/169 687/906/169
f 277/910/170 688/909/170 689/911/170
f 277/910/170 278/908/170 688/909/170
f 690/912/173 273/913/173 691/914/173
f 690/912/173 272/915/173 273/913/173
f 279/905/164 684/901/164 686/904/164
f 279/905/164 280/900/164 684/901/164
f 264/748/178 692/916/178 578/746/178
f 264/748/178 266/917/178 692/916/178
f 273/913/172 693/918/172 691/914/172
f 273/913/172 276/919/172 693/918/172
f 276/919/171 689/911/171 693/918/171
f 276/919/171 277/910/171 689/911/171
f 271/920/174 690/912/174 694/921/174
f 271/920/174 272/915/174 690/912/174
f 268/922/175 694/921/175 695/923/175
f 268/922/175 271/920/175 694/921/175
f 267/924/176 695/923/176 696/925/176
f 267/924/176 268/922/176 695/923/176
f 266/917/177 696/925/177 692/916/177
f 266/917/177 267/924/177 696/925/177
f 591/926/224 244/744/224 576/741/224
f 591/926/224 243/927/224 244/744/224
f 242/928/225 591/926/225 592/929/225
f 242/928/225 243/927/225 591/926/225
f 593/930/226 242/928/226 592/929/226
f 593/930/226 241/931/226 242/928/226
f 589/932/227 241/931/227 593/930/227
f 589/932/227 249/933/227 241/931/227
f 590/934/228 249/933/228 589/932/228
f 590/934/228 248/935/228 249/933/228
f 247/936/229 590/934/229 587/937/229
f 247/936/229 248/935/229 590/934/229
f 253/938/230 587/937/230 588/939/230
f 253/938/230 247/936/230 587/937/230
f 252/940/231 588/939/231 585/941/231
f 252/940/231 253/938/231 588/939/231
f 255/942/232 585/941/232 586/943/232
f 255/942/232 252/940/232 585/941/232
f 582/944/233 255/942/233 586/943/233
f 582/944/233 254/945/233 255/942/233
f 583/946/234 254/945/234 582/944/234
f 583/946/234 257/947/234 254/945/234
f 584/948/235 257/947/235 583/946/235
f 584/948/235 256/949/235 257/947/235
f 580/950/236 256/949/236 584/948/236
f 580/950/236 259/951/236 256/949/236
f 581/952/237 259/951/237 580/950/237
f 581/952/237 258/953/237 259/951/237
f 287/295/238 258/953/238 581/952/238
f 287/295/238 261/292/238 258/953/238
f 251/736/180 577/747/180 573/734/180
f 251/736/180 263/745/180 577/747/180
f 697/954/239 395/955/239 394/956/239
f 697/954/239 698/957/239 395/955/239
f 699/958/240 698/957/240 697/954/240
f 699/958/240 700/959/240 698/957/240
f 701/960/241 700/959/241 699/958/241
f 701/960/241 702/961/241 700/959/241
f 703/962/242 702/961/242 701/960/242
f 703/962/242 704/963/242 702/961/242
f 705/964/243 704/963/243 703/962/243
f 705/964/243 706/965/243 704/963/243
f 707/966/244 706/965/244 705/964/244
f 707/966/244 708/967/244 706/965/244
f 709/968/245 708/967/245 707/966/245
f 709/968/245 710/969/245 708/967/245
f 711/970/246 710/969/246 709/968/246
f 711/970/246 712/971/246 710/969/246
f 713/972/247 712/971/247 711/970/247
f 713/972/247 714/973/247 712/971/247
f 715/974/248 714/973/248 713/972/248
f 715/974/248 716/975/248 714/973/248
f 717/976/249 716/975/249 715/974/249
f 717/976/249 718/977/249 716/975/249
f 719/978/250 718/977/250 717/976/250
f 719/978/250 720/979/250 718/977/250
f 721/980/251 720/979/251 719/978/251
f 721/980/251 722/981/251 720/979/251
f 723/982/252 722/981/252 721/980/252
f 723/982/252 724/983/252 722/981/252
f 725/984/253 724/983/253 723/982/253
f 725/984/253 726/985/253 724/983/253
f 727/986/254 726/985/254 725/984/254
f 727/986/254 728/987/254 726/985/254
f 729/988/255 728/987/255 727/986/255
f 729/988/255 730/989/255 728/987/255
f 731/990/256 730/989/256 729/988/256
f 731/990/256 732/991/256 730/989/256
f 733/992/257 732/991/257 731/990/257
f 733/992/257 734/993/257 732/991/257
f 735/994/258 734/993/258 733/992/258
f 735/994/258 736/995/258 734/993/258
f 737/996/259 736/995/259 735/994/259
f 737/996/259 738/997/259 736/995/259
f 739/998/260 738/997/260 737/996/260
f 739/998/260 740/999/260 738/997/260
f 741/1000/261 740/999/261 739/998/261
f 741/1000/261 742/1001/261 740/999/261
f 743/1002/256 742/1001/256 741/1000/256
f 743/1002/256 744/1003/256 742/1001/256
f 745/1004/220 744/1003/220 743/1002/220
f 745/1004/220 746/1005/220 744/1003/220
f 747/1006/262 746/1005/262 745/1004/262
f 747/1006/263 748/1007/263 746/1005/263
f 749/1008/264 748/1007/264 747/1006/264
f 749/1008/264 750/1009/264 748/1007/264
f 751/1010/265 750/1009/265 749/1008/265
f 751/1010/265 752/1011/265 750/1009/265
f 753/1012/266 752/1011/266 751/1010/266
f 753/1012/266 754/1013/266 752/1011/266
f 755/1014/220 754/1013/220 753/1012/220
f 755/1014/220 756/1015/220 754/1013/220
f 757/1016/267 756/1015/267 755/1014/267
f 757/1016/267 758/1017/267 756/1015/267
f 759/1018/268 758/1017/268 757/1016/268
f 759/1018/268 760/1019/268 758/1017/268
f 761/1020/269 763/1021/269 762/1022/269
f 761/1020/269 764/1023/269 763/1021/269
f 763/1021/270 766/1024/270 765/1025/270
f 763/1021/270 764/1023/270 766/1024/270
f 766/1024/271 767/1026/271 765/1025/271
f 766/1024/271 768/1027/271 767/1026/271
f 768/1027/272 769/1028/272 767/1026/272
f 768/1027/272 770/1029/272 769/1028/272
f 769/1028/273 772/1030/273 771/1031/273
f 769/1028/273 770/1029/273 772/1030/273
f 772/1030/274 773/1032/274 771/1031/274
f 772/1030/274 774/1033/274 773/1032/274
f 774/1033/275 775/1034/275 773/1032/275
f 774/1033/275 776/1035/275 775/1034/275
f 776/1035/276 777/1036/276 775/1034/276
f 776/1035/276 778/1037/276 777/1036/276
f 778/1037/277 779/1038/277 777/1036/277
f 778/1037/277 780/1039/277 779/1038/277
f 779/1038/278 782/1040/278 781/1041/278
f 779/1038/278 780/1039/278 782/1040/278
f 783/1042/279 785/1043/279 784/1044/279
f 783/1042/279 786/1045/279 785/1043/279
f 786/1045/280 787/1046/280 785/1043/280
f 786/1045/280 788/1047/280 787/1046/280
f 782/1040/281 784/1044/281 781/1041/281
f 782/1040/281 783/1042/281 784/1044/281
f 787/1046/282 790/1048/282 789/1049/282
f 787/1046/282 788/1047/282 790/1048/282
f 790/1048/283 791/1050/283 789/1049/283
f 790/1048/283 792/1051/283 791/1050/283
f 792/1051/284 793/1052/284 791/1050/284
f 792/1051/284 794/1053/284 793/1052/284
f 794/1053/285 795/1054/285 793/1052/285
f 794/1053/285 796/1055/285 795/1054/285
f 796/1055/286 797/1056/286 795/1054/286
f 796/1055/286 798/1057/286 797/1056/286
f 798/1057/287 799/1058/287 797/1056/287
f 798/1057/287 800/1059/287 799/1058/287
f 801/1060/288 803/1061/288 802/1062/288
f 801/1060/288 804/1063/288 803/1061/288
f 805/1064/289 807/1065/289 806/1066/289
f 805/1064/290 808/1067/290 807/1065/290
f 800/1059/291 802/1062/291 799/1058/291
f 800/1059/291 801/1060/291 802/1062/291
f 809/1068/292 811/1069/292 810/1070/292
f 809/1068/292 812/1071/292 811/1069/292
f 804/1063/293 806/1066/293 803/1061/293
f 804/1063/293 805/1064/293 806/1066/293
f 813/1072/294 294/1073/294 814/1074/294
f 813/1072/294 293/1075/294 294/1073/294
f 808/1067/295 810/1070/295 807/1065/295
f 808/1067/295 809/1068/295 810/1070/295
f 301/1076/296 815/1077/296 300/1078/296
f 816/1079/296 818/1080/296 817/1081/296
f 816/1079/296 819/1082/296 818/1080/296
f 301/1076/296 820/1083/296 815/1077/296
f 816/1079/296 301/1076/296 819/1082/296
f 301/1076/296 816/1079/296 820/1083/296
f 812/1071/297 814/1074/297 811/1069/297
f 812/1071/297 813/1072/297 814/1074/297
f 326/359/298 821/1084/298 323/1085/298
f 326/359/298 346/356/298 821/1084/298
f 821/1084/299 322/1086/299 323/1085/299
f 821/1084/299 822/1087/299 322/1086/299
f 322/1086/300 823/1088/300 321/1089/300
f 322/1086/300 822/1087/300 823/1088/300
f 321/1089/301 824/1090/301 320/1091/301
f 321/1089/301 823/1088/301 824/1090/301
f 320/1091/302 825/1092/302 319/1093/302
f 320/1091/302 824/1090/302 825/1092/302
f 319/1093/303 826/1094/303 318/1095/303
f 319/1093/303 825/1092/303 826/1094/303
f 318/1095/304 827/1096/304 315/1097/304
f 318/1095/304 826/1094/304 827/1096/304
f 315/1097/305 828/1098/305 309/1099/305
f 315/1097/305 827/1096/305 828/1098/305
f 309/1099/306 829/1100/306 308/1101/306
f 309/1099/306 828/1098/306 829/1100/306
f 829/1100/307 307/1102/307 308/1101/307
f 829/1100/307 830/1103/307 307/1102/307
f 830/1103/308 306/1104/308 307/1102/308
f 830/1103/308 831/1105/308 306/1104/308
f 306/1104/309 832/1106/309 305/1107/309
f 306/1104/309 831/1105/309 832/1106/309
f 305/1107/310 833/1108/310 304/1109/310
f 305/1107/310 832/1106/310 833/1108/310
f 304/1109/311 834/1110/311 303/1111/311
f 304/1109/311 833/1108/311 834/1110/311
f 303/1111/312 835/1112/312 302/1113/312
f 303/1111/312 834/1110/312 835/1112/312
f 301/1114/313 835/1115/313 819/1116/313
f 301/1114/313 302/1117/313 835/1115/313
f 311/1118/314 815/1077/314 836/1119/314
f 311/1118/314 300/1078/314 815/1077/314
f 310/1120/269 836/1119/269 837/1121/269
f 310/1120/269 311/1118/269 836/1119/269
f 314/1122/270 837/1121/270 838/1123/270
f 314/1122/270 310/1120/270 837/1121/270
f 313/1124/271 838/1123/271 839/1125/271
f 313/1124/271 314/1122/271 838/1123/271
f 312/1126/272 839/1125/272 840/1127/272
f 312/1126/272 313/1124/272 839/1125/272
f 317/1128/273 840/1127/273 841/1129/273
f 317/1128/273 312/1126/273 840/1127/273
f 316/1130/274 841/1129/274 842/1131/274
f 316/1130/274 317/1128/274 841/1129/274
f 324/1132/275 842/1131/275 843/1133/275
f 324/1132/275 316/1130/275 842/1131/275
f 325/1134/276 843/1133/276 844/1135/276
f 325/1134/276 324/1132/276 843/1133/276
f 331/1136/277 844/1135/277 845/1137/277
f 331/1136/277 325/1134/277 844/1135/277
f 330/1138/278 845/1137/278 846/1139/278
f 330/1138/278 331/1136/278 845/1137/278
f 329/1140/281 846/1139/281 847/1141/281
f 329/1140/281 330/1138/281 846/1139/281
f 333/1142/279 847/1141/279 848/1143/279
f 333/1142/279 329/1140/279 847/1141/279
f 340/1144/280 848/1143/280 849/1145/280
f 340/1144/280 333/1142/280 848/1143/280
f 343/1146/282 849/1145/282 850/1147/282
f 343/1146/282 340/1144/282 849/1145/282
f 342/1148/283 850/1147/283 851/1149/283
f 342/1148/283 343/1146/283 850/1147/283
f 341/1150/284 851/1149/284 852/1151/284
f 341/1150/284 342/1148/284 851/1149/284
f 345/1152/285 852/1151/285 853/1153/285
f 345/1152/285 341/1150/285 852/1151/285
f 344/1154/286 853/1153/286 854/1155/286
f 344/1154/286 345/1152/286 853/1153/286
f 339/1156/287 854/1155/287 855/1157/287
f 339/1156/287 344/1154/287 854/1155/287
f 338/1158/291 855/1157/291 856/1159/291
f 338/1158/291 339/1156/291 855/1157/291
f 337/1160/288 856/1159/288 857/1161/288
f 337/1160/288 338/1158/288 856/1159/288
f 858/1162/293 337/1160/293 857/1161/293
f 858/1162/293 336/1163/293 337/1160/293
f 335/1164/290 858/1162/290 859/1165/290
f 335/1164/290 336/1163/290 858/1162/290
f 334/1166/295 859/1165/295 860/1167/295
f 334/1166/295 335/1164/295 859/1165/295
f 332/1168/292 860/1167/292 861/1169/292
f 332/1168/292 334/1166/292 860/1167/292
f 328/1170/297 861/1169/297 862/1171/297
f 328/1170/297 332/1168/297 861/1169/297
f 297/1172/294 862/1171/294 296/1173/294
f 297/1172/294 328/1170/294 862/1171/294
f 834/1174/48 819/1175/48 835/1176/48
f 818/1177/48 764/1178/48 761/1179/48
f 834/1174/48 818/1177/48 819/1175/48
f 831/1180/48 833/1181/48 832/1182/48
f 833/1181/48 818/1177/48 834/1174/48
f 833/1181/48 764/1178/48 818/1177/48
f 830/1183/48 833/1181/48 831/1180/48
f 828/1184/48 830/1183/48 829/1185/48
f 826/1186/48 828/1184/48 827/1187/48
f 824/1188/48 826/1186/48 825/1189/48
f 821/1190/48 823/1191/48 822/1192/48
f 823/1191/48 826/1186/48 824/1188/48
f 826/1186/48 830/1183/48 828/1184/48
f 830/1183/48 764/1178/48 833/1181/48
f 766/1193/48 770/1194/48 768/1195/48
f 830/1183/48 766/1193/48 764/1178/48
f 821/1190/48 826/1186/48 823/1191/48
f 347/1196/48 821/1190/48 346/1197/48
f 293/1198/48 347/1196/48 292/1199/48
f 813/1200/48 347/1196/48 293/1198/48
f 826/1186/48 766/1193/48 830/1183/48
f 770/1194/48 774/1201/48 772/1202/48
f 826/1186/48 770/1194/48 766/1193/48
f 813/1200/48 821/1190/48 347/1196/48
f 812/1203/48 821/1190/48 813/1200/48
f 826/1186/48 774/1201/48 770/1194/48
f 774/1201/48 778/1204/48 776/1205/48
f 780/1206/48 783/1207/48 782/1208/48
f 826/1186/48 778/1204/48 774/1201/48
f 826/1186/48 780/1206/48 778/1204/48
f 809/1209/48 821/1190/48 812/1203/48
f 805/1210/48 809/1209/48 808/1211/48
f 800/1212/48 804/1213/48 801/1214/48
f 804/1213/48 809/1209/48 805/1210/48
f 826/1186/48 783/1207/48 780/1206/48
f 826/1186/48 786/1215/48 783/1207/48
f 804/1213/48 821/1190/48 809/1209/48
f 800/1212/48 821/1190/48 804/1213/48
f 826/1186/48 788/1216/48 786/1215/48
f 790/1217/48 794/1218/48 792/1219/48
f 826/1186/48 790/1217/48 788/1216/48
f 798/1220/48 821/1190/48 800/1212/48
f 794/1218/48 798/1220/48 796/1221/48
f 826/1186/48 794/1218/48 790/1217/48
f 794/1218/48 821/1190/48 798/1220/48
f 794/1218/48 826/1186/48 821/1190/48
f 818/1080/314 762/1022/314 817/1081/314
f 818/1080/314 761/1020/314 762/1022/314
f 863/1222/315 865/1223/315 864/1224/315
f 863/1222/315 866/1225/315 865/1223/315
f 867/1226/316 866/1225/316 863/1222/316
f 867/1226/316 868/1227/316 866/1225/316
f 869/1228/317 868/1227/317 867/1226/317
f 869/1228/318 870/1229/318 868/1227/318
f 871/1230/319 870/1229/319 869/1228/319
f 871/1230/319 872/1231/319 870/1229/319
f 873/1232/320 872/1231/320 871/1230/320
f 873/1232/320 874/1233/320 872/1231/320
f 875/1234/321 874/1233/321 873/1232/321
f 875/1234/321 876/1235/321 874/1233/321
f 877/1236/322 876/1235/322 875/1234/322
f 877/1236/322 878/1237/322 876/1235/322
f 879/1238/323 878/1237/323 877/1236/323
f 879/1238/323 880/1239/323 878/1237/323
f 881/1240/324 880/1239/324 879/1238/324
f 881/1240/324 882/1241/324 880/1239/324
f 883/1242/325 882/1241/325 881/1240/325
f 883/1242/325 884/1243/325 882/1241/325
f 885/1244/326 884/1243/326 883/1242/326
f 885/1244/326 886/1245/326 884/1243/326
f 887/1246/327 886/1245/327 885/1244/327
f 887/1246/327 888/1247/327 886/1245/327
f 889/1248/328 888/1247/328 887/1246/328
f 889/1248/329 890/1249/329 888/1247/329
f 891/1250/330 890/1249/330 889/1248/330
f 891/1250/330 892/1251/330 890/1249/330
f 893/1252/331 892/1251/331 891/1250/331
f 893/1252/331 894/1253/331 892/1251/331
f 895/1254/332 894/1253/332 893/1252/332
f 895/1254/332 896/1255/332 894/1253/332
f 897/1256/333 896/1255/333 895/1254/333
f 897/1256/333 898/1257/333 896/1255/333
f 899/1258/334 898/1257/334 897/1256/334
f 899/1258/334 900/1259/334 898/1257/334
f 901/1260/335 900/1259/335 899/1258/335
f 901/1260/335 902/1261/335 900/1259/335
f 903/1262/336 902/1261/336 901/1260/336
f 903/1262/336 904/1263/336 902/1261/336
f 905/1264/337 904/1263/337 903/1262/337
f 905/1264/337 906/1265/337 904/1263/337
f 907/1266/338 906/1265/338 905/1264/338
f 907/1266/338 908/1267/338 906/1265/338
f 909/1268/339 908/1267/339 907/1266/339
f 909/1268/339 910/1269/339 908/1267/339
f 911/1270/340 910/1269/340 909/1268/340
f 911/1270/340 912/1271/340 910/1269/340
f 913/1272/341 912/1271/341 911/1270/341
f 913/1272/341 914/1273/341 912/1271/341
f 915/1274/342 914/1273/342 913/1272/342
f 915/1274/342 916/1275/342 914/1273/342
f 917/1276/343 916/1275/343 915/1274/343
f 917/1276/343 918/1277/343 916/1275/343
f 919/1278/344 918/1277/344 917/1276/344
f 919/1278/344 920/1279/344 918/1277/344
f 921/1280/345 920/1279/345 919/1278/345
f 921/1280/345 922/1281/345 920/1279/345
f 923/1282/346 922/1281/346 921/1280/346
f 923/1282/346 924/1283/346 922/1281/346
f 925/1284/347 924/1283/347 923/1282/347
f 925/1284/347 926/1285/347 924/1283/347
f 927/1286/348 926/1285/348 925/1284/348
f 927/1286/348 928/1287/348 926/1285/348
f 929/1288/349 928/1287/349 927/1286/349
f 929/1288/349 930/1289/349 928/1287/349
f 931/1290/350 933/1291/350 932/1292/350
f 931/1290/350 934/1293/350 933/1291/350
f 935/1294/351 937/1295/351 936/1296/351
f 938/1297/351 940/1298/351 939/1299/351
f 938/1297/351 941/1300/351 940/1298/351
f 935/1294/351 942/1301/351 937/1295/351
f 938/1297/352 935/1294/352 941/1300/352
f 935/1294/351 938/1297/351 942/1301/351
f 940/1298/353 943/1302/353 939/1299/353
f 940/1298/353 944/1303/353 943/1302/353
f 938/1297/354 945/1304/354 942/1301/354
f 938/1297/354 946/1305/354 945/1304/354
f 944/1303/355 947/1306/355 943/1302/355
f 944/1303/355 948/1307/355 947/1306/355
f 948/1307/356 949/1308/356 947/1306/356
f 948/1307/356 950/1309/356 949/1308/356
f 950/1309/357 951/1310/357 949/1308/357
f 950/1309/357 952/1311/357 951/1310/357
f 952/1311/358 953/1312/358 951/1310/358
f 952/1311/358 954/1313/358 953/1312/358
f 954/1313/359 955/1314/359 953/1312/359
f 954/1313/359 956/1315/359 955/1314/359
f 956/1315/360 957/1316/360 955/1314/360
f 956/1315/361 958/1317/361 957/1316/361
f 959/1318/362 961/1319/362 960/1320/362
f 959/1318/362 962/1321/362 961/1319/362
f 962/1321/363 963/1322/363 961/1319/363
f 962/1321/363 964/1323/363 963/1322/363
f 958/1317/364 960/1320/364 957/1316/364
f 958/1317/364 959/1318/364 960/1320/364
f 964/1323/365 965/1324/365 963/1322/365
f 964/1323/365 966/1325/365 965/1324/365
f 966/1325/366 967/1326/366 965/1324/366
f 966/1325/366 968/1327/366 967/1326/366
f 968/1327/367 969/1328/367 967/1326/367
f 968/1327/367 970/1329/367 969/1328/367
f 970/1329/368 971/1330/368 969/1328/368
f 970/1329/368 972/1331/368 971/1330/368
f 972/1331/369 973/1332/369 971/1330/369
f 972/1331/369 974/1333/369 973/1332/369
f 975/1334/370 977/1335/370 976/1336/370
f 975/1334/370 978/1337/370 977/1335/370
f 974/1333/371 979/1338/371 973/1332/371
f 974/1333/371 980/1339/371 979/1338/371
f 980/1339/372 981/1340/372 979/1338/372
f 980/1339/372 982/1341/372 981/1340/372
f 982/1341/373 983/1342/373 981/1340/373
f 982/1341/373 984/1343/373 983/1342/373
f 984/1343/374 985/1344/374 983/1342/374
f 984/1343/374 986/1345/374 985/1344/374
f 978/1337/375 987/1346/375 977/1335/375
f 978/1337/375 988/1347/375 987/1346/375
f 988/1347/376 989/1348/376 987/1346/376
f 988/1347/376 990/1349/376 989/1348/376
f 990/1349/377 991/1350/377 989/1348/377
f 990/1349/377 992/1351/377 991/1350/377
f 991/1350/378 994/1352/378 993/1353/378
f 991/1350/378 992/1351/378 994/1352/378
f 994/1352/379 389/410/379 993/1353/379
f 994/1352/379 388/408/379 389/410/379
f 986/1345/380 976/1336/380 985/1344/380
f 986/1345/380 975/1334/380 976/1336/380
f 995/1354/381 997/1355/381 996/1356/381
f 995/1354/381 998/1357/381 997/1355/381
f 393/413/379 999/1358/379 392/411/379
f 393/413/379 1000/1359/379 999/1358/379
f 1000/1359/378 1001/1360/378 999/1358/378
f 1000/1359/378 1002/1361/378 1001/1360/378
f 1002/1361/377 1003/1362/377 1001/1360/377
f 1002/1361/377 1004/1363/377 1003/1362/377
f 1004/1363/376 1005/1364/376 1003/1362/376
f 1004/1363/376 1006/1365/376 1005/1364/376
f 1006/1365/375 1007/1366/375 1005/1364/375
f 1006/1365/375 1008/1367/375 1007/1366/375
f 1008/1367/370 1009/1368/370 1007/1366/370
f 1008/1367/370 1010/1369/370 1009/1368/370
f 1010/1369/380 1011/1370/380 1009/1368/380
f 1010/1369/380 1012/1371/380 1011/1370/380
f 1012/1371/374 1013/1372/374 1011/1370/374
f 1012/1371/374 1014/1373/374 1013/1372/374
f 1014/1373/373 1015/1374/373 1013/1372/373
f 1014/1373/373 1016/1375/373 1015/1374/373
f 1016/1375/372 1017/1376/372 1015/1374/372
f 1016/1375/372 1018/1377/372 1017/1376/372
f 1018/1377/371 1019/1378/371 1017/1376/371
f 1018/1377/371 1020/1379/371 1019/1378/371
f 1020/1379/369 1021/1380/369 1019/1378/369
f 1020/1379/369 1022/1381/369 1021/1380/369
f 1022/1381/368 1023/1382/368 1021/1380/368
f 1022/1381/368 1024/1383/368 1023/1382/368
f 1024/1383/367 1025/1384/367 1023/1382/367
f 1024/1383/367 1026/1385/367 1025/1384/367
f 1026/1385/366 1027/1386/366 1025/1384/366
f 1026/1385/366 1028/1387/366 1027/1386/366
f 1028/1387/365 1029/1388/365 1027/1386/365
f 1028/1387/365 1030/1389/365 1029/1388/365
f 1030/1389/363 1031/1390/363 1029/1388/363
f 1030/1389/363 1032/1391/363 1031/1390/363
f 1032/1391/362 1033/1392/362 1031/1390/362
f 1032/1391/362 1034/1393/362 1033/1392/362
f 1034/1393/382 1035/1394/382 1033/1392/382
f 1034/1393/382 1036/1395/382 1035/1394/382
f 1036/1395/360 1037/1396/360 1035/1394/360
f 1036/1395/361 1038/1397/361 1037/1396/361
f 1038/1397/359 1039/1398/359 1037/1396/359
f 1038/1397/359 1040/1399/359 1039/1398/359
f 1040/1399/358 1041/1400/358 1039/1398/358
f 1040/1399/358 1042/1401/358 1041/1400/358
f 1042/1401/357 1043/1402/357 1041/1400/357
f 1042/1401/357 1044/1403/357 1043/1402/357
f 1044/1403/356 1045/1404/356 1043/1402/356
f 1044/1403/356 1046/1405/356 1045/1404/356
f 1046/1405/355 1047/1406/355 1045/1404/355
f 1046/1405/355 1048/1407/355 1047/1406/355
f 1048/1407/353 937/1295/353 1047/1406/353
f 1048/1407/353 936/1296/353 937/1295/353
f 935/1408/383 1049/1409/383 941/1115/383
f 935/1408/383 1050/1410/383 1049/1409/383
f 1051/1411/384 1049/1412/384 1050/1413/384
f 1051/1411/384 1052/1414/384 1049/1412/384
f 1053/1415/385 1052/1414/385 1051/1411/385
f 1053/1415/385 1054/1416/385 1052/1414/385
f 1055/1417/386 1054/1416/386 1053/1415/386
f 1055/1417/386 1056/1418/386 1054/1416/386
f 1057/1419/387 1056/1418/387 1055/1417/387
f 1057/1419/387 1058/1420/387 1056/1418/387
f 1059/1421/388 291/299/388 288/296/388
f 1059/1421/388 1060/1422/388 291/299/388
f 1061/1423/388 1060/1422/388 1059/1421/388
f 1061/1423/388 1062/1424/388 1060/1422/388
f 1063/1425/389 1062/1424/389 1061/1423/389
f 1063/1425/389 1064/1426/389 1062/1424/389
f 1065/1427/390 1063/1425/390 1066/1428/390
f 1065/1427/390 1064/1426/390 1063/1425/390
f 1067/1429/391 1065/1427/391 1066/1428/391
f 1067/1429/391 1068/1430/391 1065/1427/391
f 1069/1431/392 1068/1430/392 1067/1429/392
f 1069/1431/392 1070/1432/392 1068/1430/392
f 1071/1433/393 1070/1432/393 1069/1431/393
f 1071/1433/393 1072/1434/393 1070/1432/393
f 998/1357/394 1071/1433/394 997/1355/394
f 998/1357/394 1072/1434/394 1071/1433/394
f 1073/1435/395 1075/1436/395 1074/1437/395
f 1073/1435/395 1076/1438/395 1075/1436/395
f 1077/1439/396 1076/1438/396 1073/1435/396
f 1077/1439/396 1078/1440/396 1076/1438/396
f 1079/1441/397 1078/1440/397 1077/1439/397
f 1079/1441/397 1080/1442/397 1078/1440/397
f 1081/1443/398 1080/1442/398 1079/1441/398
f 1081/1443/398 1082/1444/398 1080/1442/398
f 1083/1445/399 1082/1444/399 1081/1443/399
f 1083/1445/399 1084/1446/399 1082/1444/399
f 864/1224/400 1084/1446/400 1083/1445/400
f 864/1224/400 865/1223/400 1084/1446/400
f 945/1304/401 934/1293/401 931/1290/401
f 945/1304/401 946/1305/401 934/1293/401
f 1085/1447/402 388/1448/402 1086/1449/402
f 1085/1447/402 393/1450/402 388/1448/402
f 1087/1451/403 1089/1452/403 1088/1453/403
f 1087/1451/403 1090/1454/403 1089/1452/403
f 1090/1454/404 1091/1455/404 1089/1452/404
f 1090/1454/404 1092/1456/404 1091/1455/404
f 1093/1457/405 1088/1453/405 1094/1458/405
f 1093/1457/405 1087/1451/405 1088/1453/405
f 1095/1459/406 1094/1458/406 1096/1460/406
f 1095/1459/406 1093/1457/406 1094/1458/406
f 1097/1461/407 1099/1462/407 1098/1463/407
f 1097/1461/408 1100/1464/408 1099/1462/408
f 1101/1465/409 1103/1466/409 1102/1467/409
f 1101/1465/409 1104/1468/409 1103/1466/409
f 1101/1465/404 1106/1469/404 1105/1470/404
f 1101/1465/404 1102/1467/404 1106/1469/404
f 1105/1470/410 1108/1471/410 1107/1472/410
f 1105/1470/410 1106/1469/410 1108/1471/410
f 1107/1472/411 1110/1473/411 1109/1474/411
f 1107/1472/411 1108/1471/411 1110/1473/411
f 1111/1475/412 1109/1476/412 1110/1477/412
f 1111/1475/412 1112/1478/412 1109/1476/412
f 1113/1479/413 1115/1480/413 1114/1481/413
f 1113/1479/413 1116/1482/413 1115/1480/413
f 1117/1483/414 1119/1484/414 1118/1485/414
f 1117/1483/414 1120/1486/414 1119/1484/414
f 1118/1485/415 1122/1487/415 1121/1488/415
f 1118/1485/415 1119/1484/415 1122/1487/415
f 1121/1488/416 1124/1489/416 1123/1490/416
f 1121/1488/416 1122/1487/416 1124/1489/416
f 1123/1490/417 1126/1491/417 1125/1492/417
f 1123/1490/417 1124/1489/417 1126/1491/417
f 1125/1492/418 1128/1493/418 1127/1494/418
f 1125/1492/418 1126/1491/418 1128/1493/418
f 1127/1494/419 1130/1495/419 1129/1496/419
f 1127/1494/419 1128/1493/419 1130/1495/419
f 1129/1496/420 1132/1497/420 1131/1498/420
f 1129/1496/420 1130/1495/420 1132/1497/420
f 1131/1498/421 1134/1499/421 1133/1500/421
f 1131/1498/421 1132/1497/421 1134/1499/421
f 1133/1500/422 1136/1501/422 1135/1502/422
f 1133/1500/422 1134/1499/422 1136/1501/422
f 1135/1502/423 1138/1503/423 1137/1504/423
f 1135/1502/423 1136/1501/423 1138/1503/423
f 1137/1504/424 1140/1505/424 1139/1506/424
f 1137/1504/424 1138/1503/424 1140/1505/424
f 1139/1506/425 1142/1507/425 1141/1508/425
f 1139/1506/425 1140/1505/425 1142/1507/425
f 1141/1508/426 1144/1509/426 1143/1510/426
f 1141/1508/426 1142/1507/426 1144/1509/426
f 1143/1510/427 1146/1511/427 1145/1512/427
f 1143/1510/428 1144/1509/428 1146/1511/428
f 1145/1512/429 1148/1513/429 1147/1514/429
f 1145/1512/429 1146/1511/429 1148/1513/429
f 1147/1515/430 1150/1516/430 1149/1517/430
f 1147/1515/430 1148/1518/430 1150/1516/430
f 1149/1519/431 1152/1520/431 1151/1521/431
f 1149/1519/431 1150/1522/431 1152/1520/431
f 1151/1521/432 1154/1523/432 1153/1524/432
f 1151/1521/432 1152/1520/432 1154/1523/432
f 1153/1524/433 1156/1525/433 1155/1526/433
f 1153/1524/433 1154/1523/433 1156/1525/433
f 1155/1526/434 1158/1527/434 1157/1528/434
f 1155/1526/434 1156/1525/434 1158/1527/434
f 1157/1528/435 1160/1529/435 1159/1530/435
f 1157/1528/435 1158/1527/435 1160/1529/435
f 1159/1530/436 1162/1531/436 1161/1532/436
f 1159/1530/436 1160/1529/436 1162/1531/436
f 1161/1532/437 1164/1533/437 1163/1534/437
f 1161/1532/437 1162/1531/437 1164/1533/437
f 1163/1534/438 1166/1535/438 1165/1536/438
f 1163/1534/438 1164/1533/438 1166/1535/438
f 1165/1536/439 1168/1537/439 1167/1538/439
f 1165/1536/439 1166/1535/439 1168/1537/439
f 1167/1538/440 1170/1539/440 1169/1540/440
f 1167/1538/440 1168/1537/440 1170/1539/440
f 1169/1540/441 1172/1541/441 1171/1542/441
f 1169/1540/441 1170/1539/441 1172/1541/441
f 1171/1542/442 1174/1543/442 1173/1544/442
f 1171/1542/442 1172/1541/442 1174/1543/442
f 383/400/443 1175/1545/443 382/398/443
f 383/400/443 1176/1546/443 1175/1545/443
f 1177/1547/444 1179/1548/444 1178/1549/444
f 1177/1547/444 1180/1550/444 1179/1548/444
f 1175/1545/445 1178/1549/445 1179/1548/445
f 1175/1545/445 1176/1546/445 1178/1549/445
f 1181/1551/446 1177/1552/446 1182/1553/446
f 1181/1551/446 1180/1554/446 1177/1552/446
f 1183/1555/447 1185/1556/447 1184/1557/447
f 1183/1555/448 1186/1558/448 1185/1556/448
f 1187/1559/449 1183/1555/449 1188/1560/449
f 1187/1559/449 1186/1558/449 1183/1555/449
f 1185/1561/450 1182/1562/450 1184/1563/450
f 1185/1561/450 1181/1564/450 1182/1562/450
f 1189/1565/451 1188/1560/451 1190/1566/451
f 1189/1565/451 1187/1559/451 1188/1560/451
f 1191/1567/452 1190/1566/452 1192/1568/452
f 1191/1567/452 1189/1565/452 1190/1566/452
f 1193/1569/453 1191/1567/453 1192/1568/453
f 1193/1569/453 1194/1570/453 1191/1567/453
f 1195/1571/454 1197/1572/454 1196/1573/454
f 1195/1571/454 1198/1574/454 1197/1572/454
f 1199/1575/455 1201/1576/455 1200/1577/455
f 1199/1575/455 1202/1578/455 1201/1576/455
f 1198/1574/456 1193/1569/456 1197/1572/456
f 1198/1574/456 1194/1570/456 1193/1569/456
f 1203/1579/457 1205/1580/457 1204/1581/457
f 1203/1579/457 1206/1582/457 1205/1580/457
f 1201/1576/458 1196/1573/458 1200/1577/458
f 1201/1576/459 1195/1571/459 1196/1573/459
f 1207/1583/460 1199/1575/460 1208/1584/460
f 1207/1583/460 1202/1578/460 1199/1575/460
f 1209/1585/405 1211/1586/405 1210/1587/405
f 1209/1585/405 1212/1588/405 1211/1586/405
f 1206/1582/461 1213/1589/461 1205/1580/461
f 1206/1582/461 1214/1590/461 1213/1589/461
f 1215/1591/403 1209/1585/403 1216/1592/403
f 1215/1591/403 1212/1588/403 1209/1585/403
f 1211/1586/406 1204/1581/406 1210/1587/406
f 1211/1586/406 1203/1579/406 1204/1581/406
f 1217/1593/404 1216/1592/404 1218/1594/404
f 1217/1593/404 1215/1591/404 1216/1592/404
f 1115/1480/462 1217/1593/462 1218/1594/462
f 1115/1480/462 1111/1595/462 1217/1593/462
f 1092/1456/462 1116/1482/462 1091/1455/462
f 1115/1480/462 1112/1596/462 1111/1595/462
f 1112/1596/462 1116/1482/462 1092/1456/462
f 1115/1480/462 1116/1482/462 1112/1596/462
f 1214/1590/463 1208/1584/463 1213/1589/463
f 1214/1590/463 1207/1583/463 1208/1584/463
f 1219/1597/464 1221/1598/464 1220/1599/464
f 1219/1597/464 1222/1600/464 1221/1598/464
f 1221/1598/465 1223/1601/465 1220/1599/465
f 1221/1598/465 1224/1602/465 1223/1601/465
f 1223/1601/466 1226/1603/466 1225/1604/466
f 1223/1601/466 1224/1602/466 1226/1603/466
f 1225/1604/467 1228/1605/467 1227/1606/467
f 1225/1604/467 1226/1603/467 1228/1605/467
f 1229/1607/468 1231/1608/468 1230/1609/468
f 1229/1607/468 1232/1610/468 1231/1608/468
f 1228/1605/468 1233/1611/468 1227/1606/468
f 1228/1605/468 1234/1612/468 1233/1611/468
f 1230/1609/469 1098/1463/469 1099/1462/469
f 1230/1609/469 1231/1608/469 1098/1463/469
f 380/395/443 1235/1613/443 379/396/443
f 380/395/443 1236/1614/443 1235/1613/443
f 1236/1614/445 1237/1615/445 1235/1613/445
f 1236/1614/445 1238/1616/445 1237/1615/445
f 1238/1616/444 1239/1617/444 1237/1615/444
f 1238/1616/444 1240/1618/444 1239/1617/444
f 1240/1619/446 1241/1620/446 1239/1621/446
f 1240/1619/446 1242/1622/446 1241/1620/446
f 1242/1623/450 1243/1624/450 1241/1625/450
f 1242/1623/450 1244/1626/450 1243/1624/450
f 1244/1627/448 1245/1628/448 1243/1629/448
f 1244/1627/447 1246/1630/447 1245/1628/447
f 1246/1630/449 1247/1631/449 1245/1628/449
f 1246/1630/449 1248/1632/449 1247/1631/449
f 1248/1632/451 1249/1633/451 1247/1631/451
f 1248/1632/451 1250/1634/451 1249/1633/451
f 1250/1634/452 1251/1635/452 1249/1633/452
f 1250/1634/452 1252/1636/452 1251/1635/452
f 1252/1636/453 1253/1637/453 1251/1635/453
f 1252/1636/453 1254/1638/453 1253/1637/453
f 1254/1638/456 1255/1639/456 1253/1637/456
f 1254/1638/470 1256/1640/470 1255/1639/470
f 1256/1640/454 1257/1641/454 1255/1639/454
f 1256/1640/454 1258/1642/454 1257/1641/454
f 1258/1642/458 1259/1643/458 1257/1641/458
f 1258/1642/459 1260/1644/459 1259/1643/459
f 1260/1644/455 1261/1645/455 1259/1643/455
f 1260/1644/471 1262/1646/471 1261/1645/471
f 1262/1646/460 1263/1647/460 1261/1645/460
f 1262/1646/472 1264/1648/472 1263/1647/472
f 1264/1648/463 1265/1649/463 1263/1647/463
f 1264/1648/463 1266/1650/463 1265/1649/463
f 1266/1650/461 1267/1651/461 1265/1649/461
f 1266/1650/461 1268/1652/461 1267/1651/461
f 1268/1652/457 1096/1460/457 1267/1651/457
f 1268/1652/457 1095/1459/457 1096/1460/457
f 1269/592/473 1271/1653/473 1270/1654/473
f 1269/592/473 1272/1655/473 1271/1653/473
f 1173/1544/474 377/393/474 376/392/474
f 1173/1544/474 1174/1543/474 377/393/474
f 1074/1656/475 387/407/475 386/406/475
f 1074/1656/475 1075/1657/475 387/407/475
f 187/1658/476 138/1659/476 139/1660/476
f 187/1658/476 188/1661/476 138/1659/476
f 186/1552/477 139/1662/477 140/1663/477
f 186/1552/477 187/1664/477 139/1662/477
f 88/88/478 83/84/478 84/83/478
f 88/88/478 85/85/478 83/84/478
f 69/69/479 68/67/479 72/72/479
f 69/69/479 67/68/479 68/67/479
f 57/1665/480 1273/1666/480 61/1667/480
f 57/1665/480 1274/1668/480 1273/1666/480
f 1274/1668/481 1275/1669/481 1273/1666/481
f 1274/1668/481 1276/1670/481 1275/1669/481
f 1276/1670/482 1277/1671/482 1275/1669/482
f 1276/1670/482 1278/1672/482 1277/1671/482
f 1278/1673/483 63/63/483 1277/1674/483
f 1278/1673/483 66/66/483 63/63/483
f 442/1675/484 1279/1676/484 443/1677/484
f 442/1675/484 1280/1678/484 1279/1676/484
f 1280/1678/485 1281/1679/485 1279/1676/485
f 1280/1678/485 1282/1680/485 1281/1679/485
f 1282/1680/486 1283/1681/486 1281/1679/486
f 1282/1680/486 1284/1682/486 1283/1681/486
f 1284/1683/487 444/1684/487 1283/1685/487
f 1284/1683/487 447/1686/487 444/1684/487
f 1114/1481/488 1285/1687/488 1113/1479/488
f 1114/1481/488 1286/1688/488 1285/1687/488
f 1286/1688/489 1287/1689/489 1285/1687/489
f 1286/1688/489 1288/1690/489 1287/1689/489
f 1288/1690/490 1289/1691/490 1287/1689/490
f 1288/1690/491 1290/1692/491 1289/1691/491
f 1290/1693/492 1117/1694/492 1289/1695/492
f 1290/1693/493 1120/1696/493 1117/1694/493
f 759/1697/494 1291/1698/494 760/1699/494
f 759/1697/494 1292/1700/494 1291/1698/494
f 1292/1701/495 1293/1702/495 1291/1703/495
f 1292/1701/495 1294/1704/495 1293/1702/495
f 1294/1704/496 1295/1705/496 1293/1702/496
f 1294/1704/496 1296/1706/496 1295/1705/496
f 1296/1706/497 816/1079/497 1295/1705/497
f 1296/1706/497 820/1083/497 816/1079/497
f 600/1707/498 1297/1708/498 603/1709/498
f 600/1707/498 1298/1710/498 1297/1708/498
f 1298/1711/499 1299/1712/499 1297/1713/499
f 1298/1711/499 1300/1714/499 1299/1712/499
f 1300/1714/500 1301/1715/500 1299/1712/500
f 1300/1714/500 1302/1716/500 1301/1715/500
f 1302/1716/501 597/799/501 1301/1715/501
f 1302/1716/501 596/797/501 597/799/501
f 929/1717/502 1303/1718/502 930/1719/502
f 929/1717/502 1304/1720/502 1303/1718/502
f 1304/1720/503 1305/1721/503 1303/1718/503
f 1304/1720/503 1306/1722/503 1305/1721/503
f 1306/1722/504 1307/1723/504 1305/1721/504
f 1306/1722/504 1308/1724/504 1307/1723/504
f 1308/1725/505 933/1291/505 1307/1726/505
f 1308/1725/505 932/1292/505 933/1291/505
f 1052/1727/48 941/1728/48 1049/1729/48
f 1052/1727/48 940/1730/48 941/1728/48
f 1056/1731/48 1052/1727/48 1054/1732/48
f 1309/1733/48 1056/1731/48 1058/1734/48
f 1310/1735/48 1309/1733/48 1311/1736/48
f 1312/1737/48 1314/1738/48 1313/1739/48
f 1310/1735/48 1056/1731/48 1309/1733/48
f 1312/1737/48 1310/1735/48 1314/1738/48
f 291/1740/506 1312/1741/506 290/1742/506
f 1062/1743/48 291/1744/48 1060/1745/48
f 1065/1746/48 1062/1743/48 1064/1747/48
f 1072/1748/48 1068/1749/48 1070/1750/48
f 1068/1749/48 1062/1743/48 1065/1746/48
f 1062/1743/48 1312/1737/48 291/1744/48
f 1310/1735/48 1052/1727/48 1056/1731/48
f 1062/1743/48 1310/1735/48 1312/1737/48
f 1072/1748/48 1062/1743/48 1068/1749/48
f 995/1751/48 1072/1748/48 998/1752/48
f 1086/1753/48 995/1751/48 1315/1754/48
f 994/1755/48 1086/1753/48 388/1756/48
f 992/1757/48 1086/1753/48 994/1755/48
f 1086/1753/48 1072/1748/48 995/1751/48
f 1062/1743/48 1052/1727/48 1310/1735/48
f 1052/1727/48 944/1758/48 940/1730/48
f 944/1758/48 950/1759/48 948/1760/48
f 1052/1727/48 950/1759/48 944/1758/48
f 992/1757/48 1072/1748/48 1086/1753/48
f 990/1761/48 1072/1748/48 992/1757/48
f 1062/1743/48 950/1759/48 1052/1727/48
f 1062/1743/48 952/1762/48 950/1759/48
f 988/1763/48 1072/1748/48 990/1761/48
f 975/1764/48 988/1763/48 978/1765/48
f 975/1764/48 1072/1748/48 988/1763/48
f 1062/1743/48 954/1766/48 952/1762/48
f 956/1767/48 959/1768/48 958/1769/48
f 975/1764/48 1062/1743/48 1072/1748/48
f 986/1770/49 1062/1743/49 975/1764/49
f 954/1766/48 959/1768/48 956/1767/48
f 954/1766/48 962/1771/48 959/1768/48
f 984/1772/48 1062/1743/48 986/1770/48
f 980/1773/48 984/1772/48 982/1774/48
f 980/1773/48 1062/1743/48 984/1772/48
f 1062/1743/507 962/1771/507 954/1766/507
f 964/1775/48 968/1776/48 966/1777/48
f 1062/1743/48 964/1775/48 962/1771/48
f 974/1778/48 1062/1743/48 980/1773/48
f 972/1779/48 1062/1743/48 974/1778/48
f 1062/1743/48 968/1776/48 964/1775/48
f 970/1780/48 1062/1743/48 972/1779/48
f 968/1776/48 1062/1743/48 970/1780/48
f 1071/1781/45 996/1782/45 997/1783/45
f 996/1782/45 1085/1784/45 1316/1785/45
f 1085/1784/45 1000/1786/45 393/1787/45
f 1085/1784/45 1002/1788/45 1000/1786/45
f 1071/1781/45 1085/1784/45 996/1782/45
f 1067/1789/45 1071/1781/45 1069/1790/45
f 1063/1791/45 1067/1789/45 1066/1792/45
f 1059/1793/45 1063/1791/45 1061/1743/45
f 289/1794/45 1059/1793/45 288/1795/45
f 1317/1796/45 1319/1797/45 1318/1798/45
f 1319/1797/45 1059/1793/45 289/1794/45
f 1063/1791/45 1071/1781/45 1067/1789/45
f 1071/1781/45 1002/1788/45 1085/1784/45
f 1071/1781/45 1004/1799/45 1002/1788/45
f 1319/1797/45 1063/1791/45 1059/1793/45
f 1320/1800/45 1319/1797/45 1317/1796/45
f 1321/1801/45 1320/1800/45 1322/1802/45
f 1055/1803/45 1321/1801/45 1057/1804/45
f 1051/1805/45 1055/1803/45 1053/1806/45
f 935/1807/45 1051/1805/45 1050/1808/45
f 936/1809/45 1051/1805/45 935/1807/45
f 1051/1805/45 1321/1801/45 1055/1803/45
f 1320/1800/45 1063/1791/45 1319/1797/45
f 1051/1805/45 1320/1800/45 1321/1801/45
f 1048/1810/45 1051/1805/45 936/1809/45
f 1044/1811/45 1048/1810/45 1046/1812/45
f 1044/1811/45 1051/1805/45 1048/1810/45
f 1071/1781/45 1006/1813/45 1004/1799/45
f 1006/1813/45 1010/1814/45 1008/1815/45
f 1071/1781/45 1010/1814/45 1006/1813/45
f 1044/1811/45 1320/1800/45 1051/1805/45
f 1042/1816/45 1320/1800/45 1044/1811/45
f 1063/1791/45 1010/1814/45 1071/1781/45
f 1063/1791/45 1012/1817/45 1010/1814/45
f 1040/1818/45 1320/1800/45 1042/1816/45
f 1034/1819/45 1038/1820/45 1036/1821/45
f 1038/1820/45 1320/1800/45 1040/1818/45
f 1063/1791/45 1014/1822/45 1012/1817/45
f 1014/1822/45 1018/1823/45 1016/1824/45
f 1063/1791/45 1018/1823/45 1014/1822/45
f 1034/1819/45 1320/1800/45 1038/1820/45
f 1032/1825/45 1320/1800/45 1034/1819/45
f 1063/1791/45 1020/1826/45 1018/1823/45
f 1063/1791/45 1022/1827/45 1020/1826/45
f 1030/1828/45 1320/1800/45 1032/1825/45
f 1026/1829/45 1030/1828/45 1028/1830/45
f 1063/1791/45 1024/1831/45 1022/1827/45
f 1026/1829/45 1320/1800/45 1030/1828/45
f 1063/1791/45 1026/1829/45 1024/1831/45
f 1026/1829/45 1063/1791/45 1320/1800/45
f 1321/1832/508 1058/1420/508 1057/1419/508
f 1321/1832/508 1309/1833/508 1058/1420/508
f 1259/1834/48 1255/1835/48 1257/1836/48
f 1096/1837/48 1265/1838/48 1267/1839/48
f 1249/1840/48 1245/1841/48 1247/1842/48
f 1243/1843/48 1239/1844/48 1241/1845/48
f 1235/1846/48 378/1847/48 379/1848/48
f 1235/1846/48 386/1849/48 378/1847/48
f 1237/1850/48 386/1849/48 1235/1846/48
f 1074/1851/48 1077/1852/48 1073/1853/48
f 1237/1850/48 1074/1851/48 386/1849/48
f 1239/1844/48 1074/1851/48 1237/1850/48
f 1074/1851/48 1079/1854/48 1077/1852/48
f 1079/1854/48 1083/1855/48 1081/1856/48
f 1083/1855/509 863/1857/509 864/1858/509
f 867/1859/48 871/1860/48 869/1861/48
f 1083/1855/48 867/1859/48 863/1857/48
f 1074/1851/48 1083/1855/48 1079/1854/48
f 1243/1843/510 1074/1851/510 1239/1844/510
f 1074/1851/48 867/1859/48 1083/1855/48
f 867/1859/48 873/1862/48 871/1860/48
f 867/1859/48 875/1863/48 873/1862/48
f 1074/1851/48 875/1863/48 867/1859/48
f 1113/1864/48 1091/1865/48 1116/1866/48
f 1287/1867/48 1113/1864/48 1285/1868/48
f 1117/1869/48 1287/1867/48 1289/1870/48
f 1123/1871/49 1118/1872/49 1121/1873/49
f 1118/1872/48 1287/1867/48 1117/1869/48
f 1287/1867/48 1091/1865/48 1113/1864/48
f 1287/1867/48 1089/1874/48 1091/1865/48
f 1123/1871/48 1287/1867/48 1118/1872/48
f 1127/1875/48 1123/1871/48 1125/1876/48
f 1131/1877/48 1127/1875/48 1129/1878/48
f 1133/1879/48 1127/1875/48 1131/1877/48
f 1127/1875/48 1287/1867/48 1123/1871/48
f 1287/1867/48 1088/1880/48 1089/1874/48
f 1287/1867/48 1094/1881/48 1088/1880/48
f 1133/1879/48 1287/1867/48 1127/1875/48
f 1135/1882/48 1287/1867/48 1133/1879/48
f 1287/1867/48 1096/1837/48 1094/1881/48
f 1287/1867/48 1265/1838/48 1096/1837/48
f 1135/1882/48 1265/1838/48 1287/1867/48
f 1135/1882/48 1263/1883/48 1265/1838/48
f 1141/1884/48 1137/1885/48 1139/1886/48
f 1137/1885/48 1263/1883/48 1135/1882/48
f 1137/1885/48 1261/1887/48 1263/1883/48
f 1141/1884/48 1261/1887/48 1137/1885/48
f 1141/1884/48 1259/1834/48 1261/1887/48
f 1143/1888/48 1259/1834/48 1141/1884/48
f 1143/1888/48 1255/1835/48 1259/1834/48
f 1149/1889/48 1145/1890/48 1147/1891/48
f 1145/1890/48 1255/1835/48 1143/1888/48
f 1145/1890/48 1253/1892/48 1255/1835/48
f 1151/1893/48 1145/1890/48 1149/1889/48
f 1153/1894/48 1145/1890/48 1151/1893/48
f 1145/1890/48 1251/1895/48 1253/1892/48
f 1145/1890/48 1249/1840/48 1251/1895/48
f 1155/1896/48 1145/1890/48 1153/1894/48
f 1161/1897/48 1157/1898/48 1159/1899/48
f 1157/1898/48 1145/1890/48 1155/1896/48
f 1145/1890/48 1245/1841/48 1249/1840/48
f 1145/1890/48 1243/1843/48 1245/1841/48
f 1163/1900/48 1157/1898/48 1161/1897/48
f 1157/1898/48 1243/1843/48 1145/1890/48
f 1157/1898/48 1074/1851/48 1243/1843/48
f 1165/1901/48 1157/1898/48 1163/1900/48
f 1169/1902/48 1165/1901/48 1167/1903/48
f 1173/1904/48 1169/1902/48 1171/1905/48
f 374/1906/48 1173/1904/48 376/1907/48
f 370/1908/48 374/1906/48 372/1909/48
f 364/1910/48 370/1908/48 368/1911/48
f 1323/1912/48 364/1910/48 365/1913/48
f 351/1914/48 364/1910/48 1323/1912/48
f 364/1910/48 374/1906/48 370/1908/48
f 374/1906/48 1169/1902/48 1173/1904/48
f 1169/1902/48 1157/1898/48 1165/1901/48
f 1169/1902/48 1074/1851/48 1157/1898/48
f 364/1910/48 1169/1902/48 374/1906/48
f 348/1915/48 364/1910/48 351/1914/48
f 353/1916/48 364/1910/48 348/1915/48
f 364/1910/48 1074/1851/48 1169/1902/48
f 364/1910/48 875/1863/48 1074/1851/48
f 354/1917/48 364/1910/48 353/1916/48
f 356/1918/48 364/1910/48 354/1917/48
f 364/1910/48 877/1919/48 875/1863/48
f 364/1910/48 879/1920/48 877/1919/48
f 358/1921/48 364/1910/48 356/1918/48
f 360/1922/48 364/1910/48 358/1921/48
f 361/1923/48 364/1910/48 360/1922/48
f 883/1924/48 887/1925/48 885/1926/48
f 883/1924/48 889/1927/48 887/1925/48
f 881/1928/48 889/1927/48 883/1924/48
f 891/1929/48 895/1930/48 893/1931/48
f 881/1928/48 891/1929/48 889/1927/48
f 879/1920/48 891/1929/48 881/1928/48
f 895/1930/48 899/1932/48 897/1933/48
f 879/1920/48 895/1930/48 891/1929/48
f 1324/1934/48 407/1935/48 1325/1936/48
f 1326/1937/48 1324/1934/48 1327/1938/48
f 1328/1939/48 1326/1937/48 1329/1940/48
f 20/1941/48 1326/1937/48 1328/1939/48
f 1326/1937/48 407/1935/48 1324/1934/48
f 1326/1937/48 406/1942/48 407/1935/48
f 1326/1937/48 408/1943/48 406/1942/48
f 1326/1937/48 403/1944/48 408/1943/48
f 20/1941/48 403/1944/48 1326/1937/48
f 20/1941/48 402/1945/48 403/1944/48
f 14/1946/48 18/1947/48 16/1948/48
f 20/1941/48 411/1949/48 402/1945/48
f 20/1941/48 398/1950/48 411/1949/48
f 20/1941/48 361/1923/48 398/1950/48
f 20/1941/48 364/1910/48 361/1923/48
f 364/1910/48 895/1930/48 879/1920/48
f 895/1930/48 901/1951/48 899/1932/48
f 901/1951/511 905/1952/511 903/1953/511
f 905/1952/512 909/1954/512 907/1955/512
f 905/1952/48 911/1956/48 909/1954/48
f 364/1910/48 901/1951/48 895/1930/48
f 901/1951/48 911/1956/48 905/1952/48
f 913/1957/48 917/1958/48 915/1959/48
f 901/1951/48 913/1957/48 911/1956/48
f 10/1960/48 14/1946/48 12/1961/48
f 2/1962/48 10/1960/48 8/1963/48
f 5/1964/48 2/1962/48 3/1965/48
f 108/1966/513 112/1967/513 110/1968/513
f 112/1967/48 2/1962/48 5/1964/48
f 108/1966/48 2/1962/48 112/1967/48
f 102/1969/48 106/1970/48 104/1971/48
f 106/1970/48 2/1962/48 108/1966/48
f 61/1972/48 98/1973/48 60/1974/48
f 1275/1975/48 61/1972/48 1273/1976/48
f 63/1977/48 1275/1975/48 1277/1978/48
f 67/1979/48 63/1977/48 64/1980/48
f 70/1981/48 67/1979/48 69/1982/48
f 75/1983/48 70/1981/48 73/1984/48
f 77/1985/48 70/1981/48 75/1983/48
f 67/1979/48 1275/1975/48 63/1977/48
f 77/1985/48 67/1979/48 70/1981/48
f 79/1986/48 67/1979/48 77/1985/48
f 67/1979/48 61/1972/48 1275/1975/48
f 61/1972/48 100/1987/48 98/1973/48
f 67/1979/48 100/1987/48 61/1972/48
f 79/1986/48 100/1987/48 67/1979/48
f 79/1986/48 102/1969/48 100/1987/48
f 85/1988/48 81/1989/48 83/1990/48
f 81/1989/48 102/1969/48 79/1986/48
f 81/1989/48 106/1970/48 102/1969/48
f 86/1991/48 81/1989/48 85/1988/48
f 91/1992/48 86/1991/48 89/1993/48
f 93/1994/48 86/1991/48 91/1992/48
f 86/1991/48 106/1970/48 81/1989/48
f 86/1991/48 2/1962/48 106/1970/48
f 93/1994/48 2/1962/48 86/1991/48
f 93/1994/48 10/1960/48 2/1962/48
f 95/1995/48 10/1960/48 93/1994/48
f 95/1995/48 14/1946/48 10/1960/48
f 95/1995/48 18/1947/48 14/1946/48
f 901/1951/48 917/1958/48 913/1957/48
f 919/1996/48 923/1997/48 921/1998/48
f 901/1951/48 919/1996/48 917/1958/48
f 95/1995/48 20/1941/48 18/1947/48
f 95/1995/48 364/1910/48 20/1941/48
f 901/1951/48 923/1997/48 919/1996/48
f 925/1999/48 929/2000/48 927/2001/48
f 901/1951/48 925/1999/48 923/1997/48
f 397/2002/48 364/1910/48 95/1995/48
f 901/1951/48 929/2000/48 925/1999/48
f 929/2000/48 1306/2003/48 1304/2004/48
f 1306/2003/48 932/2005/48 1308/2006/48
f 931/2007/48 942/2008/48 945/2009/48
f 1306/2003/48 931/2007/48 932/2005/48
f 901/1951/48 1306/2003/48 929/2000/48
f 500/2010/48 498/2011/48 499/2012/48
f 502/2013/48 500/2010/48 501/2014/48
f 504/2015/49 502/2013/49 503/2016/49
f 506/2017/48 504/2015/48 505/2018/48
f 508/2019/48 506/2017/48 507/2020/48
f 509/2021/48 506/2017/48 508/2019/48
f 506/2017/514 502/2013/514 504/2015/514
f 510/2022/48 506/2017/48 509/2021/48
f 512/2023/48 510/2022/48 511/2024/48
f 513/2025/48 510/2022/48 512/2023/48
f 513/2025/48 506/2017/48 510/2022/48
f 901/1951/48 931/2007/48 1306/2003/48
f 931/2007/48 937/2026/48 942/2008/48
f 1047/2027/48 1043/2028/48 1045/2029/48
f 931/2007/48 1047/2027/48 937/2026/48
f 517/2030/48 515/2031/48 516/2032/48
f 520/2033/48 518/2034/48 519/2035/48
f 518/2034/48 515/2031/48 517/2030/48
f 518/2034/48 514/2036/48 515/2031/48
f 521/2037/48 518/2034/48 520/2033/48
f 1279/2038/48 441/2039/48 443/2040/48
f 441/2039/514 518/2034/514 521/2037/514
f 518/2034/48 513/2025/48 514/2036/48
f 1279/2038/48 518/2034/48 441/2039/48
f 1283/2041/48 1279/2038/48 1281/2042/48
f 445/2043/48 1283/2041/48 444/2044/48
f 450/2045/515 445/2043/515 448/2046/515
f 454/2047/48 450/2045/48 452/2048/48
f 456/2049/48 450/2045/48 454/2047/48
f 450/2045/48 1283/2041/48 445/2043/48
f 1283/2041/48 518/2034/48 1279/2038/48
f 1283/2041/48 513/2025/48 518/2034/48
f 456/2049/48 1283/2041/48 450/2045/48
f 462/2050/48 458/2051/48 460/2052/48
f 458/2051/48 1283/2041/48 456/2049/48
f 1283/2041/48 506/2017/48 513/2025/48
f 458/2051/48 506/2017/48 1283/2041/48
f 464/2053/48 458/2051/48 462/2050/48
f 468/2054/48 464/2053/48 466/2055/48
f 474/2056/48 470/2057/48 472/2058/48
f 470/2057/48 464/2053/48 468/2054/48
f 464/2053/48 506/2017/48 458/2051/48
f 470/2057/48 506/2017/48 464/2053/48
f 478/2059/48 474/2056/48 476/2060/48
f 474/2056/48 506/2017/48 470/2057/48
f 474/2056/48 502/2013/48 506/2017/48
f 480/2061/48 474/2056/48 478/2059/48
f 486/2062/48 482/2063/48 484/2064/48
f 482/2063/48 474/2056/48 480/2061/48
f 474/2056/48 500/2010/48 502/2013/48
f 474/2056/48 498/2011/48 500/2010/48
f 486/2062/48 474/2056/48 482/2063/48
f 488/2065/48 474/2056/48 486/2062/48
f 474/2056/48 497/2066/48 498/2011/48
f 488/2065/48 497/2066/48 474/2056/48
f 494/2067/48 490/2068/48 492/2069/48
f 490/2068/48 497/2066/48 488/2065/48
f 490/2068/48 496/2070/48 497/2066/48
f 236/2071/48 490/2068/48 494/2067/48
f 236/2071/48 496/2070/48 490/2068/48
f 901/1951/48 1047/2027/48 931/2007/48
f 901/1951/48 1043/2028/48 1047/2027/48
f 236/2071/48 397/2002/48 496/2070/48
f 236/2071/48 364/1910/48 397/2002/48
f 901/1951/48 1041/2072/48 1043/2028/48
f 901/1951/48 1039/2073/48 1041/2072/48
f 237/2074/48 364/1910/48 236/2071/48
f 901/1951/48 1037/2075/48 1039/2073/48
f 1037/2075/48 1033/2076/48 1035/2077/48
f 1037/2075/48 1031/2078/48 1033/2076/48
f 536/2079/48 532/2080/48 534/2081/48
f 540/2082/48 536/2079/48 538/2083/48
f 542/2084/48 536/2079/48 540/2082/48
f 550/2085/48 546/2086/48 548/2087/48
f 556/2088/48 552/2089/48 554/2090/48
f 552/2089/48 546/2086/48 550/2085/48
f 560/2091/48 556/2088/48 558/2092/48
f 562/2093/48 556/2088/48 560/2091/48
f 595/2094/48 568/2095/48 570/2096/48
f 1302/2097/48 595/2094/48 596/2098/48
f 1298/2099/48 1302/2097/48 1300/2100/48
f 601/2101/48 1298/2099/48 600/2102/48
f 608/2103/48 604/2104/48 606/2105/48
f 604/2104/48 1298/2099/48 601/2101/48
f 1298/2099/48 595/2094/48 1302/2097/48
f 1298/2099/48 568/2095/48 595/2094/48
f 608/2103/48 1298/2099/48 604/2104/48
f 614/2106/48 610/2107/48 612/2108/48
f 610/2107/48 1298/2099/48 608/2103/48
f 1298/2099/48 566/2109/48 568/2095/48
f 1298/2099/48 564/2110/48 566/2109/48
f 614/2106/48 1298/2099/48 610/2107/48
f 618/2111/48 614/2106/48 616/2112/48
f 622/2113/48 618/2111/48 620/2114/48
f 626/2115/48 622/2113/48 624/2116/48
f 632/2117/48 628/2118/48 630/2119/48
f 628/2118/48 622/2113/48 626/2115/48
f 618/2111/48 1298/2099/48 614/2106/48
f 628/2118/48 618/2111/48 622/2113/48
f 632/2117/48 618/2111/48 628/2118/48
f 618/2111/48 564/2110/48 1298/2099/48
f 618/2111/48 562/2093/48 564/2110/48
f 634/2120/48 618/2111/48 632/2117/48
f 638/2121/48 634/2120/48 636/2122/48
f 640/2123/48 634/2120/48 638/2121/48
f 634/2120/48 562/2093/48 618/2111/48
f 634/2120/48 556/2088/48 562/2093/48
f 642/2124/48 634/2120/48 640/2123/48
f 646/2125/48 642/2124/48 644/2126/48
f 650/2127/48 646/2125/48 648/2128/48
f 650/2127/48 642/2124/48 646/2125/48
f 642/2124/48 556/2088/48 634/2120/48
f 642/2124/48 552/2089/48 556/2088/48
f 652/2129/48 642/2124/48 650/2127/48
f 658/2130/48 654/2131/48 656/2132/48
f 654/2131/48 642/2124/48 652/2129/48
f 642/2124/48 546/2086/48 552/2089/48
f 642/2124/48 544/2133/48 546/2086/48
f 658/2130/48 642/2124/48 654/2131/48
f 664/2134/516 660/2135/516 662/2136/516
f 660/2135/48 642/2124/48 658/2130/48
f 642/2124/48 542/2084/48 544/2133/48
f 642/2124/48 536/2079/48 542/2084/48
f 664/2134/48 642/2124/48 660/2135/48
f 668/2137/517 664/2134/517 666/2138/517
f 672/2139/514 668/2137/514 670/2140/514
f 676/2141/48 672/2139/48 674/2142/48
f 295/2143/48 672/2139/48 676/2141/48
f 668/2137/48 642/2124/48 664/2134/48
f 295/2143/48 668/2137/48 672/2139/48
f 295/2143/48 642/2124/48 668/2137/48
f 642/2124/48 532/2080/48 536/2079/48
f 642/2124/48 530/2144/48 532/2080/48
f 295/2143/48 530/2144/48 642/2124/48
f 295/2143/48 528/2145/48 530/2144/48
f 295/2143/48 526/2146/48 528/2145/48
f 295/2143/48 524/2147/48 526/2146/48
f 295/2143/48 522/2148/48 524/2147/48
f 901/1951/48 1031/2078/48 1037/2075/48
f 1029/2149/514 1025/2150/514 1027/2151/514
f 901/1951/48 1029/2149/48 1031/2078/48
f 295/2143/48 237/2074/48 522/2148/48
f 295/2143/48 364/1910/48 237/2074/48
f 901/1951/48 1025/2150/48 1029/2149/48
f 901/1951/48 1023/2152/48 1025/2150/48
f 296/2153/48 364/1910/48 295/2143/48
f 862/2154/48 364/1910/48 296/2153/48
f 364/1910/48 1023/2152/48 901/1951/48
f 364/1910/48 1021/2155/48 1023/2152/48
f 861/2156/48 364/1910/48 862/2154/48
f 858/2157/48 860/2158/48 859/2159/48
f 860/2158/48 364/1910/48 861/2156/48
f 364/1910/48 1019/2160/48 1021/2155/48
f 1017/2161/48 1013/2162/48 1015/2163/48
f 364/1910/48 1017/2161/48 1019/2160/48
f 857/2164/48 860/2158/48 858/2157/48
f 855/2165/48 857/2164/48 856/2166/48
f 852/2167/48 854/2168/48 853/2169/48
f 850/2170/48 852/2167/48 851/2171/48
f 849/2172/48 852/2167/48 850/2170/48
f 845/2173/48 847/2174/48 846/2175/48
f 842/2176/48 844/2177/48 843/2178/48
f 840/2179/48 842/2176/48 841/2180/48
f 838/2181/48 840/2179/48 839/2182/48
f 815/2183/48 837/2184/48 836/2185/48
f 1296/2186/48 815/2183/48 820/2187/48
f 1292/2188/48 1296/2186/48 1294/2189/48
f 757/2190/48 1292/2188/48 759/2191/48
f 753/2192/48 757/2190/48 755/2193/48
f 749/2194/48 753/2192/48 751/2195/48
f 745/2196/48 749/2194/48 747/2197/48
f 741/2198/48 745/2196/48 743/2199/48
f 737/2200/48 741/2198/48 739/2201/48
f 731/2202/48 735/2203/48 733/2204/48
f 731/2202/48 737/2200/48 735/2203/48
f 727/2205/49 731/2202/49 729/2206/49
f 723/2207/49 727/2205/49 725/2208/49
f 721/2209/48 727/2205/48 723/2207/48
f 727/2205/48 737/2200/48 731/2202/48
f 741/2198/48 749/2194/48 745/2196/48
f 727/2205/48 741/2198/48 737/2200/48
f 719/2210/48 727/2205/48 721/2209/48
f 713/2211/48 717/2212/48 715/2213/48
f 719/2210/48 741/2198/48 727/2205/48
f 713/2211/48 719/2210/48 717/2212/48
f 711/2214/48 719/2210/48 713/2211/48
f 719/2210/48 749/2194/48 741/2198/48
f 749/2194/48 757/2190/48 753/2192/48
f 757/2190/48 1296/2186/48 1292/2188/48
f 1296/2186/48 837/2184/48 815/2183/48
f 1296/2186/48 838/2181/48 837/2184/48
f 749/2194/48 1296/2186/48 757/2190/48
f 711/2214/48 749/2194/48 719/2210/48
f 705/2215/48 709/2216/48 707/2217/48
f 709/2216/48 749/2194/48 711/2214/48
f 749/2194/48 838/2181/48 1296/2186/48
f 840/2179/48 844/2177/48 842/2176/48
f 749/2194/48 840/2179/48 838/2181/48
f 705/2215/48 749/2194/48 709/2216/48
f 701/2218/48 705/2215/48 703/2219/48
f 697/2220/48 701/2218/48 699/2221/48
f 394/2222/48 701/2218/48 697/2220/48
f 749/2194/48 844/2177/48 840/2179/48
f 749/2194/48 845/2173/48 844/2177/48
f 394/2222/48 705/2215/48 701/2218/48
f 999/2223/48 391/2224/48 392/2225/48
f 1009/2226/48 1005/2227/48 1007/2228/48
f 705/2215/48 845/2173/48 749/2194/48
f 705/2215/48 847/2174/48 845/2173/48
f 705/2215/48 848/2229/48 847/2174/48
f 705/2215/48 849/2172/48 848/2229/48
f 394/2222/48 849/2172/48 705/2215/48
f 394/2222/48 852/2167/48 849/2172/48
f 394/2222/48 854/2168/48 852/2167/48
f 394/2222/48 855/2165/48 854/2168/48
f 394/2222/48 857/2164/48 855/2165/48
f 364/1910/48 1013/2162/48 1017/2161/48
f 364/1910/48 1011/2230/48 1013/2162/48
f 394/2222/48 860/2158/48 857/2164/48
f 394/2222/48 364/1910/48 860/2158/48
f 364/1910/48 1009/2226/48 1011/2230/48
f 364/1910/48 1005/2227/48 1009/2226/48
f 391/2224/48 364/1910/48 394/2222/48
f 999/2223/48 364/1910/48 391/2224/48
f 364/1910/48 1003/2231/48 1005/2227/48
f 1001/2232/48 364/1910/48 999/2223/48
f 1003/2231/48 364/1910/48 1001/2232/48
f 706/2233/45 702/2234/45 704/2235/45
f 702/2234/45 698/2236/45 700/2237/45
f 702/2234/45 395/2238/45 698/2236/45
f 708/2239/518 702/2234/518 706/2233/518
f 710/2240/45 702/2234/45 708/2239/45
f 710/2240/184 395/2238/184 702/2234/184
f 712/2241/518 395/2238/518 710/2240/518
f 390/2242/45 993/2243/45 389/2244/45
f 987/2245/45 976/2246/45 977/2247/45
f 718/2248/45 714/2249/45 716/2250/45
f 720/2251/45 714/2249/45 718/2248/45
f 720/2251/45 712/2241/45 714/2249/45
f 726/2252/45 722/2253/45 724/2254/45
f 722/2253/45 712/2241/45 720/2251/45
f 722/2253/45 395/2238/45 712/2241/45
f 728/2255/45 722/2253/45 726/2252/45
f 732/2256/45 728/2255/45 730/2257/45
f 736/2258/45 732/2256/45 734/2259/45
f 742/2260/45 738/2261/45 740/2262/45
f 738/2261/45 732/2256/45 736/2258/45
f 728/2255/45 395/2238/45 722/2253/45
f 738/2261/45 728/2255/45 732/2256/45
f 746/2263/45 742/2260/45 744/2264/45
f 742/2260/45 728/2255/45 738/2261/45
f 746/2263/45 728/2255/45 742/2260/45
f 750/2265/45 746/2263/45 748/2266/45
f 754/2267/45 750/2265/45 752/2268/45
f 758/2269/45 754/2267/45 756/2270/45
f 1291/2271/45 758/2269/45 760/2272/45
f 1295/2273/45 1291/2271/45 1293/2274/45
f 817/2275/45 1295/2273/45 816/2276/45
f 763/2277/45 817/2275/45 762/2278/45
f 769/2279/45 765/2280/45 767/2281/45
f 763/2277/45 1295/2273/45 817/2275/45
f 765/2280/45 1295/2273/45 763/2277/45
f 1295/2273/45 758/2269/45 1291/2271/45
f 758/2269/45 750/2265/45 754/2267/45
f 750/2265/45 728/2255/45 746/2263/45
f 758/2269/45 728/2255/45 750/2265/45
f 765/2280/45 758/2269/45 1295/2273/45
f 773/2282/45 769/2279/45 771/2283/45
f 769/2279/45 758/2269/45 765/2280/45
f 983/2284/45 979/2285/45 981/2286/45
f 769/2279/45 728/2255/45 758/2269/45
f 775/2287/519 769/2279/519 773/2282/519
f 777/2288/184 769/2279/184 775/2287/184
f 967/2289/184 963/2290/184 965/2291/184
f 777/2288/45 728/2255/45 769/2279/45
f 784/2292/45 779/2293/45 781/2294/45
f 779/2293/45 728/2255/45 777/2288/45
f 784/2292/45 728/2255/45 779/2293/45
f 785/2295/45 728/2255/45 784/2292/45
f 787/2296/45 728/2255/45 785/2295/45
f 793/2297/45 789/2298/45 791/2299/45
f 787/2296/45 395/2238/45 728/2255/45
f 793/2297/45 787/2296/45 789/2298/45
f 797/2300/184 793/2297/184 795/2301/184
f 803/2302/45 799/2303/45 802/2304/45
f 810/2305/45 806/2306/45 807/2307/45
f 811/2308/45 806/2306/45 810/2305/45
f 811/2308/45 803/2302/45 806/2306/45
f 793/2297/45 395/2238/45 787/2296/45
f 797/2300/45 395/2238/45 793/2297/45
f 799/2303/45 395/2238/45 797/2300/45
f 803/2302/45 395/2238/45 799/2303/45
f 811/2308/45 395/2238/45 803/2302/45
f 814/2309/45 395/2238/45 811/2308/45
f 294/2310/45 395/2238/45 814/2309/45
f 675/2311/45 299/2312/45 677/2313/45
f 671/2314/45 675/2311/45 673/2315/45
f 665/2316/520 669/2317/520 667/2318/520
f 669/2317/45 675/2311/45 671/2314/45
f 669/2317/45 299/2312/45 675/2311/45
f 661/2319/521 665/2316/521 663/2320/521
f 665/2316/184 299/2312/184 669/2317/184
f 661/2319/522 299/2312/522 665/2316/522
f 657/2321/184 661/2319/184 659/2322/184
f 655/2323/45 661/2319/45 657/2321/45
f 655/2323/184 299/2312/184 661/2319/184
f 960/2324/45 955/2325/45 957/2326/45
f 960/2324/45 953/2327/45 955/2325/45
f 961/2328/45 953/2327/45 960/2324/45
f 961/2328/45 951/2329/45 953/2327/45
f 961/2328/184 949/2330/184 951/2329/184
f 949/2330/45 943/2331/45 947/2332/45
f 939/2333/45 946/2334/45 938/2335/45
f 939/2333/45 934/2336/45 946/2334/45
f 934/2336/45 1307/2337/45 933/2338/45
f 1307/2337/45 1303/2339/45 1305/2340/45
f 1303/2339/45 928/2341/45 930/2342/45
f 926/2343/45 922/2344/45 924/2345/45
f 1303/2339/45 926/2343/45 928/2341/45
f 934/2336/45 1303/2339/45 1307/2337/45
f 943/2331/45 934/2336/45 939/2333/45
f 949/2330/45 934/2336/45 943/2331/45
f 934/2336/45 926/2343/45 1303/2339/45
f 926/2343/45 920/2346/45 922/2344/45
f 920/2346/45 916/2347/45 918/2348/45
f 920/2346/45 914/2349/45 916/2347/45
f 934/2336/45 920/2346/45 926/2343/45
f 961/2328/45 934/2336/45 949/2330/45
f 961/2328/45 920/2346/45 934/2336/45
f 920/2346/45 912/2350/45 914/2349/45
f 912/2350/184 908/2351/184 910/2352/184
f 908/2351/184 904/2353/184 906/2354/184
f 902/2355/45 898/2356/45 900/2357/45
f 908/2351/45 902/2355/45 904/2353/45
f 920/2346/184 908/2351/184 912/2350/184
f 963/2290/45 920/2346/45 961/2328/45
f 967/2289/45 920/2346/45 963/2290/45
f 920/2346/45 902/2355/45 908/2351/45
f 902/2355/45 896/2358/45 898/2356/45
f 896/2358/45 892/2359/45 894/2360/45
f 890/2361/45 886/2362/45 888/2363/45
f 890/2361/45 884/2364/45 886/2362/45
f 890/2361/45 882/2365/45 884/2364/45
f 892/2359/45 882/2365/45 890/2361/45
f 892/2359/45 880/2366/45 882/2365/45
f 920/2346/45 896/2358/45 902/2355/45
f 896/2358/45 880/2366/45 892/2359/45
f 896/2358/45 878/2367/45 880/2366/45
f 967/2289/45 896/2358/45 920/2346/45
f 969/2368/45 896/2358/45 967/2289/45
f 896/2358/45 876/2369/45 878/2367/45
f 876/2369/45 872/2370/45 874/2371/45
f 872/2370/45 868/2372/45 870/2373/45
f 868/2372/45 865/2374/45 866/2375/45
f 1084/2376/45 1080/2377/45 1082/2378/45
f 868/2372/45 1084/2376/45 865/2374/45
f 876/2369/45 868/2372/45 872/2370/45
f 969/2368/45 876/2369/45 896/2358/45
f 971/2379/45 876/2369/45 969/2368/45
f 971/2379/45 868/2372/45 876/2369/45
f 973/2380/45 868/2372/45 971/2379/45
f 1084/2376/45 1078/2381/45 1080/2377/45
f 973/2380/45 1084/2376/45 868/2372/45
f 979/2285/45 1084/2376/45 973/2380/45
f 1084/2376/45 1076/2382/45 1078/2381/45
f 1084/2376/45 1075/2383/45 1076/2382/45
f 983/2284/45 1084/2376/45 979/2285/45
f 985/2384/45 1084/2376/45 983/2284/45
f 985/2384/45 1075/2383/45 1084/2376/45
f 976/2246/45 1075/2383/45 985/2384/45
f 387/2385/45 383/2386/45 384/2387/45
f 987/2245/45 1075/2383/45 976/2246/45
f 387/2385/45 1176/2388/45 383/2386/45
f 989/2389/45 1075/2383/45 987/2245/45
f 1075/2383/523 1176/2388/523 387/2385/523
f 1075/2383/45 1178/2390/45 1176/2388/45
f 991/2391/45 1075/2383/45 989/2389/45
f 993/2243/45 1075/2383/45 991/2391/45
f 1075/2383/45 1177/2392/45 1178/2390/45
f 1177/2392/45 1184/2393/45 1182/2394/45
f 1183/2395/45 1190/2396/45 1188/2397/45
f 1075/2383/523 1184/2393/523 1177/2392/523
f 390/2242/45 1075/2383/45 993/2243/45
f 1197/2398/45 1200/2399/45 1196/2400/45
f 647/2401/45 651/2402/45 649/2403/45
f 643/2404/45 647/2401/45 645/2405/45
f 637/2406/45 641/2407/45 639/2408/45
f 643/2404/45 651/2402/45 647/2401/45
f 635/2409/45 641/2407/45 637/2406/45
f 641/2407/45 651/2402/45 643/2404/45
f 641/2407/45 653/2410/45 651/2402/45
f 633/2411/45 641/2407/45 635/2409/45
f 629/2412/45 633/2411/45 631/2413/45
f 623/2414/45 627/2415/45 625/2416/45
f 627/2415/45 633/2411/45 629/2412/45
f 633/2411/45 653/2410/45 641/2407/45
f 633/2411/45 655/2323/45 653/2410/45
f 623/2414/45 633/2411/45 627/2415/45
f 619/2417/45 623/2414/45 621/2418/45
f 615/2419/45 619/2417/45 617/2420/45
f 611/2421/45 615/2419/45 613/2422/45
f 605/2423/45 609/2424/45 607/2425/45
f 609/2424/45 615/2419/45 611/2421/45
f 619/2417/45 633/2411/45 623/2414/45
f 609/2424/45 619/2417/45 615/2419/45
f 602/2426/45 609/2424/45 605/2423/45
f 1297/2427/45 602/2426/45 603/2428/45
f 1301/2429/45 1297/2427/45 1299/2430/45
f 594/2431/45 1301/2429/45 597/2432/45
f 573/2433/45 594/2431/45 572/2434/45
f 573/2433/45 1301/2429/45 594/2431/45
f 1301/2429/45 602/2426/45 1297/2427/45
f 602/2426/45 619/2417/45 609/2424/45
f 619/2417/45 655/2323/45 633/2411/45
f 602/2426/45 655/2323/45 619/2417/45
f 573/2433/45 602/2426/45 1301/2429/45
f 577/2435/45 602/2426/45 573/2433/45
f 1213/2436/45 1204/2437/45 1205/2438/45
f 578/2439/45 602/2426/45 577/2435/45
f 695/2440/184 692/2441/184 696/2442/184
f 692/2441/45 602/2426/45 578/2439/45
f 1218/2443/45 1114/2444/45 1115/2445/45
f 1114/2444/45 1288/2446/45 1286/2447/45
f 1288/2446/45 1120/2448/45 1290/2449/45
f 1119/2450/184 1124/2451/184 1122/2452/184
f 1288/2446/45 1119/2450/45 1120/2448/45
f 1218/2443/45 1288/2446/45 1114/2444/45
f 1216/2453/45 1288/2446/45 1218/2443/45
f 1288/2446/45 1124/2451/45 1119/2450/45
f 1124/2451/45 1128/2454/45 1126/2455/45
f 1128/2454/45 1132/2456/45 1130/2457/45
f 1128/2454/45 1134/2458/45 1132/2456/45
f 1288/2446/45 1128/2454/45 1124/2451/45
f 1209/2459/45 1288/2446/45 1216/2453/45
f 1210/2460/45 1288/2446/45 1209/2459/45
f 1288/2446/45 1134/2458/45 1128/2454/45
f 1288/2446/45 1136/2461/45 1134/2458/45
f 1204/2437/45 1288/2446/45 1210/2460/45
f 1213/2436/45 1288/2446/45 1204/2437/45
f 1213/2436/45 1136/2461/45 1288/2446/45
f 1208/2462/45 1136/2461/45 1213/2436/45
f 1138/2463/45 1142/2464/45 1140/2465/45
f 1208/2462/45 1138/2463/45 1136/2461/45
f 1199/2466/45 1138/2463/45 1208/2462/45
f 1199/2466/45 1142/2464/45 1138/2463/45
f 1200/2399/45 1142/2464/45 1199/2466/45
f 1200/2399/45 1144/2467/45 1142/2464/45
f 1197/2398/45 1144/2467/45 1200/2399/45
f 1146/2468/45 1150/2469/45 1148/2470/45
f 1197/2398/45 1146/2468/45 1144/2467/45
f 1193/2471/45 1146/2468/45 1197/2398/45
f 1146/2468/45 1152/2472/45 1150/2469/45
f 1146/2468/45 1154/2473/45 1152/2472/45
f 1192/2474/45 1146/2468/45 1193/2471/45
f 1190/2396/45 1146/2468/45 1192/2474/45
f 1146/2468/45 1156/2475/45 1154/2473/45
f 1158/2476/45 1162/2477/45 1160/2478/45
f 1146/2468/45 1158/2476/45 1156/2475/45
f 1183/2395/45 1146/2468/45 1190/2396/45
f 1184/2393/45 1146/2468/45 1183/2395/45
f 1158/2476/45 1164/2479/45 1162/2477/45
f 1184/2393/45 1158/2476/45 1146/2468/45
f 1075/2383/45 1158/2476/45 1184/2393/45
f 1158/2476/45 1166/2480/45 1164/2479/45
f 1166/2480/45 1170/2481/45 1168/2482/45
f 1170/2481/45 1174/2483/45 1172/2484/45
f 1174/2483/45 375/2485/45 377/2486/45
f 375/2485/45 371/2487/45 373/2488/45
f 371/2487/45 367/2489/45 369/2490/45
f 367/2489/45 1330/2491/45 366/2492/45
f 367/2489/45 350/2493/45 1330/2491/45
f 375/2485/45 367/2489/45 371/2487/45
f 1170/2481/45 375/2485/45 1174/2483/45
f 1158/2476/45 1170/2481/45 1166/2480/45
f 1075/2383/45 1170/2481/45 1158/2476/45
f 1170/2481/45 367/2489/45 375/2485/45
f 367/2489/45 349/2494/45 350/2493/45
f 367/2489/45 352/2495/45 349/2494/45
f 1075/2383/45 367/2489/45 1170/2481/45
f 390/2242/45 367/2489/45 1075/2383/45
f 367/2489/45 355/2496/45 352/2495/45
f 367/2489/45 357/2497/45 355/2496/45
f 395/2238/45 367/2489/45 390/2242/45
f 294/2310/45 367/2489/45 395/2238/45
f 367/2489/45 359/2498/45 357/2497/45
f 367/2489/45 363/2499/45 359/2498/45
f 299/2312/45 367/2489/45 294/2310/45
f 692/2441/45 655/2323/45 602/2426/45
f 694/2500/45 692/2441/45 695/2440/45
f 691/2501/45 694/2500/45 690/2502/45
f 688/2503/45 693/2504/45 689/2505/45
f 688/2503/45 691/2501/45 693/2504/45
f 694/2500/184 655/2323/184 692/2441/184
f 299/2312/45 363/2499/45 367/2489/45
f 691/2501/45 655/2323/45 694/2500/45
f 688/2503/45 655/2323/45 691/2501/45
f 299/2312/45 362/2506/45 363/2499/45
f 299/2312/45 399/2507/45 362/2506/45
f 687/2508/45 655/2323/45 688/2503/45
f 683/2509/45 685/2510/45 682/2511/45
f 685/2510/45 655/2323/45 687/2508/45
f 299/2312/45 410/2512/45 399/2507/45
f 683/2509/45 655/2323/45 685/2510/45
f 680/2513/45 686/2514/45 684/2515/45
f 686/2514/45 655/2323/45 683/2509/45
f 404/2516/45 1332/2517/45 1331/2518/45
f 1332/2517/45 1334/2519/45 1333/2520/45
f 1334/2519/45 1336/2521/45 1335/2522/45
f 1334/2519/45 414/2523/45 1336/2521/45
f 404/2516/45 1334/2519/45 1332/2517/45
f 405/2524/45 1334/2519/45 404/2516/45
f 409/2525/45 1334/2519/45 405/2524/45
f 400/2526/45 1334/2519/45 409/2525/45
f 400/2526/45 414/2523/45 1334/2519/45
f 401/2527/45 414/2523/45 400/2526/45
f 23/2528/45 26/2529/45 22/2530/45
f 410/2512/45 414/2523/45 401/2527/45
f 686/2514/45 299/2312/45 655/2323/45
f 680/2513/45 299/2312/45 686/2514/45
f 26/2529/45 34/2531/45 32/2532/45
f 34/2531/45 28/2533/45 39/2534/45
f 28/2533/45 42/2535/45 27/2536/45
f 37/2537/524 44/2538/524 36/2539/524
f 28/2533/45 37/2537/45 42/2535/45
f 28/2533/45 44/2538/45 37/2537/45
f 47/2540/45 49/2541/45 46/2542/45
f 28/2533/47 47/2540/47 44/2538/47
f 53/2543/45 57/2544/45 52/2545/45
f 57/2544/45 1276/2546/45 1274/2547/45
f 1276/2546/45 66/2548/45 1278/2549/45
f 66/2548/45 68/2550/45 65/2551/45
f 68/2550/45 71/2552/45 72/2553/45
f 71/2552/45 76/2554/45 74/2555/45
f 71/2552/45 78/2556/45 76/2554/45
f 1276/2546/45 68/2550/45 66/2548/45
f 68/2550/45 78/2556/45 71/2552/45
f 68/2550/45 80/2557/45 78/2556/45
f 57/2544/45 68/2550/45 1276/2546/45
f 55/2558/45 57/2544/45 53/2543/45
f 55/2558/45 68/2550/45 57/2544/45
f 55/2558/45 80/2557/45 68/2550/45
f 49/2541/45 80/2557/45 55/2558/45
f 82/2559/45 88/2560/45 84/2561/45
f 49/2541/45 82/2559/45 80/2557/45
f 47/2540/45 82/2559/45 49/2541/45
f 82/2559/45 87/2562/45 88/2560/45
f 87/2562/45 92/2563/45 90/2564/45
f 87/2562/45 94/2565/45 92/2563/45
f 47/2540/45 87/2562/45 82/2559/45
f 28/2533/45 87/2562/45 47/2540/45
f 28/2533/45 94/2565/45 87/2562/45
f 34/2531/45 94/2565/45 28/2533/45
f 34/2531/45 96/2566/45 94/2565/45
f 26/2529/45 96/2566/45 34/2531/45
f 23/2528/45 96/2566/45 26/2529/45
f 414/2523/45 96/2566/45 23/2528/45
f 410/2512/45 96/2566/45 414/2523/45
f 598/2567/45 299/2312/45 680/2513/45
f 599/2568/45 299/2312/45 598/2567/45
f 410/2512/45 396/2569/45 96/2566/45
f 681/2570/45 299/2312/45 599/2568/45
f 679/2571/45 299/2312/45 681/2570/45
f 418/2572/45 413/2573/45 419/2574/45
f 413/2573/45 420/2575/45 412/2576/45
f 420/2575/525 422/2577/525 421/2578/525
f 422/2577/45 426/2579/45 425/2580/45
f 426/2579/45 424/2581/45 428/2582/45
f 426/2579/45 423/2583/45 424/2581/45
f 420/2575/526 426/2579/526 422/2577/526
f 426/2579/45 427/2584/45 423/2583/45
f 427/2584/45 430/2585/45 429/2586/45
f 427/2584/45 431/2587/45 430/2585/45
f 426/2579/45 431/2587/45 427/2584/45
f 678/2588/45 299/2312/45 679/2571/45
f 235/2589/45 299/2312/45 678/2588/45
f 435/2590/45 438/2591/45 436/2592/45
f 433/2593/45 437/2594/45 432/2595/45
f 435/2590/45 433/2593/45 438/2591/45
f 434/2596/45 433/2593/45 435/2590/45
f 433/2593/45 439/2597/45 437/2594/45
f 440/2598/45 1280/2599/45 442/2600/45
f 433/2593/45 440/2598/45 439/2597/45
f 431/2587/45 433/2593/45 434/2596/45
f 433/2593/45 1280/2599/45 440/2598/45
f 1280/2599/45 1284/2601/45 1282/2602/45
f 1284/2601/45 446/2603/45 447/2604/45
f 446/2603/527 451/2605/527 449/2606/527
f 451/2605/45 455/2607/45 453/2608/45
f 451/2605/45 457/2609/45 455/2607/45
f 1284/2601/45 451/2605/45 446/2603/45
f 433/2593/45 1284/2601/45 1280/2599/45
f 431/2587/45 1284/2601/45 433/2593/45
f 1284/2601/45 457/2609/45 451/2605/45
f 459/2610/45 463/2611/45 461/2612/45
f 1284/2601/45 459/2610/45 457/2609/45
f 426/2579/45 1284/2601/45 431/2587/45
f 426/2579/45 459/2610/45 1284/2601/45
f 459/2610/45 465/2613/45 463/2611/45
f 465/2613/45 469/2614/45 467/2615/45
f 471/2616/45 475/2617/45 473/2618/45
f 465/2613/45 471/2616/45 469/2614/45
f 426/2579/45 465/2613/45 459/2610/45
f 426/2579/45 471/2616/45 465/2613/45
f 475/2617/45 479/2619/45 477/2620/45
f 426/2579/45 475/2617/45 471/2616/45
f 420/2575/45 475/2617/45 426/2579/45
f 475/2617/45 481/2621/45 479/2619/45
f 483/2622/45 487/2623/45 485/2624/45
f 475/2617/45 483/2622/45 481/2621/45
f 413/2573/45 475/2617/45 420/2575/45
f 418/2572/45 475/2617/45 413/2573/45
f 475/2617/45 487/2623/45 483/2622/45
f 475/2617/45 489/2625/45 487/2623/45
f 416/2626/45 475/2617/45 418/2572/45
f 416/2626/45 489/2625/45 475/2617/45
f 491/2627/45 495/2628/45 493/2629/45
f 416/2626/45 491/2627/45 489/2625/45
f 417/2630/45 491/2627/45 416/2626/45
f 491/2627/45 240/2631/45 495/2628/45
f 240/2631/45 299/2312/45 235/2589/45
f 396/2569/45 491/2627/45 417/2630/45
f 240/2631/45 410/2512/45 299/2312/45
f 396/2569/45 240/2631/45 491/2627/45
f 410/2512/45 240/2631/45 396/2569/45
f 1085/1447/528 1315/2632/528 1316/2633/528
f 1085/1447/528 1086/1449/528 1315/2632/528
f 1315/1173/381 996/1356/381 1316/2634/381
f 1315/1173/381 995/1354/381 996/1356/381
f 1337/2635/529 385/2636/529 1338/2637/529
f 1337/2635/529 381/2638/529 385/2636/529
f 1230/2639/530 1233/1741/530 1229/2640/530
f 1233/2641/45 1225/2642/45 1227/2643/45
f 1225/2642/45 1220/2644/45 1223/2645/45
f 1220/2644/45 1272/2646/45 1219/2647/45
f 1271/2648/45 381/2649/45 1337/2650/45
f 1220/2644/45 1271/2648/45 1272/2646/45
f 1233/2641/45 1220/2644/45 1225/2642/45
f 1100/2651/45 1230/2652/45 1099/2653/45
f 1271/2648/45 380/2654/45 381/2649/45
f 1271/2648/45 1236/2655/45 380/2654/45
f 1100/2651/45 1233/2641/45 1230/2652/45
f 1101/2656/45 1100/2651/45 1104/2657/45
f 1107/2658/45 1101/2656/45 1105/2659/45
f 1112/2660/45 1107/2658/45 1109/2661/45
f 1092/2662/45 1107/2658/45 1112/2660/45
f 1107/2658/45 1100/2651/45 1101/2656/45
f 1220/2644/45 1236/2655/45 1271/2648/45
f 1220/2644/45 1238/2663/45 1236/2655/45
f 1107/2658/45 1233/2641/45 1100/2651/45
f 1090/2664/45 1107/2658/45 1092/2662/45
f 1087/2665/45 1107/2658/45 1090/2664/45
f 1220/2644/45 1240/2666/45 1238/2663/45
f 1240/2666/45 1244/2667/45 1242/2668/45
f 1246/2669/45 1250/2670/45 1248/2671/45
f 1220/2644/45 1244/2667/45 1240/2666/45
f 1220/2644/45 1246/2669/45 1244/2667/45
f 1087/2665/45 1233/2641/45 1107/2658/45
f 1093/2672/531 1233/2641/531 1087/2665/531
f 1220/2644/45 1250/2670/45 1246/2669/45
f 1220/2644/45 1252/2673/45 1250/2670/45
f 1095/2674/45 1233/2641/45 1093/2672/45
f 1266/2675/45 1095/2674/45 1268/2676/45
f 1266/2675/45 1233/2641/45 1095/2674/45
f 1233/2641/45 1252/2673/45 1220/2644/45
f 1233/2641/45 1254/2677/45 1252/2673/45
f 1264/2678/45 1233/2641/45 1266/2675/45
f 1262/2679/45 1233/2641/45 1264/2678/45
f 1233/2641/45 1256/2680/45 1254/2677/45
f 1256/2680/45 1260/2681/45 1258/2682/45
f 1260/2681/45 1233/2641/45 1262/2679/45
f 1233/2641/45 1260/2681/45 1256/2680/45
f 1271/2683/532 1338/2684/532 1270/2685/532
f 1271/2683/532 1337/2686/532 1338/2684/532
f 1098/2687/48 1103/2688/48 1097/2689/48
f 1103/2688/48 1106/2690/48 1102/2691/48
f 1106/2690/48 1110/2692/48 1108/2693/48
f 1110/2692/48 1217/2694/48 1111/2695/48
f 1110/2692/48 1215/2696/48 1217/2694/48
f 1103/2688/48 1110/2692/48 1106/2690/48
f 1231/2697/48 1103/2688/48 1098/2687/48
f 1234/2698/533 1231/2699/533 1232/2700/533
f 1226/2701/48 1234/2702/48 1228/2703/48
f 1221/2704/48 1226/2701/48 1224/2705/48
f 1269/2706/48 1221/2704/48 1222/2707/48
f 385/2708/48 1270/2709/48 1338/2710/48
f 1270/2709/48 1221/2704/48 1269/2706/48
f 1221/2704/48 1234/2702/48 1226/2701/48
f 1234/2702/48 1103/2688/48 1231/2697/48
f 1103/2688/48 1215/2696/48 1110/2692/48
f 1103/2688/48 1212/2711/48 1215/2696/48
f 382/2712/48 1270/2709/48 385/2708/48
f 1175/2713/48 1270/2709/48 382/2712/48
f 1234/2702/48 1212/2711/48 1103/2688/48
f 1234/2702/534 1211/2714/534 1212/2711/534
f 1175/2713/48 1221/2704/48 1270/2709/48
f 1179/2715/48 1221/2704/48 1175/2713/48
f 1234/2702/48 1203/2716/48 1211/2714/48
f 1203/2716/48 1214/2717/48 1206/2718/48
f 1234/2702/48 1214/2717/48 1203/2716/48
f 1180/2719/48 1221/2704/48 1179/2715/48
f 1185/2720/48 1180/2719/48 1181/2721/48
f 1189/2722/48 1186/2723/48 1187/2724/48
f 1185/2720/48 1221/2704/48 1180/2719/48
f 1186/2723/48 1221/2704/48 1185/2720/48
f 1234/2702/48 1207/2725/48 1214/2717/48
f 1234/2702/48 1202/2726/48 1207/2725/48
f 1189/2722/48 1221/2704/48 1186/2723/48
f 1191/2727/48 1221/2704/48 1189/2722/48
f 1234/2702/48 1201/2728/48 1202/2726/48
f 1201/2728/48 1198/2729/48 1195/2730/48
f 1194/2731/48 1221/2704/48 1191/2727/48
f 1234/2702/48 1198/2729/48 1201/2728/48
f 1198/2729/48 1221/2704/48 1194/2731/48
f 1198/2729/48 1234/2702/48 1221/2704/48
f 1097/1461/535 1104/1468/535 1100/1464/535
f 1097/1461/535 1103/1466/535 1104/1468/535
f 1222/1600/536 1272/2732/536 1269/2733/536
f 1222/1600/536 1219/1597/536 1272/2732/536
f 1233/1611/468 1232/1610/468 1229/1607/468
f 1233/1611/468 1234/1612/468 1232/1610/468
f 1321/1832/537 290/297/537 1309/1833/537
f 1321/1832/537 289/298/537 290/297/537
f 1326/2734/538 1335/2735/538 1329/2736/538
f 1326/2734/538 1334/2737/538 1335/2735/538
f 1335/2735/539 1328/2738/539 1329/2736/539
f 1328/2738/540 1340/2739/540 1339/2740/540
f 1340/2739/539 1335/2735/539 1336/2741/539
f 1328/2738/539 1335/2735/539 1340/2739/539
f 1/2742/45 6/2743/45 4/2744/45
f 111/2745/541 107/2746/541 109/2747/541
f 1/2742/45 111/2745/45 6/2743/45
f 9/2748/45 1/2742/45 7/2749/45
f 13/2750/45 9/2748/45 11/2751/45
f 17/2752/45 13/2750/45 15/2753/45
f 132/2754/45 17/2752/45 133/2755/45
f 127/2756/45 132/2754/45 129/2757/45
f 127/2756/45 17/2752/45 132/2754/45
f 127/2756/45 13/2750/45 17/2752/45
f 127/2756/45 9/2748/45 13/2750/45
f 1/2742/45 107/2746/45 111/2745/45
f 127/2756/45 1/2742/45 9/2748/45
f 126/2758/45 1/2742/45 127/2756/45
f 1/2742/542 105/2759/542 107/2746/542
f 105/2759/45 101/2760/45 103/2761/45
f 126/2758/45 105/2759/45 1/2742/45
f 124/2762/45 105/2759/45 126/2758/45
f 124/2762/45 101/2760/45 105/2759/45
f 117/2763/45 121/2764/45 119/2765/45
f 121/2764/45 101/2760/45 124/2762/45
f 121/2764/45 99/2766/45 101/2760/45
f 115/2767/45 117/2763/45 114/2768/45
f 117/2763/45 99/2766/45 121/2764/45
f 97/2769/45 62/2770/45 59/2771/45
f 117/2763/45 97/2769/45 99/2766/45
f 62/2770/45 117/2763/45 115/2767/45
f 97/2769/45 117/2763/45 62/2770/45
f 1327/2772/543 1334/2773/543 1326/2774/543
f 1327/2772/543 1333/2775/543 1334/2773/543
f 1324/2776/544 1333/2775/544 1327/2772/544
f 1324/2776/544 1332/2777/544 1333/2775/544
f 292/300/545 327/2778/545 298/306/545
f 292/300/545 347/2779/545 327/2778/545
f 351/363/546 1330/2780/546 350/361/546
f 351/363/546 1323/2781/546 1330/2780/546
f 407/438/547 1331/2782/547 1325/2783/547
f 407/438/547 404/435/547 1331/2782/547
f 210/537/548 161/2784/548 209/2785/548
f 210/537/548 160/531/548 161/2784/548
f 262/2786/549 239/2787/549 233/2788/549
f 262/2786/549 579/2789/549 239/2787/549
f 286/2790/550 262/2791/550 260/2792/550
f 286/2790/550 579/2793/550 262/2791/550
f 410/443/551 398/431/551 399/430/551
f 410/443/551 411/444/551 398/431/551
f 62/2794/552 116/2795/552 58/2796/552
f 62/2794/552 115/2797/552 116/2795/552
f 1340/2739/553 19/2798/553 1339/2740/553
f 19/2798/553 136/2799/553 135/2800/553
f 136/2799/553 1340/2739/553 415/2801/553
f 19/2798/553 1340/2739/553 136/2799/553
f 1328/2738/553 19/2798/553 20/2802/553
f 1328/2738/553 1339/2740/553 19/2798/553
f 1340/2739/553 414/2803/553 415/2801/553
f 1340/2739/553 1336/2741/553 414/2803/553
f 415/2804/48 134/447/48 136/2805/48
f 415/2804/48 24/445/48 134/447/48
f 17/2752/45 135/2806/45 133/2755/45
f 17/2752/45 19/2807/45 135/2806/45
f 1341/2808/554 1343/2809/554 1342/2810/554
f 1341/2808/554 1344/2811/554 1343/2809/554
f 1342/2810/555 1346/2812/555 1345/2813/555
f 1342/2810/555 1343/2809/555 1346/2812/555
f 1347/2814/556 1344/2811/556 1341/2808/556
f 1347/2814/556 1348/2815/556 1344/2811/556
f 1349/2816/557 1348/2815/557 1347/2814/557
f 1349/2816/557 1350/2817/557 1348/2815/557
f 1351/2818/558 1350/2817/558 1349/2816/558
f 1351/2818/558 1352/2819/558 1350/2817/558
f 1353/2820/559 1352/2819/559 1351/2818/559
f 1353/2820/559 1354/2821/559 1352/2819/559
f 1355/2822/560 1354/2821/560 1353/2820/560
f 1355/2822/560 1356/2823/560 1354/2821/560
f 1357/2824/561 1356/2823/561 1355/2822/561
f 1357/2824/561 1358/2825/561 1356/2823/561
f 1359/2826/562 1358/2825/562 1357/2824/562
f 1359/2826/562 1360/2827/562 1358/2825/562
f 1361/2828/561 1363/2829/561 1362/2830/561
f 1361/2828/561 1364/2831/561 1363/2829/561
f 1365/2832/560 1364/2831/560 1361/2828/560
f 1365/2832/560 1366/2833/560 1364/2831/560
f 1367/2834/554 1369/2835/554 1368/2836/554
f 1367/2834/554 1370/2837/554 1369/2835/554
f 1371/2838/559 1366/2833/559 1365/2832/559
f 1371/2838/559 1372/2839/559 1366/2833/559
f 1373/2840/558 1372/2839/558 1371/2838/558
f 1373/2840/558 1374/2841/558 1372/2839/558
f 1375/2842/563 1377/2843/563 1376/2844/563
f 1375/2842/563 1378/2845/563 1377/2843/563
f 1369/2835/556 1380/2846/556 1379/2847/556
f 1369/2835/556 1370/2837/556 1380/2846/556
f 1379/2847/557 1374/2841/557 1373/2840/557
f 1379/2847/557 1380/2846/557 1374/2841/557
f 1381/2848/555 1367/2834/555 1368/2836/555
f 1381/2848/555 1382/2849/555 1367/2834/555
f 1383/2850/564 1378/2845/564 1375/2842/564
f 1383/2850/564 1384/2851/564 1378/2845/564
f 1385/2852/565 1387/2853/565 1386/2854/565
f 1385/2852/565 1388/2855/565 1387/2853/565
f 1376/2844/566 1382/2849/566 1381/2848/566
f 1376/2844/566 1377/2843/566 1382/2849/566
f 1389/2856/567 1385/2852/567 1390/2857/567
f 1389/2856/567 1388/2855/567 1385/2852/567
f 1391/2858/568 1393/2859/568 1392/2860/568
f 1391/2858/568 1394/2861/568 1393/2859/568
f 1386/2854/569 1384/2851/569 1383/2850/569
f 1386/2854/569 1387/2853/569 1384/2851/569
f 1392/2860/570 1396/2862/570 1395/2863/570
f 1392/2860/570 1393/2859/570 1396/2862/570
f 1397/2864/571 1399/2865/571 1398/2866/571
f 1397/2864/571 1400/2867/571 1399/2865/571
f 1391/2858/571 1401/2868/571 1394/2861/571
f 1397/2864/571 1402/2869/571 1400/2867/571
f 1402/2869/571 1401/2868/571 1391/2858/571
f 1401/2868/571 1402/2869/571 1397/2864/571
f 1403/2870/572 1405/2871/572 1404/2872/572
f 1403/2870/572 1406/2873/572 1405/2871/572
f 1406/2873/573 1407/2874/573 1405/2871/573
f 1406/2873/573 1408/2875/573 1407/2874/573
f 1409/2876/574 1411/2877/574 1410/2878/574
f 1409/2876/574 1412/2879/574 1411/2877/574
f 1412/2879/575 1413/2880/575 1411/2877/575
f 1412/2879/575 1414/2881/575 1413/2880/575
f 1414/2881/576 1415/2882/576 1413/2880/576
f 1414/2881/576 1416/2883/576 1415/2882/576
f 1416/2883/577 1417/2884/577 1415/2882/577
f 1416/2883/577 1418/2885/577 1417/2884/577
f 1418/2885/578 1419/2886/578 1417/2884/578
f 1418/2885/578 1420/2887/578 1419/2886/578
f 1420/2887/579 1421/2888/579 1419/2886/579
f 1420/2887/579 1422/2889/579 1421/2888/579
f 1422/2889/580 1423/2890/580 1421/2888/580
f 1422/2889/580 1424/2891/580 1423/2890/580
f 1425/2892/581 1427/2893/581 1426/2894/581
f 1425/2892/581 1428/2895/581 1427/2893/581
f 1428/2895/582 1429/2896/582 1427/2893/582
f 1428/2895/582 1430/2897/582 1429/2896/582
f 1430/2898/583 1431/399/583 1429/2899/583
f 1430/2898/583 1432/2900/583 1431/399/583
f 1432/2901/584 1433/2902/584 1431/2903/584
f 1432/2901/584 1434/2904/584 1433/2902/584
f 1434/2904/585 1435/2905/585 1433/2902/585
f 1434/2904/585 1436/2906/585 1435/2905/585
f 1395/2863/586 1389/2856/586 1390/2857/586
f 1395/2863/586 1396/2862/586 1389/2856/586
f 1437/2907/568 1398/2866/568 1399/2865/568
f 1437/2907/568 1438/2908/568 1398/2866/568
f 1439/2909/570 1438/2908/570 1437/2907/570
f 1439/2909/570 1440/2910/570 1438/2908/570
f 1441/2911/586 1440/2910/586 1439/2909/586
f 1441/2911/586 1442/2912/586 1440/2910/586
f 1443/2913/567 1442/2912/567 1441/2911/567
f 1443/2913/567 1444/2914/567 1442/2912/567
f 1445/2915/565 1444/2914/565 1443/2913/565
f 1445/2915/565 1446/2916/565 1444/2914/565
f 1447/2917/569 1446/2916/569 1445/2915/569
f 1447/2917/569 1448/2918/569 1446/2916/569
f 1449/2919/564 1448/2918/564 1447/2917/564
f 1449/2919/564 1450/2920/564 1448/2918/564
f 1451/2921/563 1450/2920/563 1449/2919/563
f 1451/2921/563 1452/2922/563 1450/2920/563
f 1345/2813/566 1452/2922/566 1451/2921/566
f 1345/2813/566 1346/2812/566 1452/2922/566
f 1453/2923/587 1455/2924/587 1454/2925/587
f 1453/2923/587 1456/2926/587 1455/2924/587
f 1457/2927/588 1453/2923/588 1458/2928/588
f 1457/2927/588 1456/2926/588 1453/2923/588
f 1459/2929/589 1458/2928/589 1460/2930/589
f 1459/2929/589 1457/2927/589 1458/2928/589
f 1461/2931/590 1460/2930/590 1462/2932/590
f 1461/2931/590 1459/2929/590 1460/2930/590
f 1463/2933/591 1461/2931/591 1462/2932/591
f 1463/2933/591 1464/2934/591 1461/2931/591
f 1463/2933/592 1465/2935/592 1464/2934/592
f 1463/2933/592 1466/2936/592 1465/2935/592
f 1467/2937/593 1466/2936/593 1468/2938/593
f 1467/2937/593 1465/2935/593 1466/2936/593
f 1469/2939/594 1468/2938/594 1470/2940/594
f 1469/2939/594 1467/2937/594 1468/2938/594
f 1471/2941/595 1469/2939/595 1470/2940/595
f 1471/2941/595 1472/2942/595 1469/2939/595
f 1473/2943/596 1471/2941/596 1474/2944/596
f 1473/2943/596 1472/2942/596 1471/2941/596
f 1475/137/597 1474/2945/597 1476/2946/597
f 1475/137/597 1473/2947/597 1474/2945/597
f 1477/2948/45 1479/2949/45 1478/2950/45
f 1479/2949/45 1481/2951/45 1480/2952/45
f 1481/2951/45 1483/2953/45 1482/2954/45
f 1484/2955/45 1486/2956/45 1485/2957/45
f 1481/2951/45 1484/2955/45 1483/2953/45
f 1487/2958/45 1477/2948/45 1488/2959/45
f 1487/2958/45 1479/2949/45 1477/2948/45
f 1479/2949/45 1484/2955/45 1481/2951/45
f 1484/2955/45 1489/2960/45 1486/2956/45
f 1489/2960/45 1491/2961/45 1490/2962/45
f 1492/2963/45 1494/2964/45 1493/2965/45
f 1489/2960/45 1492/2963/45 1491/2961/45
f 1495/2966/45 1479/2949/45 1487/2958/45
f 1496/2967/45 1479/2949/45 1495/2966/45
f 1489/2960/45 1494/2964/45 1492/2963/45
f 1497/2968/45 1499/2969/45 1498/2970/45
f 1489/2960/45 1497/2968/45 1494/2964/45
f 1496/2967/45 1484/2955/45 1479/2949/45
f 1500/2971/45 1502/2972/45 1501/2973/45
f 1502/2972/45 1484/2955/45 1496/2967/45
f 1497/2968/45 1503/2974/45 1499/2969/45
f 1497/2968/45 1504/2975/45 1503/2974/45
f 1500/2971/45 1484/2955/45 1502/2972/45
f 1505/2976/45 1500/2971/45 1506/2977/45
f 1507/2978/45 1505/2976/45 1508/2979/45
f 1509/2980/45 1507/2978/45 1510/2981/45
f 1511/2982/45 1509/2980/45 1512/2983/45
f 1513/2984/45 1509/2980/45 1511/2982/45
f 1509/2980/598 1505/2976/598 1507/2978/598
f 1505/2976/45 1484/2955/45 1500/2971/45
f 1489/2960/45 1504/2975/45 1497/2968/45
f 1514/2985/45 1516/2986/45 1515/2987/45
f 1489/2960/45 1514/2985/45 1504/2975/45
f 1509/2980/45 1484/2955/45 1505/2976/45
f 1517/2988/45 1509/2980/45 1513/2984/45
f 1518/2989/45 1517/2988/45 1519/2990/45
f 1520/2991/45 1517/2988/45 1518/2989/45
f 1509/2980/45 1489/2960/45 1484/2955/45
f 1520/2991/45 1509/2980/45 1517/2988/45
f 1520/2991/45 1489/2960/45 1509/2980/45
f 1489/2960/45 1516/2986/45 1514/2985/45
f 1521/2992/45 1523/2993/45 1522/2994/45
f 1489/2960/45 1521/2992/45 1516/2986/45
f 1524/2995/45 1489/2960/45 1520/2991/45
f 1521/2992/45 1524/2995/45 1523/2993/45
f 1489/2960/45 1524/2995/45 1521/2992/45
f 1525/2996/48 1527/2997/48 1526/2998/48
f 1527/2997/48 1529/2999/48 1528/3000/48
f 1529/2999/49 1531/3001/49 1530/3002/49
f 1531/3001/48 1533/3003/48 1532/3004/48
f 1533/3003/48 1535/3005/48 1534/3006/48
f 1533/3003/48 1536/3007/48 1535/3005/48
f 1529/2999/514 1533/3003/514 1531/3001/514
f 1533/3003/48 1537/3008/48 1536/3007/48
f 1537/3008/48 1539/3009/48 1538/3010/48
f 1537/3008/48 1540/3011/48 1539/3009/48
f 1533/3003/48 1540/3011/48 1537/3008/48
f 1541/3012/48 1543/3013/48 1542/3014/48
f 1544/3015/48 1541/3012/48 1545/3016/48
f 1546/3017/48 1544/3015/48 1547/3018/48
f 1548/3019/48 1546/3017/48 1549/3020/48
f 1550/3021/48 1552/3022/48 1551/3023/48
f 1552/3022/48 1546/3017/48 1548/3019/48
f 1544/3015/48 1543/3013/48 1541/3012/48
f 1544/3015/48 1553/3024/48 1543/3013/48
f 1552/3022/48 1544/3015/48 1546/3017/48
f 1554/3025/48 1552/3022/48 1550/3021/48
f 1555/3026/48 1554/3025/48 1556/3027/48
f 1557/3028/48 1559/3029/48 1558/3030/48
f 1559/3029/48 1554/3025/48 1555/3026/48
f 1544/3015/48 1560/3031/48 1553/3024/48
f 1544/3015/48 1525/2996/48 1560/3031/48
f 1557/3028/48 1554/3025/48 1559/3029/48
f 1561/213/48 1563/3032/48 1562/3033/48
f 1563/3032/48 1554/3025/48 1557/3028/48
f 1552/3022/48 1525/2996/48 1544/3015/48
f 1552/3022/48 1527/2997/48 1525/2996/48
f 1564/3034/48 1563/3032/48 1561/213/48
f 1565/3035/48 1563/3032/48 1564/3034/48
f 1552/3022/48 1529/2999/48 1527/2997/48
f 1552/3022/48 1533/3003/48 1529/2999/48
f 1565/3035/48 1554/3025/48 1563/3032/48
f 1566/3036/48 1568/3037/48 1567/3038/48
f 1568/3037/48 1554/3025/48 1565/3035/48
f 1554/3025/48 1533/3003/48 1552/3022/48
f 1554/3025/48 1540/3011/48 1533/3003/48
f 1566/3036/48 1554/3025/48 1568/3037/48
f 1569/3039/48 1571/3040/48 1570/3041/48
f 1571/3040/48 1554/3025/48 1566/3036/48
f 1554/3025/48 1572/3042/48 1540/3011/48
f 1572/3042/48 1571/3040/48 1569/3039/48
f 1572/3042/48 1554/3025/48 1571/3040/48
f 1573/3043/599 1575/3044/599 1574/3045/599
f 1576/3046/599 1578/3047/599 1577/3048/599
f 1576/3046/599 1579/3049/599 1578/3047/599
f 1573/3043/599 1580/432/599 1575/3044/599
f 1576/3046/599 1573/3043/599 1579/3049/599
f 1573/3043/599 1576/3046/599 1580/432/599
f 1581/3050/48 1583/3051/48 1582/3052/48
f 1583/3051/48 1585/3053/48 1584/3054/48
f 1585/3053/48 1587/3055/48 1586/3056/48
f 1587/3055/48 1589/3057/48 1588/3058/48
f 1589/3057/48 1591/3059/48 1590/3060/48
f 1591/3059/48 1593/3061/48 1592/3062/48
f 1593/3061/48 1579/3063/48 1594/3064/48
f 1593/3061/48 1578/3065/48 1579/3063/48
f 1589/3057/48 1593/3061/48 1591/3059/48
f 1585/3053/48 1589/3057/48 1587/3055/48
f 1581/3050/48 1585/3053/48 1583/3051/48
f 1595/3066/48 1597/3067/48 1596/3068/48
f 1597/3067/48 1585/3053/48 1581/3050/48
f 1589/3057/48 1578/3065/48 1593/3061/48
f 1589/3057/48 1598/3069/48 1578/3065/48
f 1595/3066/48 1585/3053/48 1597/3067/48
f 1599/3070/48 1601/3071/48 1600/3072/48
f 1601/3071/48 1585/3053/48 1595/3066/48
f 1589/3057/48 1602/3073/48 1598/3069/48
f 1589/3057/48 1603/3074/48 1602/3073/48
f 1604/3075/48 1601/3071/48 1599/3070/48
f 1605/3076/48 1601/3071/48 1604/3075/48
f 1589/3057/48 1606/3077/48 1603/3074/48
f 1589/3057/48 1607/3078/48 1606/3077/48
f 1608/3079/48 1601/3071/48 1605/3076/48
f 1609/3080/48 1601/3071/48 1608/3079/48
f 1585/3053/48 1607/3078/48 1589/3057/48
f 1610/3081/48 1612/3082/48 1611/3083/48
f 1585/3053/48 1610/3081/48 1607/3078/48
f 1609/3080/48 1585/3053/48 1601/3071/48
f 1613/3084/48 1615/3085/48 1614/3086/48
f 1615/3085/49 1585/3053/49 1609/3080/49
f 1585/3053/48 1612/3082/48 1610/3081/48
f 1612/3082/48 1617/3087/48 1616/3088/48
f 1612/3082/48 1618/3089/48 1617/3087/48
f 1613/3084/48 1585/3053/48 1615/3085/48
f 1619/3090/48 1621/3091/48 1620/3092/48
f 1621/3091/48 1585/3053/48 1613/3084/48
f 1585/3053/48 1618/3089/48 1612/3082/48
f 1585/3053/48 1622/3093/48 1618/3089/48
f 1619/3090/48 1585/3053/48 1621/3091/48
f 1623/3094/48 1625/3095/48 1624/3096/48
f 1625/3095/48 1585/3053/48 1619/3090/48
f 1585/3053/48 1623/3094/48 1622/3093/48
f 1585/3053/48 1625/3095/48 1623/3094/48
f 1592/3097/600 1627/3098/600 1626/3099/600
f 1592/3097/600 1593/3100/600 1627/3098/600
f 1628/3101/601 1630/3102/601 1629/3103/601
f 1628/3101/601 1631/3104/601 1630/3102/601
f 1632/3105/602 1634/3106/602 1633/3107/602
f 1635/385/602 1637/3108/602 1636/3109/602
f 1635/385/602 1638/3110/602 1637/3108/602
f 1632/3105/602 1639/384/602 1634/3106/602
f 1635/385/602 1632/3105/602 1638/3110/602
f 1632/3105/602 1635/385/602 1639/384/602
f 1640/3111/45 1642/3112/45 1641/3113/45
f 1643/3114/45 1645/3115/45 1644/3116/45
f 1645/3115/45 1647/3117/45 1646/3118/45
f 1647/3117/45 1649/3119/45 1648/3120/45
f 1650/3121/45 1652/3122/45 1651/3123/45
f 1645/3115/45 1649/3119/45 1647/3117/45
f 1643/3114/184 1649/3119/184 1645/3115/184
f 1653/3124/45 1655/3125/45 1654/3126/45
f 1655/3125/45 1657/3127/45 1656/3128/45
f 1658/3129/45 1660/3130/45 1659/3131/45
f 1661/3132/45 1663/3133/45 1662/3134/45
f 1661/3132/45 1664/3135/45 1663/3133/45
f 1660/3130/45 1664/3135/45 1661/3132/45
f 1665/3136/45 1655/3125/45 1653/3124/45
f 1633/3137/45 1666/3138/45 1632/3139/45
f 1666/3138/45 1668/3140/45 1667/3141/45
f 1668/3140/45 1670/3142/45 1669/3143/45
f 1670/3142/45 1672/3144/45 1671/3145/45
f 1672/3144/45 1674/3146/45 1673/3147/45
f 1674/3146/45 1676/3148/45 1675/3149/45
f 1677/3150/45 1679/3151/45 1678/3152/45
f 1674/3146/45 1677/3150/45 1676/3148/45
f 1668/3140/45 1672/3144/45 1670/3142/45
f 1633/3137/45 1668/3140/45 1666/3138/45
f 1680/3153/45 1668/3140/45 1633/3137/45
f 1672/3144/45 1677/3150/45 1674/3146/45
f 1677/3150/45 1681/3154/45 1679/3151/45
f 1681/3154/45 1683/3155/45 1682/3156/45
f 1683/3155/45 1640/3111/45 1684/3157/45
f 1683/3155/45 1642/3112/45 1640/3111/45
f 1677/3150/45 1683/3155/45 1681/3154/45
f 1664/3135/45 1668/3140/45 1680/3153/45
f 1660/3130/45 1668/3140/45 1664/3135/45
f 1672/3144/45 1683/3155/45 1677/3150/45
f 1683/3155/45 1643/3114/45 1642/3112/45
f 1683/3155/45 1649/3119/45 1643/3114/45
f 1660/3130/45 1672/3144/45 1668/3140/45
f 1658/3129/45 1672/3144/45 1660/3130/45
f 1672/3144/45 1649/3119/45 1683/3155/45
f 1672/3144/45 1650/3121/45 1649/3119/45
f 1657/3127/45 1672/3144/45 1658/3129/45
f 1655/3125/45 1672/3144/45 1657/3127/45
f 1672/3144/45 1652/3122/45 1650/3121/45
f 1672/3144/45 1685/3158/45 1652/3122/45
f 1665/3136/45 1672/3144/45 1655/3125/45
f 1685/3158/45 1672/3144/45 1665/3136/45
f 1686/3159/603 1666/3160/603 1667/3161/603
f 1686/3159/603 1687/3162/603 1666/3160/603
f 1688/3163/604 1690/3164/604 1689/3165/604
f 1688/3163/604 1691/3166/604 1690/3164/604
f 1692/3167/605 1694/3168/605 1693/3169/605
f 1692/3167/605 1695/3170/605 1694/3168/605
f 1693/3171/606 1697/3172/606 1696/3173/606
f 1693/3171/606 1694/3174/606 1697/3172/606
f 1696/3173/607 1699/3175/607 1698/3176/607
f 1696/3173/607 1697/3172/607 1699/3175/607
f 1700/3177/608 1702/3178/608 1701/3179/608
f 1700/3177/608 1703/3180/608 1702/3178/608
f 1704/3181/609 366/3182/609 1705/3183/609
f 1704/3181/609 365/3184/609 366/3182/609
f 1706/3185/610 1705/3186/610 1707/3187/610
f 1706/3185/610 1704/3188/610 1705/3186/610
f 1708/3189/611 1707/3187/611 1709/3190/611
f 1708/3189/611 1706/3185/611 1707/3187/611
f 1710/3191/612 1709/3190/612 1711/3192/612
f 1710/3191/612 1708/3189/612 1709/3190/612
f 1712/3193/613 1711/3192/613 1713/3194/613
f 1712/3193/613 1710/3191/613 1711/3192/613
f 1714/3195/614 1713/3194/614 1715/3196/614
f 1714/3195/614 1712/3193/614 1713/3194/614
f 1716/3197/615 1718/3198/615 1717/3199/615
f 1716/3197/616 1719/3200/616 1718/3198/616
f 1720/3201/615 1722/3202/615 1721/307/615
f 1716/3197/617 1723/3203/617 1719/3200/617
f 1723/3203/618 1722/3202/618 1720/3201/618
f 1722/3202/617 1723/3203/617 1716/3197/617
f 1724/3204/619 1716/3197/619 1725/3205/619
f 1724/3204/619 1722/3202/619 1716/3197/619
f 1726/1665/620 1728/3206/620 1727/3207/620
f 1728/3208/621 1730/3209/621 1729/3210/621
f 1730/3209/621 1726/3211/621 1731/3212/621
f 1726/3211/621 1730/3209/621 1728/3208/621
f 1732/3213/622 1730/3214/622 1733/3215/622
f 1732/3213/622 1729/3216/622 1730/3214/622
f 1488/3217/623 1734/3218/623 1487/3219/623
f 1435/2905/623 1543/3220/623 1735/3221/623
f 1435/2905/623 1542/3222/623 1543/3220/623
f 1488/3217/623 1436/2906/623 1734/3218/623
f 1435/2905/623 1488/3217/623 1542/3222/623
f 1488/3217/623 1435/2905/623 1436/2906/623
f 1544/3223/624 1478/427/624 1479/3224/624
f 1544/3223/624 1545/3225/624 1478/427/624
f 1703/3180/625 1736/3226/625 1702/3178/625
f 1703/3180/625 1737/3227/625 1736/3226/625
f 1738/3228/626 1740/421/626 1739/3229/626
f 1738/3228/626 1741/3230/626 1740/421/626
f 1742/3231/627 1744/3232/627 1743/3233/627
f 1742/3231/627 1745/3234/627 1744/3232/627
f 1746/3235/628 1738/3228/628 1739/3229/628
f 1746/3235/628 1747/3236/628 1738/3228/628
f 1748/3237/629 1740/3238/629 1741/3239/629
f 1748/3237/629 1749/3240/629 1740/3238/629
f 1745/3234/630 1746/3235/630 1744/3232/630
f 1745/3234/630 1747/3236/630 1746/3235/630
f 1695/3170/631 1691/3166/631 1688/3163/631
f 1695/3170/631 1692/3167/631 1691/3166/631
f 1699/3175/632 1701/3179/632 1698/3176/632
f 1699/3175/632 1700/3177/632 1701/3179/632
f 1362/3241/48 1471/3242/48 1361/3243/48
f 1362/3241/48 1474/3244/48 1471/3242/48
f 1371/3245/48 1470/3246/48 1373/3247/48
f 1470/3246/48 1361/3243/48 1471/3242/48
f 1365/3248/48 1470/3246/48 1371/3245/48
f 1470/3246/48 1365/3248/48 1361/3243/48
f 1379/3249/48 1468/3250/48 1369/3251/48
f 1468/3250/48 1373/3247/48 1470/3246/48
f 1468/3250/48 1379/3249/48 1373/3247/48
f 1466/3252/48 1369/3251/48 1468/3250/48
f 1369/3251/48 1381/3253/48 1368/3254/48
f 1369/3251/48 1466/3252/48 1381/3253/48
f 1463/3255/48 1381/3253/48 1466/3252/48
f 1376/3256/48 1463/3255/48 1375/3257/48
f 1381/3253/48 1463/3255/48 1376/3256/48
f 1375/3257/48 1462/3258/48 1383/3259/48
f 1375/3257/48 1463/3255/48 1462/3258/48
f 1460/3260/48 1383/3259/48 1462/3258/48
f 1386/3261/48 1460/3260/48 1385/3262/48
f 1383/3259/48 1460/3260/48 1386/3261/48
f 1385/3262/48 1458/3263/48 1390/3264/48
f 1385/3262/48 1460/3260/48 1458/3263/48
f 1453/3265/48 1390/3264/48 1458/3263/48
f 1453/3265/48 1395/3266/48 1390/3264/48
f 1391/3267/48 1454/3268/48 1402/3269/48
f 1454/3268/48 1395/3266/48 1453/3265/48
f 1392/3270/48 1454/3268/48 1391/3267/48
f 1454/3268/48 1392/3270/48 1395/3266/48
f 1528/3271/633 1750/3272/633 1527/3273/633
f 1528/3271/633 1751/3274/633 1750/3272/633
f 1362/2830/562 1753/3275/562 1752/3276/562
f 1362/2830/562 1363/2829/562 1753/3275/562
f 1560/3277/634 1754/3278/634 1553/3279/634
f 1560/3277/634 1755/3280/634 1754/3278/634
f 1525/3281/635 1755/3280/635 1560/3277/635
f 1525/3281/635 1756/3282/635 1755/3280/635
f 1526/3283/636 1756/3282/636 1525/3281/636
f 1526/3283/636 1757/3284/636 1756/3282/636
f 1758/3285/637 1528/3271/637 1529/3286/637
f 1758/3285/637 1751/3274/637 1528/3271/637
f 1530/3287/638 1758/3285/638 1529/3286/638
f 1530/3287/638 1759/3288/638 1758/3285/638
f 1760/3289/639 1530/3287/639 1531/3290/639
f 1760/3289/639 1759/3288/639 1530/3287/639
f 1536/3291/640 1761/3292/640 1535/3293/640
f 1536/3291/640 1762/3294/640 1761/3292/640
f 1527/3273/641 1757/3284/641 1526/3283/641
f 1527/3273/641 1750/3272/641 1757/3284/641
f 1532/3295/642 1760/3289/642 1531/3290/642
f 1532/3295/642 1763/3296/642 1760/3289/642
f 1533/3297/643 1763/3296/643 1532/3295/643
f 1533/3297/643 1764/3298/643 1763/3296/643
f 1537/3299/644 1762/3294/644 1536/3291/644
f 1537/3299/644 1765/3300/644 1762/3294/644
f 1535/3293/645 1766/3301/645 1534/3302/645
f 1535/3293/645 1761/3292/645 1766/3301/645
f 1767/3303/646 1537/3299/646 1538/3304/646
f 1767/3303/646 1765/3300/646 1537/3299/646
f 1539/3305/647 1767/3303/647 1538/3304/647
f 1539/3305/647 1768/3306/647 1767/3303/647
f 1540/3307/648 1768/3306/648 1539/3305/648
f 1540/3307/648 1769/3308/648 1768/3306/648
f 1567/3309/649 1770/3310/649 1566/3311/649
f 1567/3309/649 1771/3312/649 1770/3310/649
f 1534/3313/650 1764/3314/650 1533/3315/650
f 1534/3313/650 1766/2788/650 1764/3314/650
f 1572/3316/651 1769/3308/651 1540/3307/651
f 1572/3316/651 1772/3317/651 1769/3308/651
f 1569/3318/652 1772/3317/652 1572/3316/652
f 1569/3318/652 1773/3319/652 1772/3317/652
f 1570/3320/653 1773/3319/653 1569/3318/653
f 1570/3320/653 1774/3321/653 1773/3319/653
f 1775/3322/654 1567/3309/654 1568/3323/654
f 1775/3322/654 1771/3312/654 1567/3309/654
f 1566/3311/655 1776/3324/655 1571/3325/655
f 1566/3311/655 1770/3310/655 1776/3324/655
f 1571/3325/656 1774/3321/656 1570/3320/656
f 1571/3325/656 1776/3324/656 1774/3321/656
f 1565/3326/657 1775/3322/657 1568/3323/657
f 1565/3326/657 1777/3327/657 1775/3322/657
f 1564/3328/658 1777/3327/658 1565/3326/658
f 1564/3328/658 1778/3329/658 1777/3327/658
f 1561/3330/659 1778/3331/659 1564/3332/659
f 1779/3333/659 1503/3334/659 1780/3335/659
f 1779/3333/659 1499/3336/659 1503/3334/659
f 1561/3330/659 1781/3337/659 1778/3331/659
f 1779/3333/660 1561/3330/660 1499/3336/660
f 1561/3330/659 1779/3333/659 1781/3337/659
f 1782/3338/661 1784/3339/661 1783/3340/661
f 1782/3338/661 1785/3341/661 1784/3339/661
f 1785/3341/662 1786/3342/662 1784/3339/662
f 1785/3341/662 1787/3343/662 1786/3342/662
f 1787/3343/663 1788/3344/663 1786/3342/663
f 1787/3343/663 1789/3345/663 1788/3344/663
f 1789/3345/664 1790/3346/664 1788/3344/664
f 1789/3345/664 1791/3347/664 1790/3346/664
f 1791/3347/665 1792/3348/665 1790/3346/665
f 1791/3347/665 1793/3349/665 1792/3348/665
f 1793/3349/666 1794/3350/666 1792/3348/666
f 1793/3349/666 1795/3351/666 1794/3350/666
f 1795/3351/667 1796/3352/667 1794/3350/667
f 1795/3351/667 1797/3353/667 1796/3352/667
f 1797/3353/668 1798/3354/668 1796/3352/668
f 1797/3353/668 1799/3355/668 1798/3354/668
f 1799/3355/669 1800/3356/669 1798/3354/669
f 1799/3355/669 1801/3357/669 1800/3356/669
f 1801/3357/670 1802/3358/670 1800/3356/670
f 1801/3357/670 1803/3359/670 1802/3358/670
f 1803/3359/671 1804/3360/671 1802/3358/671
f 1803/3359/671 1805/3361/671 1804/3360/671
f 1805/3361/672 1806/3362/672 1804/3360/672
f 1805/3361/672 1807/3363/672 1806/3362/672
f 1807/3363/673 1808/3364/673 1806/3362/673
f 1807/3363/673 1809/3365/673 1808/3364/673
f 1809/3365/674 1810/3366/674 1808/3364/674
f 1809/3365/674 1811/3367/674 1810/3366/674
f 1811/3367/675 1812/3368/675 1810/3366/675
f 1811/3367/675 1813/3369/675 1812/3368/675
f 1813/3369/676 1814/3370/676 1812/3368/676
f 1813/3369/676 1815/3371/676 1814/3370/676
f 1815/3371/677 1816/3372/677 1814/3370/677
f 1815/3371/677 1817/3373/677 1816/3372/677
f 1817/3373/678 1818/3374/678 1816/3372/678
f 1817/3373/678 1819/3375/678 1818/3374/678
f 1819/3375/679 1820/3376/679 1818/3374/679
f 1819/3375/679 1821/3377/679 1820/3376/679
f 1821/3377/680 1822/3378/680 1820/3376/680
f 1821/3377/680 1823/3379/680 1822/3378/680
f 1823/3379/681 1824/3380/681 1822/3378/681
f 1823/3379/681 1825/3381/681 1824/3380/681
f 1825/3381/682 1826/3382/682 1824/3380/682
f 1825/3381/682 1827/3383/682 1826/3382/682
f 1827/3383/683 1828/3384/683 1826/3382/683
f 1827/3383/683 1829/3385/683 1828/3384/683
f 1829/3385/684 1830/3386/684 1828/3384/684
f 1829/3385/684 1831/3387/684 1830/3386/684
f 1831/3387/685 1832/3388/685 1830/3386/685
f 1831/3387/685 1833/3389/685 1832/3388/685
f 1833/3389/686 1576/2634/686 1832/3388/686
f 1833/3389/686 1580/3390/686 1576/2634/686
f 1487/1723/687 1834/3391/687 1495/3392/687
f 1487/1723/687 1734/3393/687 1834/3391/687
f 1495/3392/634 1835/3394/634 1496/3395/634
f 1495/3392/634 1834/3391/634 1835/3394/634
f 1496/3395/635 1836/3396/635 1502/3397/635
f 1496/3395/635 1835/3394/635 1836/3396/635
f 1502/3397/636 1837/3398/636 1501/3399/636
f 1502/3397/636 1836/3396/636 1837/3398/636
f 1501/3399/641 1838/3400/641 1500/3401/641
f 1501/3399/641 1837/3398/641 1838/3400/641
f 1500/3401/633 1839/3402/633 1506/3403/633
f 1500/3401/633 1838/3400/633 1839/3402/633
f 1506/3403/637 1840/3404/637 1505/3405/637
f 1506/3403/637 1839/3402/637 1840/3404/637
f 1505/3405/638 1841/3406/638 1508/3407/638
f 1505/3405/638 1840/3404/638 1841/3406/638
f 1508/3407/639 1842/3408/639 1507/3409/639
f 1508/3407/639 1841/3406/639 1842/3408/639
f 1507/3409/642 1843/3410/642 1510/3411/642
f 1507/3409/642 1842/3408/642 1843/3410/642
f 1510/3411/643 1844/3412/643 1509/3413/643
f 1510/3411/643 1843/3410/643 1844/3412/643
f 1509/3414/650 1845/3415/650 1512/3416/650
f 1509/3414/650 1844/3417/650 1845/3415/650
f 1512/3418/645 1846/3419/645 1511/3420/645
f 1512/3418/645 1845/3421/645 1846/3419/645
f 1511/3420/640 1847/3422/640 1513/3423/640
f 1511/3420/640 1846/3419/640 1847/3422/640
f 1513/3423/644 1848/3424/644 1517/3425/644
f 1513/3423/644 1847/3422/644 1848/3424/644
f 1517/3425/646 1849/3426/646 1519/3427/646
f 1517/3425/646 1848/3424/646 1849/3426/646
f 1519/3427/647 1850/3428/647 1518/3429/647
f 1519/3427/647 1849/3426/647 1850/3428/647
f 1518/3429/648 1851/3430/648 1520/3431/648
f 1518/3429/648 1850/3428/648 1851/3430/648
f 1520/3431/651 1852/3432/651 1524/3433/651
f 1520/3431/651 1851/3430/651 1852/3432/651
f 1524/3433/652 1853/3434/652 1523/3435/652
f 1524/3433/652 1852/3432/652 1853/3434/652
f 1523/3435/653 1854/3436/653 1522/3437/653
f 1523/3435/653 1853/3434/653 1854/3436/653
f 1522/3437/656 1855/3438/656 1521/3439/656
f 1522/3437/656 1854/3436/656 1855/3438/656
f 1521/3439/655 1856/3440/655 1516/3441/655
f 1521/3439/655 1855/3438/655 1856/3440/655
f 1516/3441/649 1857/3442/649 1515/3443/649
f 1516/3441/649 1856/3440/649 1857/3442/649
f 1515/3443/654 1858/3444/654 1514/3445/654
f 1515/3443/654 1857/3442/654 1858/3444/654
f 1514/3445/657 1859/3446/657 1504/3447/657
f 1514/3445/657 1858/3444/657 1859/3446/657
f 1504/3447/658 1780/3448/658 1503/3449/658
f 1504/3447/658 1859/3446/658 1780/3448/658
f 1497/3450/688 1562/3451/688 1563/3452/688
f 1497/3450/688 1498/3453/688 1562/3451/688
f 1494/3454/689 1563/3452/689 1557/3455/689
f 1494/3454/689 1497/3450/689 1563/3452/689
f 1493/3456/690 1557/3455/690 1558/3457/690
f 1493/3456/690 1494/3454/690 1557/3455/690
f 1559/3458/691 1493/3456/691 1558/3457/691
f 1559/3458/691 1492/3459/691 1493/3456/691
f 1491/3460/692 1559/3458/692 1555/3461/692
f 1491/3460/692 1492/3459/692 1559/3458/692
f 1490/3462/693 1555/3461/693 1556/3463/693
f 1490/3462/693 1491/3460/693 1555/3461/693
f 1489/3464/694 1556/3463/694 1554/3465/694
f 1489/3464/694 1490/3462/694 1556/3463/694
f 1550/3466/695 1489/3464/695 1554/3465/695
f 1550/3466/695 1486/3467/695 1489/3464/695
f 1551/3468/696 1486/3467/696 1550/3466/696
f 1551/3468/696 1485/3469/696 1486/3467/696
f 1552/3470/697 1485/3469/697 1551/3468/697
f 1552/3470/697 1484/3471/697 1485/3469/697
f 1483/3472/698 1552/3470/698 1548/3473/698
f 1483/3472/698 1484/3471/698 1552/3470/698
f 1482/3474/699 1548/3473/699 1549/3475/699
f 1482/3474/699 1483/3472/699 1548/3473/699
f 1481/3476/700 1549/3475/700 1546/3477/700
f 1481/3476/700 1482/3474/700 1549/3475/700
f 1547/3478/701 1481/3476/701 1546/3477/701
f 1547/3478/701 1480/3479/701 1481/3476/701
f 1479/3224/702 1547/3478/702 1544/3223/702
f 1479/3224/702 1480/3479/702 1547/3478/702
f 1553/3279/687 1735/1675/687 1543/3480/687
f 1553/3279/687 1754/3278/687 1735/1675/687
f 1574/3481/703 1861/3482/703 1860/3483/703
f 1574/3481/703 1575/1288/703 1861/3482/703
f 1860/3483/704 1863/3484/704 1862/3485/704
f 1860/3483/704 1861/3482/704 1863/3484/704
f 1862/3485/705 1865/3486/705 1864/3487/705
f 1862/3485/705 1863/3484/705 1865/3486/705
f 1864/3487/706 1867/3488/706 1866/3489/706
f 1864/3487/706 1865/3486/706 1867/3488/706
f 1866/3489/707 1869/3490/707 1868/3491/707
f 1866/3489/707 1867/3488/707 1869/3490/707
f 1868/3491/708 1871/3492/708 1870/3493/708
f 1868/3491/708 1869/3490/708 1871/3492/708
f 1870/3493/709 1873/3494/709 1872/3495/709
f 1870/3493/709 1871/3492/709 1873/3494/709
f 1872/3495/710 1875/3496/710 1874/3497/710
f 1872/3495/710 1873/3494/710 1875/3496/710
f 1874/3497/711 1877/3498/711 1876/3499/711
f 1874/3497/711 1875/3496/711 1877/3498/711
f 1876/3499/712 1879/3500/712 1878/3501/712
f 1876/3499/712 1877/3498/712 1879/3500/712
f 1878/3501/713 1881/3502/713 1880/3503/713
f 1878/3501/713 1879/3500/713 1881/3502/713
f 1880/3503/714 1883/3504/714 1882/3505/714
f 1880/3503/714 1881/3502/714 1883/3504/714
f 1882/3505/715 1885/3506/715 1884/3507/715
f 1882/3505/715 1883/3504/715 1885/3506/715
f 1884/3507/716 1887/3508/716 1886/3509/716
f 1884/3507/716 1885/3506/716 1887/3508/716
f 1886/3509/717 1889/3510/717 1888/3511/717
f 1886/3509/717 1887/3508/717 1889/3510/717
f 1888/3511/718 1891/3512/718 1890/3513/718
f 1888/3511/718 1889/3510/718 1891/3512/718
f 1890/3513/719 1893/3514/719 1892/3515/719
f 1890/3513/719 1891/3512/719 1893/3514/719
f 1892/3515/720 1895/3516/720 1894/3517/720
f 1892/3515/720 1893/3514/720 1895/3516/720
f 1894/3517/721 1897/3518/721 1896/3519/721
f 1894/3517/721 1895/3516/721 1897/3518/721
f 1896/3519/722 1899/3520/722 1898/3521/722
f 1896/3519/722 1897/3518/722 1899/3520/722
f 1898/3521/723 1901/3522/723 1900/3523/723
f 1898/3521/723 1899/3520/723 1901/3522/723
f 1900/3523/724 1903/3524/724 1902/3525/724
f 1900/3523/724 1901/3522/724 1903/3524/724
f 1902/3525/725 1905/3526/725 1904/3527/725
f 1902/3525/725 1903/3524/725 1905/3526/725
f 1904/3527/726 1907/3528/726 1906/3529/726
f 1904/3527/726 1905/3526/726 1907/3528/726
f 1906/3529/727 1909/3530/727 1908/3531/727
f 1906/3529/727 1907/3528/727 1909/3530/727
f 1604/3532/727 1910/3533/727 1605/3534/727
f 1604/3532/727 1911/3535/727 1910/3533/727
f 1912/3536/728 1600/3537/728 1913/740/728
f 1912/3536/728 1599/3538/728 1600/3537/728
f 1914/3539/729 1600/3540/729 1601/3541/729
f 1914/3539/729 1913/3542/729 1600/3540/729
f 1608/3543/725 1915/3544/725 1609/3545/725
f 1608/3543/725 1916/3546/725 1915/3544/725
f 1917/3547/45 1626/3548/45 1627/3549/45
f 1626/3548/45 1919/3550/45 1918/3551/45
f 1920/3552/45 1922/3553/45 1921/3554/45
f 1626/3548/45 1920/3552/45 1919/3550/45
f 1573/3555/45 1626/3548/45 1917/3547/45
f 1574/3556/45 1626/3548/45 1573/3555/45
f 1626/3548/45 1922/3553/45 1920/3552/45
f 1922/3553/45 1924/3557/45 1923/3558/45
f 1924/3557/45 1926/3559/45 1925/3560/45
f 1926/3559/45 1928/3561/45 1927/3562/45
f 1929/3563/45 1931/3564/45 1930/3565/45
f 1926/3559/45 1929/3563/45 1928/3561/45
f 1922/3553/45 1926/3559/45 1924/3557/45
f 1860/3566/45 1626/3548/45 1574/3556/45
f 1862/3567/45 1626/3548/45 1860/3566/45
f 1922/3553/45 1929/3563/45 1926/3559/45
f 1929/3563/45 1914/3568/45 1931/3564/45
f 1914/3568/45 1912/3569/45 1913/3570/45
f 1912/3569/45 1906/3571/45 1908/3572/45
f 1914/3568/45 1906/3571/45 1912/3569/45
f 1862/3567/45 1922/3553/45 1626/3548/45
f 1864/3573/45 1922/3553/45 1862/3567/45
f 1929/3563/45 1906/3571/45 1914/3568/45
f 1929/3563/45 1904/3574/45 1906/3571/45
f 1866/3575/45 1922/3553/45 1864/3573/45
f 1868/3576/45 1922/3553/45 1866/3575/45
f 1929/3563/45 1902/3577/45 1904/3574/45
f 1900/3578/45 1896/3579/45 1898/3580/45
f 1929/3563/45 1900/3578/45 1902/3577/45
f 1870/3581/45 1922/3553/45 1868/3576/45
f 1874/3582/45 1870/3581/45 1872/3583/45
f 1878/3584/184 1874/3582/184 1876/3585/184
f 1880/3586/45 1874/3582/45 1878/3584/45
f 1874/3582/45 1922/3553/45 1870/3581/45
f 1929/3563/45 1896/3579/45 1900/3578/45
f 1894/3587/45 1890/3588/45 1892/3589/45
f 1929/3563/45 1894/3587/45 1896/3579/45
f 1874/3582/45 1929/3563/45 1922/3553/45
f 1880/3586/45 1929/3563/45 1874/3582/45
f 1929/3563/45 1890/3588/45 1894/3587/45
f 1888/3590/45 1884/3591/45 1886/3592/45
f 1929/3563/45 1888/3590/45 1890/3588/45
f 1882/3593/45 1929/3563/45 1880/3586/45
f 1929/3563/45 1884/3591/45 1888/3590/45
f 1929/3563/45 1882/3593/45 1884/3591/45
f 1932/3594/730 1934/3595/730 1933/3596/730
f 1932/3594/730 1935/3597/730 1934/3595/730
f 1607/3598/707 1936/3599/707 1606/3600/707
f 1607/3598/707 1937/3601/707 1936/3599/707
f 1938/3602/731 1940/3603/731 1939/3604/731
f 1938/3602/731 1941/3605/731 1940/3603/731
f 1941/3605/732 1942/3606/732 1940/3603/732
f 1941/3605/732 1943/3607/732 1942/3606/732
f 1943/3607/733 1944/3608/733 1942/3606/733
f 1943/3607/733 1945/3609/733 1944/3608/733
f 1945/3609/734 1946/3610/734 1944/3608/734
f 1945/3609/734 1947/3611/734 1946/3610/734
f 1947/3611/735 1948/3612/735 1946/3610/735
f 1947/3611/735 1949/3613/735 1948/3612/735
f 1949/3613/736 1950/3614/736 1948/3612/736
f 1949/3613/736 1951/3615/736 1950/3614/736
f 1951/3615/737 1952/3616/737 1950/3614/737
f 1951/3615/737 1953/3617/737 1952/3616/737
f 1953/3617/738 1954/3618/738 1952/3616/738
f 1953/3617/738 1955/3619/738 1954/3618/738
f 1955/3619/739 1956/3620/739 1954/3618/739
f 1955/3619/739 1957/3621/739 1956/3620/739
f 1957/3621/740 1958/3622/740 1956/3620/740
f 1957/3621/740 1959/3623/740 1958/3622/740
f 1959/3623/741 1960/3624/741 1958/3622/741
f 1959/3623/741 1961/3625/741 1960/3624/741
f 1961/3625/742 1962/3626/742 1960/3624/742
f 1961/3625/742 1963/3627/742 1962/3626/742
f 1963/3627/743 1964/3628/743 1962/3626/743
f 1963/3627/743 1965/3629/743 1964/3628/743
f 1965/3629/744 1966/3630/744 1964/3628/744
f 1965/3629/744 1967/3631/744 1966/3630/744
f 1967/3631/745 1968/3632/745 1966/3630/745
f 1967/3631/745 1969/3633/745 1968/3632/745
f 1969/3633/746 1970/3634/746 1968/3632/746
f 1969/3633/746 1971/3635/746 1970/3634/746
f 1971/3635/745 1972/3636/745 1970/3634/745
f 1971/3635/745 1973/3637/745 1972/3636/745
f 1973/3637/747 1974/3638/747 1972/3636/747
f 1973/3637/747 1975/3639/747 1974/3638/747
f 1975/3639/748 1976/3640/748 1974/3638/748
f 1975/3639/748 1977/3641/748 1976/3640/748
f 1977/3641/749 1978/3642/749 1976/3640/749
f 1977/3641/749 1979/3643/749 1978/3642/749
f 1979/3643/750 1980/3644/750 1978/3642/750
f 1979/3643/750 1981/3645/750 1980/3644/750
f 1981/3645/751 1982/3646/751 1980/3644/751
f 1981/3645/751 1983/3647/751 1982/3646/751
f 1983/3647/752 1984/3648/752 1982/3646/752
f 1983/3647/752 1985/3649/752 1984/3648/752
f 1985/3649/753 1986/3650/753 1984/3648/753
f 1985/3649/753 1987/3651/753 1986/3650/753
f 1987/3651/754 1988/3652/754 1986/3650/754
f 1987/3651/754 1989/3653/754 1988/3652/754
f 1989/3653/755 1990/3654/755 1988/3652/755
f 1989/3653/755 1991/3655/755 1990/3654/755
f 1991/3655/756 1992/3656/756 1990/3654/756
f 1991/3655/756 1993/3657/756 1992/3656/756
f 1993/3657/757 1994/3658/757 1992/3656/757
f 1993/3657/757 1995/3659/757 1994/3658/757
f 1995/3659/758 1996/3660/758 1994/3658/758
f 1995/3659/758 1997/3661/758 1996/3660/758
f 1997/3661/759 1998/3662/759 1996/3660/759
f 1997/3661/759 1999/3663/759 1998/3662/759
f 1999/3663/760 2000/3664/760 1998/3662/760
f 1999/3663/760 2001/3665/760 2000/3664/760
f 2001/3665/761 2002/3666/761 2000/3664/761
f 2001/3665/761 2003/3667/761 2002/3666/761
f 2003/3667/762 2004/3668/762 2002/3666/762
f 2003/3667/762 2005/3669/762 2004/3668/762
f 2005/3669/763 2006/3670/763 2004/3668/763
f 2005/3669/763 2007/3671/763 2006/3670/763
f 2007/3671/764 2008/3672/764 2006/3670/764
f 2007/3671/764 2009/3673/764 2008/3672/764
f 2009/3673/757 2010/3674/757 2008/3672/757
f 2009/3673/757 2011/3675/757 2010/3674/757
f 2011/3675/765 2012/3676/765 2010/3674/765
f 2011/3675/765 2013/3677/765 2012/3676/765
f 2013/3677/766 2014/3678/766 2012/3676/766
f 2013/3677/766 2015/3679/766 2014/3678/766
f 2015/3679/767 1635/1726/767 2014/3678/767
f 2015/3679/767 1639/3680/767 1635/1726/767
f 1935/3597/768 1908/3531/768 1909/3530/768
f 1935/3597/768 1912/3681/768 1908/3531/768
f 1604/3532/768 1932/3594/768 1911/3535/768
f 1935/3597/768 1599/3682/768 1912/3681/768
f 1599/3682/768 1932/3594/768 1604/3532/768
f 1932/3594/768 1599/3682/768 1935/3597/768
f 1598/3683/703 1577/3684/703 1578/3685/703
f 1598/3683/703 2016/3686/703 1577/3684/703
f 1602/3687/704 2016/3686/704 1598/3683/704
f 1602/3687/704 2017/3688/704 2016/3686/704
f 1610/3689/708 1937/3601/708 1607/3598/708
f 1610/3689/708 2018/3690/708 1937/3601/708
f 1606/3600/706 2019/3691/706 1603/3692/706
f 1606/3600/706 1936/3599/706 2019/3691/706
f 2020/3693/712 1616/3694/712 1617/3695/712
f 2020/3693/712 2021/3696/712 1616/3694/712
f 1603/3692/705 2017/3688/705 1602/3687/705
f 1603/3692/705 2019/3691/705 2017/3688/705
f 1611/3697/709 2018/3690/709 1610/3689/709
f 1611/3697/709 2022/3698/709 2018/3690/709
f 1618/3699/713 2020/3693/713 1617/3695/713
f 1618/3699/713 2023/3700/713 2020/3693/713
f 1616/3694/711 2024/3701/711 1612/3702/711
f 1616/3694/711 2021/3696/711 2024/3701/711
f 2025/3703/714 1618/3699/714 1622/3704/714
f 2025/3703/714 2023/3700/714 1618/3699/714
f 1623/3705/715 2025/3703/715 1622/3704/715
f 1623/3705/715 2026/3706/715 2025/3703/715
f 1624/3707/716 2026/3706/716 1623/3705/716
f 1624/3707/716 2027/3708/716 2026/3706/716
f 2028/3709/719 1619/3710/719 1620/3711/719
f 2028/3709/719 2029/3712/719 1619/3710/719
f 1612/3702/710 2022/3698/710 1611/3697/710
f 1612/3702/710 2024/3701/710 2022/3698/710
f 1609/3545/724 2030/3713/724 1615/3714/724
f 1609/3545/724 1915/3544/724 2030/3713/724
f 1619/3710/718 2031/3715/718 1625/3716/718
f 1619/3710/718 2029/3712/718 2031/3715/718
f 1625/3716/717 2027/3708/717 1624/3707/717
f 1625/3716/717 2031/3715/717 2027/3708/717
f 1621/3717/720 2028/3709/720 1620/3711/720
f 1621/3717/720 2032/3718/720 2028/3709/720
f 1613/3719/721 2032/3718/721 1621/3717/721
f 1613/3719/721 2033/3720/721 2032/3718/721
f 1614/3721/722 2033/3720/722 1613/3719/722
f 1614/3721/722 2034/3722/722 2033/3720/722
f 1615/3714/723 2034/3722/723 1614/3721/723
f 1615/3714/723 2030/3713/723 2034/3722/723
f 1931/3723/769 1601/3541/769 1595/3724/769
f 1931/3723/769 1914/3539/769 1601/3541/769
f 1596/3725/770 1931/3723/770 1595/3724/770
f 1596/3725/770 1930/3726/770 1931/3723/770
f 1929/3727/771 1596/3725/771 1597/3728/771
f 1929/3727/771 1930/3726/771 1596/3725/771
f 1928/3729/772 1597/3728/772 1581/3730/772
f 1928/3729/772 1929/3727/772 1597/3728/772
f 1927/3731/773 1581/3730/773 1582/3732/773
f 1927/3731/773 1928/3729/773 1581/3730/773
f 1583/3733/774 1927/3731/774 1582/3732/774
f 1583/3733/774 1926/3734/774 1927/3731/774
f 1584/3735/775 1926/3734/775 1583/3733/775
f 1584/3735/775 1925/3736/775 1926/3734/775
f 1585/3737/776 1925/3736/776 1584/3735/776
f 1585/3737/776 1924/3738/776 1925/3736/776
f 1586/3739/777 1924/3738/777 1585/3737/777
f 1586/3739/777 1923/3740/777 1924/3738/777
f 1922/3741/778 1586/3739/778 1587/3742/778
f 1922/3741/778 1923/3740/778 1586/3739/778
f 1921/3743/779 1587/3742/779 1588/3744/779
f 1921/3743/779 1922/3741/779 1587/3742/779
f 1920/3745/780 1588/3744/780 1589/3746/780
f 1920/3745/780 1921/3743/780 1588/3744/780
f 1919/3747/781 1589/3746/781 1590/3748/781
f 1919/3747/781 1920/3745/781 1589/3746/781
f 1918/3749/782 1590/3748/782 1591/3750/782
f 1918/3749/782 1919/3747/782 1590/3748/782
f 1626/3099/783 1591/3750/783 1592/3097/783
f 1626/3099/783 1918/3749/783 1591/3750/783
f 1605/3534/726 1916/3546/726 1608/3543/726
f 1605/3534/726 1910/3533/726 1916/3546/726
f 2035/3751/784 1733/3752/784 2036/3753/784
f 2035/3751/784 1732/3754/784 1733/3752/784
f 2037/3755/785 2036/3753/785 2038/3756/785
f 2037/3755/785 2035/3751/785 2036/3753/785
f 2039/3757/786 2038/3756/786 2040/3758/786
f 2039/3757/786 2037/3755/786 2038/3756/786
f 2041/3759/787 2040/3758/787 2042/3760/787
f 2041/3759/787 2039/3757/787 2040/3758/787
f 2043/3761/788 2042/3760/788 2044/3762/788
f 2043/3761/788 2041/3759/788 2042/3760/788
f 2045/3763/789 2044/3762/789 2046/3764/789
f 2045/3763/789 2043/3761/789 2044/3762/789
f 2047/3765/790 2046/3764/790 2048/3766/790
f 2047/3765/790 2045/3763/790 2046/3764/790
f 2049/3767/791 2048/3766/791 2050/3768/791
f 2049/3767/791 2047/3765/791 2048/3766/791
f 2051/3769/792 2050/3768/792 2052/3770/792
f 2051/3769/792 2049/3767/792 2050/3768/792
f 2053/3771/793 2052/3770/793 2054/3772/793
f 2053/3771/793 2051/3769/793 2052/3770/793
f 2055/3773/794 2054/3772/794 2056/3774/794
f 2055/3773/794 2053/3771/794 2054/3772/794
f 2057/3775/795 2056/3774/795 2058/3776/795
f 2057/3775/795 2055/3773/795 2056/3774/795
f 2059/3777/796 2058/3776/796 2060/3778/796
f 2059/3777/796 2057/3775/796 2058/3776/796
f 2061/3779/797 2060/3778/797 2062/3780/797
f 2061/3779/797 2059/3777/797 2060/3778/797
f 2063/3781/798 2062/3780/798 2064/3782/798
f 2063/3781/798 2061/3779/798 2062/3780/798
f 2065/3783/799 2064/3782/799 2066/3784/799
f 2065/3783/799 2063/3781/799 2064/3782/799
f 2067/3785/800 2066/3784/800 2068/3786/800
f 2067/3785/800 2065/3783/800 2066/3784/800
f 2069/3787/801 2068/3786/801 2070/3788/801
f 2069/3787/801 2067/3785/801 2068/3786/801
f 2071/3789/802 2070/3788/802 2072/3790/802
f 2071/3789/802 2069/3787/802 2070/3788/802
f 2073/3791/803 2072/3790/803 2074/3792/803
f 2073/3791/803 2071/3789/803 2072/3790/803
f 2075/3793/804 2074/3792/804 2076/3794/804
f 2075/3793/804 2073/3791/804 2074/3792/804
f 2077/3795/805 2076/3794/805 2078/3796/805
f 2077/3795/805 2075/3793/805 2076/3794/805
f 2079/3797/806 2078/3796/806 2080/3798/806
f 2079/3797/806 2077/3795/806 2078/3796/806
f 2081/3799/801 2080/3798/801 2082/3800/801
f 2081/3799/801 2079/3797/801 2080/3798/801
f 2083/3801/765 2082/3800/765 2084/3802/765
f 2083/3801/765 2081/3799/765 2082/3800/765
f 2085/3803/807 2084/3802/807 2086/3804/807
f 2085/3803/808 2083/3801/808 2084/3802/808
f 2087/3805/809 2086/3804/809 2088/3806/809
f 2087/3805/809 2085/3803/809 2086/3804/809
f 2089/3807/810 2088/3806/810 2090/3808/810
f 2089/3807/810 2087/3805/810 2088/3806/810
f 2091/3809/811 2090/3808/811 2092/3810/811
f 2091/3809/811 2089/3807/811 2090/3808/811
f 2093/3811/765 2092/3810/765 2094/3812/765
f 2093/3811/765 2091/3809/765 2092/3810/765
f 2095/3813/812 2094/3812/812 2096/3814/812
f 2095/3813/812 2093/3811/812 2094/3812/812
f 2097/3815/813 2096/3814/813 2098/3816/813
f 2097/3815/813 2095/3813/813 2096/3814/813
f 2099/3817/814 2101/3818/814 2100/3819/814
f 2099/3817/814 2102/3820/814 2101/3818/814
f 2101/3818/815 2103/3821/815 2100/3819/815
f 2101/3818/815 2104/3822/815 2103/3821/815
f 2103/3821/816 2106/3823/816 2105/3824/816
f 2103/3821/816 2104/3822/816 2106/3823/816
f 2105/3824/817 2108/3825/817 2107/3826/817
f 2105/3824/817 2106/3823/817 2108/3825/817
f 2108/3825/818 2109/3827/818 2107/3826/818
f 2108/3825/818 2110/3828/818 2109/3827/818
f 2109/3827/819 2112/3829/819 2111/3830/819
f 2109/3827/819 2110/3828/819 2112/3829/819
f 2111/3830/820 2114/3831/820 2113/3832/820
f 2111/3830/820 2112/3829/820 2114/3831/820
f 2113/3832/821 2116/3833/821 2115/3834/821
f 2113/3832/821 2114/3831/821 2116/3833/821
f 2115/3834/822 2118/3835/822 2117/3836/822
f 2115/3834/822 2116/3833/822 2118/3835/822
f 2118/3835/823 2119/3837/823 2117/3836/823
f 2118/3835/823 2120/3838/823 2119/3837/823
f 2121/3839/824 2123/3840/824 2122/3841/824
f 2121/3839/824 2124/3842/824 2123/3840/824
f 2122/3841/825 2126/3843/825 2125/3844/825
f 2122/3841/825 2123/3840/825 2126/3843/825
f 2119/3837/826 2124/3842/826 2121/3839/826
f 2119/3837/826 2120/3838/826 2124/3842/826
f 2126/3843/827 2127/3845/827 2125/3844/827
f 2126/3843/827 2128/3846/827 2127/3845/827
f 2127/3845/828 2130/3847/828 2129/3848/828
f 2127/3845/828 2128/3846/828 2130/3847/828
f 2129/3848/829 2132/3849/829 2131/3850/829
f 2129/3848/829 2130/3847/829 2132/3849/829
f 2131/3850/830 2134/3851/830 2133/3852/830
f 2131/3850/830 2132/3849/830 2134/3851/830
f 2133/3852/831 2136/3853/831 2135/3854/831
f 2133/3852/831 2134/3851/831 2136/3853/831
f 2135/3854/832 2138/3855/832 2137/3856/832
f 2135/3854/832 2136/3853/832 2138/3855/832
f 2139/3857/833 2141/3858/833 2140/3859/833
f 2139/3857/833 2142/3860/833 2141/3858/833
f 2143/3861/834 2145/3862/834 2144/3863/834
f 2143/3861/834 2146/3864/834 2145/3862/834
f 2137/3856/835 2142/3860/835 2139/3857/835
f 2137/3856/835 2138/3855/835 2142/3860/835
f 2147/3865/836 2149/3866/836 2148/3867/836
f 2147/3865/836 2150/3868/836 2149/3866/836
f 2140/3859/837 2146/3864/837 2143/3861/837
f 2140/3859/837 2141/3858/837 2146/3864/837
f 2151/3869/838 1636/1701/838 1637/3870/838
f 2151/3869/838 2152/3871/838 1636/1701/838
f 2144/3863/839 2150/3868/839 2147/3865/839
f 2144/3863/839 2145/3862/839 2150/3868/839
f 2153/3872/840 2155/3873/840 2154/3874/840
f 2156/3875/840 1640/3876/840 2157/3877/840
f 2156/3875/840 1684/3878/840 1640/3876/840
f 2153/3872/840 2158/3879/840 2155/3873/840
f 2156/3875/840 2153/3872/840 1684/3878/840
f 2153/3872/840 2156/3875/840 2158/3879/840
f 2148/3867/841 2152/3871/841 2151/3869/841
f 2148/3867/841 2149/3866/841 2152/3871/841
f 1667/3161/842 2159/3880/842 1686/3159/842
f 1667/3161/842 1668/3881/842 2159/3880/842
f 2159/3880/843 1669/3882/843 2160/3883/843
f 2159/3880/843 1668/3881/843 1669/3882/843
f 1669/3882/844 2161/3884/844 2160/3883/844
f 1669/3882/844 1670/3885/844 2161/3884/844
f 1670/3885/845 2162/3886/845 2161/3884/845
f 1670/3885/845 1671/3887/845 2162/3886/845
f 1671/3887/846 2163/3888/846 2162/3886/846
f 1671/3887/846 1672/3889/846 2163/3888/846
f 1672/3889/847 2164/3890/847 2163/3888/847
f 1672/3889/847 1673/3891/847 2164/3890/847
f 1673/3891/848 2165/3892/848 2164/3890/848
f 1673/3891/848 1674/3893/848 2165/3892/848
f 1674/3893/849 2166/3894/849 2165/3892/849
f 1674/3893/849 1675/3895/849 2166/3894/849
f 1675/3895/850 2167/3896/850 2166/3894/850
f 1675/3895/850 1676/3897/850 2167/3896/850
f 2167/3896/851 1677/3898/851 2168/3899/851
f 2167/3896/851 1676/3897/851 1677/3898/851
f 2168/3899/852 1678/3900/852 2169/3901/852
f 2168/3899/852 1677/3898/852 1678/3900/852
f 1678/3900/853 2170/3902/853 2169/3901/853
f 1678/3900/853 1679/3903/853 2170/3902/853
f 1679/3903/854 2171/3904/854 2170/3902/854
f 1679/3903/854 1681/3905/854 2171/3904/854
f 1681/3905/855 2172/3906/855 2171/3904/855
f 1681/3905/855 1682/3907/855 2172/3906/855
f 1682/3907/856 2173/3908/856 2172/3906/856
f 1682/3907/856 1683/388/856 2173/3908/856
f 1684/3909/857 2173/3910/857 1683/1410/857
f 1684/3909/857 2153/3911/857 2173/3910/857
f 1641/3912/858 2157/3877/858 1640/3876/858
f 1641/3912/858 2174/3913/858 2157/3877/858
f 1642/3914/814 2174/3913/814 1641/3912/814
f 1642/3914/814 2175/3915/814 2174/3913/814
f 1643/3916/815 2175/3915/815 1642/3914/815
f 1643/3916/815 2176/3917/815 2175/3915/815
f 1644/3918/816 2176/3917/816 1643/3916/816
f 1644/3918/816 2177/3919/816 2176/3917/816
f 1645/3920/817 2177/3919/817 1644/3918/817
f 1645/3920/817 2178/3921/817 2177/3919/817
f 1646/3922/818 2178/3921/818 1645/3920/818
f 1646/3922/818 2179/3923/818 2178/3921/818
f 1647/3924/819 2179/3923/819 1646/3922/819
f 1647/3924/819 2180/3925/819 2179/3923/819
f 1648/3926/820 2180/3925/820 1647/3924/820
f 1648/3926/820 2181/3927/820 2180/3925/820
f 1649/3928/821 2181/3927/821 1648/3926/821
f 1649/3928/821 2182/3929/821 2181/3927/821
f 1650/3930/822 2182/3929/822 1649/3928/822
f 1650/3930/822 2183/3931/822 2182/3929/822
f 1651/3932/823 2183/3931/823 1650/3930/823
f 1651/3932/823 2184/3933/823 2183/3931/823
f 1652/3934/826 2184/3933/826 1651/3932/826
f 1652/3934/826 2185/3935/826 2184/3933/826
f 1685/3936/824 2185/3935/824 1652/3934/824
f 1685/3936/824 2186/3937/824 2185/3935/824
f 1665/3938/825 2186/3937/825 1685/3936/825
f 1665/3938/825 2187/3939/825 2186/3937/825
f 1653/3940/827 2187/3939/827 1665/3938/827
f 1653/3940/827 2188/3941/827 2187/3939/827
f 1654/3942/828 2188/3941/828 1653/3940/828
f 1654/3942/828 2189/3943/828 2188/3941/828
f 1655/3944/829 2189/3943/829 1654/3942/829
f 1655/3944/829 2190/3945/829 2189/3943/829
f 1656/3946/830 2190/3945/830 1655/3944/830
f 1656/3946/830 2191/3947/830 2190/3945/830
f 1657/3948/831 2191/3947/831 1656/3946/831
f 1657/3948/831 2192/3949/831 2191/3947/831
f 1658/3950/832 2192/3949/832 1657/3948/832
f 1658/3950/832 2193/3951/832 2192/3949/832
f 1659/3952/835 2193/3951/835 1658/3950/835
f 1659/3952/835 2194/3953/835 2193/3951/835
f 1660/3954/833 2194/3953/833 1659/3952/833
f 1660/3954/833 2195/3955/833 2194/3953/833
f 2196/3956/837 1660/3954/837 1661/3957/837
f 2196/3956/837 2195/3955/837 1660/3954/837
f 1662/3958/834 2196/3956/834 1661/3957/834
f 1662/3958/834 2197/3959/834 2196/3956/834
f 1663/3960/839 2197/3959/839 1662/3958/839
f 1663/3960/839 2198/3961/839 2197/3959/839
f 1664/3962/836 2198/3961/836 1663/3960/836
f 1664/3962/836 2199/3963/836 2198/3961/836
f 1680/3964/841 2199/3963/841 1664/3962/841
f 1680/3964/841 2200/3965/841 2199/3963/841
f 1633/3966/838 2200/3965/838 1680/3964/838
f 1633/3966/838 1634/1703/838 2200/3965/838
f 2153/3967/48 2172/3968/48 2173/3969/48
f 2171/3970/48 2169/3971/48 2170/3972/48
f 2153/3967/48 2171/3970/48 2172/3968/48
f 2100/3973/48 2154/3974/48 2099/3975/48
f 2154/3974/48 2171/3970/48 2153/3967/48
f 2171/3970/48 2168/3976/48 2169/3971/48
f 2168/3976/48 2166/3977/48 2167/3978/48
f 2166/3977/48 2164/3979/48 2165/3980/48
f 2164/3979/48 2162/3981/48 2163/3982/48
f 2161/3983/48 2159/3984/48 2160/3985/48
f 2164/3979/48 2161/3983/48 2162/3981/48
f 2168/3976/48 2164/3979/48 2166/3977/48
f 2154/3974/48 2168/3976/48 2171/3970/48
f 2100/3973/48 2168/3976/48 2154/3974/48
f 2164/3979/48 2159/3984/48 2161/3983/48
f 2159/3984/48 1687/3986/48 1686/3987/48
f 1687/3986/48 1637/3988/48 1638/3989/48
f 1687/3986/48 2151/3990/48 1637/3988/48
f 2100/3973/48 2164/3979/48 2168/3976/48
f 2107/3991/48 2103/3992/48 2105/3993/48
f 2103/3992/48 2164/3979/48 2100/3973/48
f 2159/3984/48 2151/3990/48 1687/3986/48
f 2159/3984/48 2148/3994/48 2151/3990/48
f 2107/3991/48 2164/3979/48 2103/3992/48
f 2111/3995/48 2107/3991/48 2109/3996/48
f 2115/3997/48 2111/3995/48 2113/3998/48
f 2121/3999/48 2117/4000/48 2119/4001/48
f 2115/3997/48 2107/3991/48 2111/3995/48
f 2115/3997/48 2164/3979/48 2107/3991/48
f 2159/3984/48 2147/4002/48 2148/3994/48
f 2147/4002/48 2143/4003/48 2144/4004/48
f 2140/4005/48 2137/4006/48 2139/4007/48
f 2147/4002/48 2140/4005/48 2143/4003/48
f 2117/4000/48 2164/3979/48 2115/3997/48
f 2121/3999/48 2164/3979/48 2117/4000/48
f 2159/3984/48 2140/4005/48 2147/4002/48
f 2159/3984/48 2137/4006/48 2140/4005/48
f 2122/4008/48 2164/3979/48 2121/3999/48
f 2125/4009/48 2164/3979/48 2122/4008/48
f 2159/3984/48 2135/4010/48 2137/4006/48
f 2135/4010/48 2131/4011/48 2133/4012/48
f 2131/4011/48 2127/4013/48 2129/4014/48
f 2127/4013/48 2164/3979/48 2125/4009/48
f 2159/3984/48 2131/4011/48 2135/4010/48
f 2131/4011/48 2164/3979/48 2127/4013/48
f 2164/3979/48 2131/4011/48 2159/3984/48
f 2154/3874/858 2102/3820/858 2099/3817/858
f 2154/3874/858 2155/3873/858 2102/3820/858
f 2201/4015/859 2203/4016/859 2202/4017/859
f 2201/4015/859 2204/4018/859 2203/4016/859
f 2205/4019/860 2202/4017/860 2206/4020/860
f 2205/4019/860 2201/4015/860 2202/4017/860
f 2207/4021/861 2206/4020/861 2208/4022/861
f 2207/4021/862 2205/4019/862 2206/4020/862
f 2209/4023/863 2208/4022/863 2210/4024/863
f 2209/4023/863 2207/4021/863 2208/4022/863
f 2211/4025/864 2210/4024/864 2212/4026/864
f 2211/4025/864 2209/4023/864 2210/4024/864
f 2213/4027/865 2212/4026/865 2214/4028/865
f 2213/4027/865 2211/4025/865 2212/4026/865
f 2215/4029/866 2214/4028/866 2216/4030/866
f 2215/4029/866 2213/4027/866 2214/4028/866
f 2217/4031/867 2216/4030/867 2218/4032/867
f 2217/4031/867 2215/4029/867 2216/4030/867
f 2219/4033/868 2218/4032/868 2220/4034/868
f 2219/4033/868 2217/4031/868 2218/4032/868
f 2221/4035/869 2220/4034/869 2222/4036/869
f 2221/4035/870 2219/4033/870 2220/4034/870
f 2223/4037/871 2222/4036/871 2224/4038/871
f 2223/4037/871 2221/4035/871 2222/4036/871
f 2225/4039/872 2224/4038/872 2226/4040/872
f 2225/4039/872 2223/4037/872 2224/4038/872
f 2227/4041/873 2226/4040/873 2228/4042/873
f 2227/4041/873 2225/4039/873 2226/4040/873
f 2229/4043/874 2228/4042/874 2230/4044/874
f 2229/4043/874 2227/4041/874 2228/4042/874
f 2231/4045/875 2230/4044/875 2232/4046/875
f 2231/4045/875 2229/4043/875 2230/4044/875
f 2233/4047/876 2232/4046/876 2234/4048/876
f 2233/4047/876 2231/4045/876 2232/4046/876
f 2235/4049/877 2234/4048/877 2236/4050/877
f 2235/4049/877 2233/4047/877 2234/4048/877
f 2237/4051/878 2236/4050/878 2238/4052/878
f 2237/4051/878 2235/4049/878 2236/4050/878
f 2239/4053/879 2238/4052/879 2240/4054/879
f 2239/4053/879 2237/4051/879 2238/4052/879
f 2241/4055/880 2240/4054/880 2242/4056/880
f 2241/4055/880 2239/4053/880 2240/4054/880
f 2243/4057/881 2242/4056/881 2244/4058/881
f 2243/4057/881 2241/4055/881 2242/4056/881
f 2245/4059/882 2244/4058/882 2246/4060/882
f 2245/4059/882 2243/4057/882 2244/4058/882
f 2247/4061/883 2246/4060/883 2248/4062/883
f 2247/4061/883 2245/4059/883 2246/4060/883
f 2249/4063/884 2248/4062/884 2250/4064/884
f 2249/4063/884 2247/4061/884 2248/4062/884
f 2251/4065/885 2250/4064/885 2252/4066/885
f 2251/4065/885 2249/4063/885 2250/4064/885
f 2253/4067/886 2252/4066/886 2254/4068/886
f 2253/4067/886 2251/4065/886 2252/4066/886
f 2255/4069/887 2254/4068/887 2256/4070/887
f 2255/4069/887 2253/4067/887 2254/4068/887
f 2257/4071/888 2256/4070/888 2258/4072/888
f 2257/4071/888 2255/4069/888 2256/4070/888
f 2259/4073/889 2258/4072/889 2260/4074/889
f 2259/4073/889 2257/4071/889 2258/4072/889
f 2261/4075/890 2260/4074/890 2262/4076/890
f 2261/4075/890 2259/4073/890 2260/4074/890
f 2263/4077/891 2262/4076/891 2264/4078/891
f 2263/4077/891 2261/4075/891 2262/4076/891
f 2265/4079/892 2264/4078/892 2266/4080/892
f 2265/4079/892 2263/4077/892 2264/4078/892
f 2267/1436/893 2266/4080/893 2268/1437/893
f 2267/1436/893 2265/4079/893 2266/4080/893
f 2269/4081/894 2271/4082/894 2270/4083/894
f 2269/4081/894 2272/4084/894 2271/4082/894
f 2273/4085/895 2275/4086/895 2274/4087/895
f 2276/4088/895 2278/4089/895 2277/4090/895
f 2276/4088/895 2279/4091/895 2278/4089/895
f 2273/4085/895 2280/4092/895 2275/4086/895
f 2276/4088/896 2273/4085/896 2279/4091/896
f 2273/4085/897 2276/4088/897 2280/4092/897
f 2274/4087/898 2282/4093/898 2281/4094/898
f 2274/4087/898 2275/4086/898 2282/4093/898
f 2280/4092/899 2284/4095/899 2283/4096/899
f 2280/4092/900 2276/4088/900 2284/4095/900
f 2281/4094/901 2286/4097/901 2285/4098/901
f 2281/4094/901 2282/4093/901 2286/4097/901
f 2285/4098/902 2288/4099/902 2287/4100/902
f 2285/4098/902 2286/4097/902 2288/4099/902
f 2287/4100/903 2290/4101/903 2289/4102/903
f 2287/4100/903 2288/4099/903 2290/4101/903
f 2289/4102/904 2292/4103/904 2291/4104/904
f 2289/4102/904 2290/4101/904 2292/4103/904
f 2291/4104/905 2294/4105/905 2293/4106/905
f 2291/4104/905 2292/4103/905 2294/4105/905
f 2293/4106/906 2296/4107/906 2295/4108/906
f 2293/4106/907 2294/4105/907 2296/4107/907
f 2297/4109/908 2299/4110/908 2298/4111/908
f 2297/4109/908 2300/4112/908 2299/4110/908
f 2298/4111/909 2302/4113/909 2301/4114/909
f 2298/4111/909 2299/4110/909 2302/4113/909
f 2295/4108/910 2300/4112/910 2297/4109/910
f 2295/4108/411 2296/4107/411 2300/4112/411
f 2301/4114/911 2304/4115/911 2303/4116/911
f 2301/4114/911 2302/4113/911 2304/4115/911
f 2303/4116/912 2306/4117/912 2305/4118/912
f 2303/4116/912 2304/4115/912 2306/4117/912
f 2305/4118/913 2308/4119/913 2307/4120/913
f 2305/4118/913 2306/4117/913 2308/4119/913
f 2307/4120/914 2310/4121/914 2309/4122/914
f 2307/4120/914 2308/4119/914 2310/4121/914
f 2309/4122/915 2312/4123/915 2311/4124/915
f 2309/4122/915 2310/4121/915 2312/4123/915
f 2313/4125/916 2315/4126/916 2314/4127/916
f 2313/4125/916 2316/4128/916 2315/4126/916
f 2311/4124/917 2318/4129/917 2317/4130/917
f 2311/4124/917 2312/4123/917 2318/4129/917
f 2317/4130/918 2320/4131/918 2319/4132/918
f 2317/4130/918 2318/4129/918 2320/4131/918
f 2319/4132/919 2322/4133/919 2321/4134/919
f 2319/4132/919 2320/4131/919 2322/4133/919
f 2321/4134/920 2324/4135/920 2323/4136/920
f 2321/4134/920 2322/4133/920 2324/4135/920
f 2314/4127/921 2326/4137/921 2325/4138/921
f 2314/4127/921 2315/4126/921 2326/4137/921
f 2325/4138/922 2328/4139/922 2327/4140/922
f 2325/4138/922 2326/4137/922 2328/4139/922
f 2327/4140/923 2330/4141/923 2329/4142/923
f 2327/4140/923 2328/4139/923 2330/4141/923
f 2330/4141/924 2331/4143/924 2329/4142/924
f 2330/4141/924 2332/4144/924 2331/4143/924
f 2331/4143/925 1731/3212/925 1726/3211/925
f 2331/4143/925 2332/4144/925 1731/3212/925
f 2323/4136/926 2316/4128/926 2313/4125/926
f 2323/4136/926 2324/4135/926 2316/4128/926
f 2333/4145/927 2335/4146/927 2334/4147/927
f 2333/4145/927 2336/4148/927 2335/4146/927
f 1727/4149/925 2338/4150/925 2337/4151/925
f 1727/4149/925 1728/3208/925 2338/4150/925
f 2337/4151/924 2340/4152/924 2339/4153/924
f 2337/4151/924 2338/4150/924 2340/4152/924
f 2339/4153/923 2342/4154/923 2341/4155/923
f 2339/4153/923 2340/4152/923 2342/4154/923
f 2341/4155/922 2344/4156/922 2343/4157/922
f 2341/4155/922 2342/4154/922 2344/4156/922
f 2343/4157/921 2346/4158/921 2345/4159/921
f 2343/4157/921 2344/4156/921 2346/4158/921
f 2345/4159/916 2348/4160/916 2347/4161/916
f 2345/4159/916 2346/4158/916 2348/4160/916
f 2347/4161/926 2350/4162/926 2349/4163/926
f 2347/4161/926 2348/4160/926 2350/4162/926
f 2349/4163/920 2352/4164/920 2351/4165/920
f 2349/4163/920 2350/4162/920 2352/4164/920
f 2351/4165/919 2354/4166/919 2353/4167/919
f 2351/4165/919 2352/4164/919 2354/4166/919
f 2353/4167/918 2356/4168/918 2355/4169/918
f 2353/4167/918 2354/4166/918 2356/4168/918
f 2355/4169/917 2358/4170/917 2357/4171/917
f 2355/4169/917 2356/4168/917 2358/4170/917
f 2357/4171/915 2360/4172/915 2359/4173/915
f 2357/4171/915 2358/4170/915 2360/4172/915
f 2359/4173/914 2362/4174/914 2361/4175/914
f 2359/4173/914 2360/4172/914 2362/4174/914
f 2361/4175/913 2364/4176/913 2363/4177/913
f 2361/4175/913 2362/4174/913 2364/4176/913
f 2363/4177/912 2366/4178/912 2365/4179/912
f 2363/4177/912 2364/4176/912 2366/4178/912
f 2365/4179/911 2368/4180/911 2367/4181/911
f 2365/4179/911 2366/4178/911 2368/4180/911
f 2367/4181/909 2370/4182/909 2369/4183/909
f 2367/4181/909 2368/4180/909 2370/4182/909
f 2369/4183/908 2372/4184/908 2371/4185/908
f 2369/4183/908 2370/4182/908 2372/4184/908
f 2371/4185/910 2374/4186/910 2373/4187/910
f 2371/4185/411 2372/4184/411 2374/4186/411
f 2373/4187/906 2376/4188/906 2375/4189/906
f 2373/4187/907 2374/4186/907 2376/4188/907
f 2375/4189/905 2378/4190/905 2377/4191/905
f 2375/4189/905 2376/4188/905 2378/4190/905
f 2377/4191/904 2380/4192/904 2379/4193/904
f 2377/4191/904 2378/4190/904 2380/4192/904
f 2379/4193/903 2382/4194/903 2381/4195/903
f 2379/4193/903 2380/4192/903 2382/4194/903
f 2381/4195/902 2384/4196/902 2383/4197/902
f 2381/4195/902 2382/4194/902 2384/4196/902
f 2383/4197/901 2386/4198/901 2385/4199/901
f 2383/4197/901 2384/4196/901 2386/4198/901
f 2385/4199/898 2277/4090/898 2278/4089/898
f 2385/4199/898 2386/4198/898 2277/4090/898
f 2279/4200/928 2388/3911/928 2387/3909/928
f 2279/4200/928 2273/1699/928 2388/3911/928
f 2389/4201/929 2388/4202/929 2390/4203/929
f 2389/4201/929 2387/4204/929 2388/4202/929
f 2391/4205/930 2390/4203/930 2392/4206/930
f 2391/4205/930 2389/4201/930 2390/4203/930
f 2393/4207/931 2392/4206/931 2394/4208/931
f 2393/4207/931 2391/4205/931 2392/4206/931
f 2395/4209/932 2394/4208/932 2396/4210/932
f 2395/4209/932 2393/4207/932 2394/4208/932
f 2397/4211/933 1629/3103/933 2398/4212/933
f 2397/4211/933 1628/3101/933 1629/3103/933
f 2399/4213/933 2398/4212/933 2400/4214/933
f 2399/4213/933 2397/4211/933 2398/4212/933
f 2401/4215/934 2400/4214/934 2402/4216/934
f 2401/4215/934 2399/4213/934 2400/4214/934
f 2403/4217/935 2401/4215/935 2402/4216/935
f 2403/4217/935 2404/4218/935 2401/4215/935
f 2405/4219/936 2403/4217/936 2406/4220/936
f 2405/4219/936 2404/4218/936 2403/4217/936
f 2407/4221/937 2406/4220/937 2408/4222/937
f 2407/4221/937 2405/4219/937 2406/4220/937
f 2409/4223/938 2408/4222/938 2410/4224/938
f 2409/4223/938 2407/4221/938 2408/4222/938
f 2334/4147/939 2409/4223/939 2410/4224/939
f 2334/4147/939 2335/4146/939 2409/4223/939
f 2411/4225/940 2413/4226/940 2412/4227/940
f 2411/4225/940 2414/4228/940 2413/4226/940
f 2415/4229/941 2412/4227/941 2416/4230/941
f 2415/4229/941 2411/4225/941 2412/4227/941
f 2417/4231/942 2416/4230/942 2418/4232/942
f 2417/4231/942 2415/4229/942 2416/4230/942
f 2419/4233/943 2418/4232/943 2420/4234/943
f 2419/4233/943 2417/4231/943 2418/4232/943
f 2421/4235/944 2420/4234/944 2422/4236/944
f 2421/4235/944 2419/4233/944 2420/4234/944
f 2204/4018/945 2422/4236/945 2203/4016/945
f 2204/4018/945 2421/4235/945 2422/4236/945
f 2284/4095/946 2270/4083/946 2283/4096/946
f 2284/4095/946 2269/4081/946 2270/4083/946
f 2423/4237/947 1726/1665/947 1727/3207/947
f 2423/4237/947 2424/4238/947 1726/1665/947
f 2425/4239/948 2427/4240/948 2426/4241/948
f 2425/4239/948 2428/4242/948 2427/4240/948
f 2426/4241/949 2430/4243/949 2429/4244/949
f 2426/4241/949 2427/4240/949 2430/4243/949
f 2431/4245/950 2428/4242/950 2425/4239/950
f 2431/4245/950 2432/4246/950 2428/4242/950
f 2433/4247/951 2432/4246/951 2431/4245/951
f 2433/4247/951 2434/4248/951 2432/4246/951
f 2435/4249/952 2437/4250/952 2436/4251/952
f 2435/4249/953 2438/4252/953 2437/4250/953
f 2439/4253/954 2441/4254/954 2440/4255/954
f 2439/4253/954 2442/4256/954 2441/4254/954
f 2439/4253/949 2443/4257/949 2442/4256/949
f 2439/4253/949 2444/4258/949 2443/4257/949
f 2444/4258/955 2445/4259/955 2443/4257/955
f 2444/4258/955 2446/4260/955 2445/4259/955
f 2446/4260/382 2447/2732/382 2445/4259/382
f 2446/4260/382 2448/4261/382 2447/2732/382
f 2449/4262/956 2448/4263/956 2450/4264/956
f 2449/4262/956 2447/4265/956 2448/4263/956
f 2451/4266/957 2453/4267/957 2452/4268/957
f 2451/4266/957 2454/4269/957 2453/4267/957
f 2455/4270/958 2457/4271/958 2456/4272/958
f 2455/4270/958 2458/4273/958 2457/4271/958
f 2458/4273/959 2459/4274/959 2457/4271/959
f 2458/4273/959 2460/4275/959 2459/4274/959
f 2460/4275/960 2461/4276/960 2459/4274/960
f 2460/4275/960 2462/4277/960 2461/4276/960
f 2462/4277/961 2463/4278/961 2461/4276/961
f 2462/4277/961 2464/4279/961 2463/4278/961
f 2464/4279/962 2465/4280/962 2463/4278/962
f 2464/4279/962 2466/4281/962 2465/4280/962
f 2466/4281/963 2467/4282/963 2465/4280/963
f 2466/4281/963 2468/4283/963 2467/4282/963
f 2468/4283/964 2469/4284/964 2467/4282/964
f 2468/4283/964 2470/4285/964 2469/4284/964
f 2470/4285/965 2471/4286/965 2469/4284/965
f 2470/4285/965 2472/4287/965 2471/4286/965
f 2472/4287/966 2473/4288/966 2471/4286/966
f 2472/4287/966 2474/4289/966 2473/4288/966
f 2474/4289/967 2475/4290/967 2473/4288/967
f 2474/4289/967 2476/4291/967 2475/4290/967
f 2476/4291/968 2477/4292/968 2475/4290/968
f 2476/4291/968 2478/4293/968 2477/4292/968
f 2478/4293/969 2479/4294/969 2477/4292/969
f 2478/4293/969 2480/4295/969 2479/4294/969
f 2480/4295/970 2481/4296/970 2479/4294/970
f 2480/4295/970 2482/4297/970 2481/4296/970
f 2482/4297/971 2483/4298/971 2481/4296/971
f 2482/4297/971 2484/4299/971 2483/4298/971
f 2484/4299/972 2485/4300/972 2483/4298/972
f 2484/4299/972 2486/4301/972 2485/4300/972
f 2486/4301/973 2487/4302/973 2485/4300/973
f 2486/4301/973 2488/4303/973 2487/4302/973
f 2488/4303/974 2489/4304/974 2487/4302/974
f 2488/4303/974 2490/4305/974 2489/4304/974
f 2490/4305/975 2491/4306/975 2489/4304/975
f 2490/4305/975 2492/4307/975 2491/4306/975
f 2492/4307/976 2493/4308/976 2491/4306/976
f 2492/4307/976 2494/4309/976 2493/4308/976
f 2494/4309/977 2495/4310/977 2493/4308/977
f 2494/4309/978 2496/4311/978 2495/4310/978
f 2496/4311/979 2497/4312/979 2495/4310/979
f 2496/4311/979 2498/4313/979 2497/4312/979
f 2498/4313/980 2499/4314/980 2497/4312/980
f 2498/4313/980 2500/4315/980 2499/4314/980
f 2500/4315/981 2501/4316/981 2499/4314/981
f 2500/4315/981 2502/4317/981 2501/4316/981
f 2502/4317/982 2503/4318/982 2501/4316/982
f 2502/4317/982 2504/4319/982 2503/4318/982
f 2504/4319/983 2505/4320/983 2503/4318/983
f 2504/4319/983 2506/4321/983 2505/4320/983
f 2506/4321/984 2507/4322/984 2505/4320/984
f 2506/4321/984 2508/4323/984 2507/4322/984
f 2508/4323/985 2509/4324/985 2507/4322/985
f 2508/4323/985 2510/4325/985 2509/4324/985
f 2510/4325/986 2511/4326/986 2509/4324/986
f 2510/4325/986 2512/4327/986 2511/4326/986
f 1717/4328/987 2514/4329/987 2513/4330/987
f 1717/4328/987 1718/4331/987 2514/4329/987
f 2515/4332/988 2517/4333/988 2516/4334/988
f 2515/4332/988 2518/4335/988 2517/4333/988
f 2514/4329/989 2518/4336/989 2513/4330/989
f 2514/4329/989 2517/4337/989 2518/4336/989
f 2519/4338/990 2515/4332/990 2516/4334/990
f 2519/4338/990 2520/4339/990 2515/4332/990
f 2521/4340/991 2523/4341/991 2522/4342/991
f 2521/4340/991 2524/4343/991 2523/4341/991
f 2525/4344/992 2521/4340/992 2522/4342/992
f 2525/4344/992 2526/4345/992 2521/4340/992
f 2523/4346/993 2520/4347/993 2519/4348/993
f 2523/4346/993 2524/4349/993 2520/4347/993
f 2527/4350/994 2526/4345/994 2525/4344/994
f 2527/4350/994 2528/4351/994 2526/4345/994
f 2529/4352/995 2528/4351/995 2527/4350/995
f 2529/4352/995 2530/4353/995 2528/4351/995
f 2531/4354/996 2529/4352/996 2532/4355/996
f 2531/4354/996 2530/4353/996 2529/4352/996
f 2533/4356/997 2535/4357/997 2534/4358/997
f 2533/4356/997 2536/4359/997 2535/4357/997
f 2537/4360/998 2539/4361/998 2538/4362/998
f 2537/4360/999 2540/4363/999 2539/4361/999
f 2534/4358/1000 2531/4354/1000 2532/4355/1000
f 2534/4358/1000 2535/4357/1000 2531/4354/1000
f 2541/4364/1001 2543/4365/1001 2542/4366/1001
f 2541/4364/1001 2544/4367/1001 2543/4365/1001
f 2539/4361/1002 2536/4359/1002 2533/4356/1002
f 2539/4361/1003 2540/4363/1003 2536/4359/1003
f 2545/4368/1004 2537/4360/1004 2538/4362/1004
f 2545/4368/1004 2546/4369/1004 2537/4360/1004
f 2547/4370/950 2549/4371/950 2548/4372/950
f 2547/4370/950 2550/4373/950 2549/4371/950
f 2542/4366/1005 2552/4374/1005 2551/4375/1005
f 2542/4366/1005 2543/4365/1005 2552/4374/1005
f 2553/4376/948 2547/4370/948 2548/4372/948
f 2553/4376/948 2554/4377/948 2547/4370/948
f 2549/4371/951 2544/4367/951 2541/4364/951
f 2549/4371/951 2550/4373/951 2544/4367/951
f 2555/4378/949 2554/4377/949 2553/4376/949
f 2555/4378/949 2556/4379/949 2554/4377/949
f 2452/4268/1006 2429/4244/1006 2430/4243/1006
f 2452/4268/1006 2450/4380/1006 2429/4244/1006
f 2555/4378/1006 2453/4267/1006 2556/4379/1006
f 2452/4268/1006 2449/4381/1006 2450/4380/1006
f 2449/4381/1006 2453/4267/1006 2555/4378/1006
f 2453/4267/1006 2449/4381/1006 2452/4268/1006
f 2551/4375/1007 2546/4369/1007 2545/4368/1007
f 2551/4375/1007 2552/4374/1007 2546/4369/1007
f 2557/4382/1008 2559/4383/1008 2558/4384/1008
f 2557/4382/1008 2560/4385/1008 2559/4383/1008
f 2559/4383/1009 2562/4386/1009 2561/4387/1009
f 2559/4383/1009 2560/4385/1009 2562/4386/1009
f 2562/4386/1010 2563/4388/1010 2561/4387/1010
f 2562/4386/1010 2564/4389/1010 2563/4388/1010
f 2564/4389/1011 2565/4390/1011 2563/4388/1011
f 2564/4389/1011 2566/4391/1011 2565/4390/1011
f 2567/4392/1012 2569/4393/1012 2568/4394/1012
f 2567/4392/1012 2570/4395/1012 2569/4393/1012
f 2565/4390/1013 2572/4396/1013 2571/4397/1013
f 2565/4390/1012 2566/4391/1012 2572/4396/1012
f 2570/4395/1014 2438/4252/1014 2569/4393/1014
f 2570/4395/1014 2437/4250/1014 2438/4252/1014
f 1720/1617/987 2574/4398/987 2573/4399/987
f 1720/1617/987 1721/1618/987 2574/4398/987
f 2573/4399/989 2576/4400/989 2575/4401/989
f 2573/4399/989 2574/4398/989 2576/4400/989
f 2575/1448/988 2578/4402/988 2577/4403/988
f 2575/1448/988 2576/4404/988 2578/4402/988
f 2577/4403/990 2580/4405/990 2579/4406/990
f 2577/4403/990 2578/4402/990 2580/4405/990
f 2579/1619/993 2582/4407/993 2581/4408/993
f 2579/1619/993 2580/1625/993 2582/4407/993
f 2581/4409/1015 2584/4410/1015 2583/4411/1015
f 2581/4409/991 2582/4228/991 2584/4410/991
f 2583/4411/992 2586/4412/992 2585/4413/992
f 2583/4411/992 2584/4410/992 2586/4412/992
f 2585/4413/994 2588/4414/994 2587/4415/994
f 2585/4413/994 2586/4412/994 2588/4414/994
f 2587/4415/995 2590/4416/995 2589/4417/995
f 2587/4415/995 2588/4414/995 2590/4416/995
f 2589/4417/996 2592/4418/996 2591/4419/996
f 2589/4417/996 2590/4416/996 2592/4418/996
f 2591/4419/1000 2594/4420/1000 2593/4421/1000
f 2591/4419/1000 2592/4418/1000 2594/4420/1000
f 2593/4421/997 2596/4422/997 2595/4423/997
f 2593/4421/997 2594/4420/997 2596/4422/997
f 2595/4423/1002 2598/4424/1002 2597/4425/1002
f 2595/4423/1002 2596/4422/1002 2598/4424/1002
f 2597/4425/999 2600/4426/999 2599/4427/999
f 2597/4425/999 2598/4424/999 2600/4426/999
f 2599/4427/1004 2602/4428/1004 2601/4429/1004
f 2599/4427/1016 2600/4426/1016 2602/4428/1016
f 2601/4429/1007 2604/4430/1007 2603/4431/1007
f 2601/4429/1007 2602/4428/1007 2604/4430/1007
f 2603/4431/1005 2606/4432/1005 2605/4433/1005
f 2603/4431/1005 2604/4430/1005 2606/4432/1005
f 2605/4433/1001 2434/4248/1001 2433/4247/1001
f 2605/4433/1001 2606/4432/1001 2434/4248/1001
f 2607/4434/1017 2609/4435/1017 2608/4436/1017
f 2607/4434/1017 2610/1516/1017 2609/4435/1017
f 2512/4327/1018 1715/3196/1018 2511/4326/1018
f 2512/4327/1018 1714/3195/1018 1715/3196/1018
f 2414/4437/1019 1725/3205/1019 2413/4438/1019
f 2414/4437/1019 1724/3204/1019 1725/3205/1019
f 1541/1658/1020 1478/4439/1020 1545/4440/1020
f 1541/1658/1020 1477/4441/1020 1478/4439/1020
f 1542/1554/1021 1477/4442/1021 1541/4443/1021
f 1542/1554/1021 1488/4444/1021 1477/4442/1021
f 1426/2894/1022 1424/2891/1022 1425/2892/1022
f 1426/2894/1022 1423/2890/1022 1424/2891/1022
f 1409/2876/1023 1407/2874/1023 1408/2875/1023
f 1409/2876/1023 1410/2878/1023 1407/2874/1023
f 1401/2868/1024 2612/60/1024 2611/4445/1024
f 1401/2868/1024 1397/2864/1024 2612/60/1024
f 2611/4446/1025 2614/4447/1025 2613/4448/1025
f 2611/4446/1025 2612/4449/1025 2614/4447/1025
f 2613/4448/1026 2616/4450/1026 2615/4451/1026
f 2613/4448/1026 2614/4447/1026 2616/4450/1026
f 2615/4452/1027 1403/2870/1027 1404/2872/1027
f 2615/4452/1027 2616/4453/1027 1403/2870/1027
f 1781/4454/1028 2618/4455/1028 2617/4456/1028
f 1781/4454/1028 1779/1677/1028 2618/4455/1028
f 2617/4456/1029 2620/4457/1029 2619/4458/1029
f 2617/4456/1029 2618/4455/1029 2620/4457/1029
f 2619/4458/1030 2622/4459/1030 2621/4460/1030
f 2619/4458/1030 2620/4457/1030 2622/4459/1030
f 2621/1684/1031 1782/4461/1031 1783/4462/1031
f 2621/1684/1031 2622/4463/1031 1782/4461/1031
f 2454/4269/1032 2624/4464/1032 2623/4465/1032
f 2454/4269/1032 2451/4266/1032 2624/4464/1032
f 2623/4465/1033 2626/4466/1033 2625/4467/1033
f 2623/4465/1033 2624/4464/1033 2626/4466/1033
f 2625/4467/1034 2628/1557/1034 2627/1629/1034
f 2625/4467/1034 2626/4466/1034 2628/1557/1034
f 2627/4468/1035 2455/4469/1035 2456/1116/1035
f 2627/4468/1036 2628/1695/1036 2455/4469/1036
f 2097/4470/1037 2630/1698/1037 2629/1700/1037
f 2097/4470/1037 2098/1623/1037 2630/1698/1037
f 2629/4471/1038 2632/4472/1038 2631/4473/1038
f 2629/4471/1038 2630/4474/1038 2632/4472/1038
f 2631/4473/1039 2634/4475/1039 2633/4476/1039
f 2631/4473/1039 2632/4472/1039 2634/4475/1039
f 2633/4476/1040 2158/3879/1040 2156/3875/1040
f 2633/4476/1040 2634/4475/1040 2158/3879/1040
f 1938/4477/1041 2636/4478/1041 2635/4479/1041
f 1938/4477/1041 1939/4480/1041 2636/4478/1041
f 2635/4481/1042 2638/4482/1042 2637/4483/1042
f 2635/4481/1042 2636/4484/1042 2638/4482/1042
f 2637/4483/1043 2640/4485/1043 2639/4486/1043
f 2637/4483/1043 2638/4482/1043 2640/4485/1043
f 2639/4486/1044 1933/3596/1044 1934/3595/1044
f 2639/4486/1044 2640/4485/1044 1933/3596/1044
f 2267/4487/1045 2642/4488/1045 2641/4489/1045
f 2267/4487/1045 2268/4490/1045 2642/4488/1045
f 2641/4489/1046 2644/4491/1046 2643/4492/1046
f 2641/4489/1046 2642/4488/1046 2644/4491/1046
f 2643/4492/1047 2646/3480/1047 2645/1724/1047
f 2643/4492/1047 2644/4491/1047 2646/3480/1047
f 2645/409/1048 2271/4082/1048 2272/4084/1048
f 2645/409/1049 2646/4493/1049 2271/4082/1049
f 2273/4494/48 2390/4495/48 2388/4496/48
f 2390/4495/48 2394/4497/48 2392/4498/48
f 2394/4497/48 2647/4499/48 2396/4500/48
f 2647/4499/48 2649/4501/48 2648/4502/48
f 2650/4503/48 2652/4504/48 2651/4505/48
f 2394/4497/48 2649/4501/48 2647/4499/48
f 2649/4501/48 2652/4504/48 2650/4503/48
f 2652/4504/1050 1629/4506/1050 1630/4507/1050
f 1629/4506/1051 2400/4508/1051 2398/4509/1051
f 2400/4510/48 2403/4511/48 2402/4512/48
f 2406/4513/48 2410/4514/48 2408/4515/48
f 2400/4510/48 2406/4513/48 2403/4511/48
f 2652/4504/48 2400/4508/48 1629/4506/48
f 2390/4495/48 2649/4501/48 2394/4497/48
f 2649/4501/48 2400/4508/48 2652/4504/48
f 2400/4510/48 2410/4514/48 2406/4513/48
f 2410/4514/48 2333/4516/48 2334/4517/48
f 2333/4516/48 2424/4518/48 2653/4519/48
f 2424/4518/48 2331/4520/48 1726/4521/48
f 2424/4518/48 2329/4522/48 2331/4520/48
f 2410/4514/48 2424/4518/48 2333/4516/48
f 2390/4495/48 2400/4508/48 2649/4501/48
f 2274/4523/48 2390/4495/48 2273/4494/48
f 2287/4524/48 2281/4525/48 2285/4526/48
f 2281/4525/48 2390/4495/48 2274/4523/48
f 2410/4514/48 2329/4522/48 2424/4518/48
f 2410/4514/48 2327/4527/48 2329/4522/48
f 2287/4524/48 2390/4495/48 2281/4525/48
f 2289/4528/48 2390/4495/48 2287/4524/48
f 2410/4514/48 2325/4529/48 2327/4527/48
f 2325/4529/48 2313/4530/48 2314/4531/48
f 2410/4514/48 2313/4530/48 2325/4529/48
f 2289/4528/48 2400/4508/48 2390/4495/48
f 2291/4532/48 2400/4508/48 2289/4528/48
f 2400/4510/48 2313/4530/48 2410/4514/48
f 2400/4510/49 2323/4533/49 2313/4530/49
f 2297/4534/48 2293/4535/48 2295/4536/48
f 2298/4537/48 2293/4535/48 2297/4534/48
f 2400/4510/48 2321/4538/48 2323/4533/48
f 2321/4538/48 2317/4539/48 2319/4540/48
f 2400/4510/48 2317/4539/48 2321/4538/48
f 2298/4537/48 2291/4541/48 2293/4535/48
f 2305/4542/48 2301/4543/48 2303/4544/48
f 2298/4545/1052 2400/4546/1052 2291/2699/1052
f 2301/4543/48 2400/4510/48 2298/4547/48
f 2400/4510/48 2311/4548/48 2317/4539/48
f 2400/4510/48 2309/4549/48 2311/4548/48
f 2305/4542/48 2400/4510/48 2301/4543/48
f 2400/4510/48 2307/4550/48 2309/4549/48
f 2400/4510/48 2305/4542/48 2307/4550/48
f 2336/4551/45 2409/4552/45 2335/4553/45
f 2409/4552/45 2405/4554/45 2407/4555/45
f 2405/4554/45 2401/4556/45 2404/4557/45
f 2401/4556/45 2397/4558/45 2399/4559/45
f 2397/4558/45 1631/4560/45 1628/4561/45
f 2654/4562/45 2656/4563/45 2655/4564/45
f 2397/4558/45 2654/4562/45 1631/4560/45
f 2409/4552/45 2401/4556/45 2405/4554/45
f 2657/4565/45 2409/4552/45 2336/4551/45
f 2337/4566/45 2423/4567/45 1727/4568/45
f 2423/4567/45 2409/4552/45 2657/4565/45
f 2401/4556/45 2654/4562/45 2397/4558/45
f 2654/4562/45 2658/4569/45 2656/4563/45
f 2658/4569/45 2660/4570/45 2659/4571/45
f 2660/4570/45 2393/4572/45 2395/4573/45
f 2393/4572/45 2389/4574/45 2391/4575/45
f 2389/4574/45 2279/4576/45 2387/4577/45
f 2389/4574/45 2278/4578/45 2279/4576/45
f 2660/4570/45 2389/4574/45 2393/4572/45
f 2401/4556/45 2658/4569/45 2654/4562/45
f 2658/4569/45 2389/4574/45 2660/4570/45
f 2389/4574/45 2385/4579/45 2278/4578/45
f 2385/4579/45 2381/4580/45 2383/4581/45
f 2389/4574/45 2381/4580/45 2385/4579/45
f 2337/4566/45 2409/4552/45 2423/4567/45
f 2339/4582/45 2409/4552/45 2337/4566/45
f 2658/4569/45 2381/4580/45 2389/4574/45
f 2658/4569/45 2379/4583/45 2381/4580/45
f 2341/4584/45 2409/4552/45 2339/4582/45
f 2347/4585/45 2343/4586/45 2345/4587/45
f 2343/4586/45 2409/4552/45 2341/4584/45
f 2658/4569/45 2377/4588/45 2379/4583/45
f 2375/4589/45 2371/4590/45 2373/4591/45
f 2658/4569/45 2375/4589/45 2377/4588/45
f 2347/4585/45 2409/4552/45 2343/4586/45
f 2349/4592/45 2409/4552/45 2347/4585/45
f 2658/4569/45 2371/4590/45 2375/4589/45
f 2658/4569/45 2369/4593/45 2371/4590/45
f 2349/4592/45 2401/4556/45 2409/4552/45
f 2355/4594/45 2351/4595/45 2353/4596/45
f 2351/4595/45 2401/4556/45 2349/4592/45
f 2658/4569/45 2367/4597/45 2369/4593/45
f 2367/4597/45 2363/4598/45 2365/4599/45
f 2658/4569/45 2363/4598/45 2367/4597/45
f 2355/4594/45 2401/4556/45 2351/4595/45
f 2357/4600/45 2401/4556/45 2355/4594/45
f 2401/4556/45 2363/4598/45 2658/4569/45
f 2401/4556/45 2361/4601/45 2363/4598/45
f 2359/4602/45 2401/4556/45 2357/4600/45
f 2401/4556/45 2359/4602/45 2361/4601/45
f 2660/4603/1053 2396/4210/1053 2647/4604/1053
f 2660/4603/1053 2395/4209/1053 2396/4210/1053
f 2604/4605/514 2434/4606/514 2606/4607/514
f 2594/4608/48 2598/4609/48 2596/4610/48
f 2430/4611/48 2451/4612/48 2452/4613/48
f 2451/4612/48 2626/4614/48 2624/4615/48
f 2626/4614/48 2455/4616/48 2628/4617/48
f 2458/4618/49 2462/4619/49 2460/4620/49
f 2626/4614/48 2458/4618/48 2455/4616/48
f 2430/4611/48 2626/4614/48 2451/4612/48
f 2427/4621/48 2626/4614/48 2430/4611/48
f 2626/4614/48 2462/4619/48 2458/4618/48
f 2462/4619/48 2466/4622/48 2464/4623/48
f 2466/4622/48 2470/4624/48 2468/4625/48
f 2466/4622/48 2472/4626/48 2470/4624/48
f 2626/4614/48 2466/4622/48 2462/4619/48
f 2428/4627/48 2626/4614/48 2427/4621/48
f 2432/4628/48 2626/4614/48 2428/4627/48
f 2626/4614/48 2472/4626/48 2466/4622/48
f 2626/4614/48 2474/4629/48 2472/4626/48
f 2434/4606/48 2626/4614/48 2432/4628/48
f 2604/4605/48 2626/4614/48 2434/4606/48
f 2604/4605/48 2474/4629/48 2626/4614/48
f 2602/4630/48 2474/4629/48 2604/4605/48
f 2476/4631/48 2480/4632/48 2478/4633/48
f 2602/4630/48 2476/4631/48 2474/4629/48
f 2600/4634/48 2476/4631/48 2602/4630/48
f 2600/4634/48 2480/4632/48 2476/4631/48
f 2598/4609/48 2480/4632/48 2600/4634/48
f 2598/4609/48 2482/4635/48 2480/4632/48
f 2594/4608/48 2482/4635/48 2598/4609/48
f 2484/4636/48 2488/4637/48 2486/4638/48
f 2594/4608/48 2484/4636/48 2482/4635/48
f 2592/4639/48 2484/4636/48 2594/4608/48
f 2484/4636/48 2490/4640/48 2488/4637/48
f 2484/4636/48 2492/4641/48 2490/4640/48
f 2590/4642/48 2484/4636/48 2592/4639/48
f 2584/4643/48 2588/4644/48 2586/4645/48
f 2588/4644/48 2484/4636/48 2590/4642/48
f 2484/4636/48 2494/4646/48 2492/4641/48
f 2496/4647/48 2500/4648/48 2498/4649/48
f 2484/4636/48 2496/4647/48 2494/4646/48
f 2584/4643/48 2484/4636/48 2588/4644/48
f 2578/4650/48 2582/4651/48 2580/4652/48
f 2582/4651/48 2484/4636/48 2584/4643/48
f 2496/4647/48 2502/4653/48 2500/4648/48
f 2582/4651/48 2496/4647/48 2484/4636/48
f 2578/4650/48 2496/4647/48 2582/4651/48
f 2496/4647/48 2504/4654/48 2502/4653/48
f 2504/4654/48 2508/4655/48 2506/4656/48
f 2508/4655/48 2512/4657/48 2510/4658/48
f 2512/4657/48 1712/4659/48 1714/4660/48
f 1712/4659/48 1708/4661/48 1710/4662/48
f 1708/4661/48 1704/4663/48 1706/4664/48
f 1704/4663/48 1323/1912/48 365/1913/48
f 1704/4663/48 1689/4665/48 1323/1912/48
f 1712/4659/48 1704/4663/48 1708/4661/48
f 2508/4655/48 1712/4659/48 2512/4657/48
f 2496/4647/48 2508/4655/48 2504/4654/48
f 2576/4666/48 2496/4647/48 2578/4650/48
f 1722/4667/48 2574/4668/48 1721/4669/48
f 2574/4668/48 2496/4647/48 2576/4666/48
f 2496/4647/48 1712/4659/48 2508/4655/48
f 1712/4659/48 1689/4665/48 1704/4663/48
f 1712/4659/48 1688/4670/48 1689/4665/48
f 2574/4668/48 1712/4659/48 2496/4647/48
f 1724/4671/48 2574/4668/48 1722/4667/48
f 2415/4672/48 2414/4673/48 2411/4674/48
f 2414/4673/48 2574/4668/48 1724/4671/48
f 1712/4659/48 1695/4675/48 1688/4670/48
f 1712/4659/48 1694/4676/48 1695/4675/48
f 2414/4673/48 1712/4659/48 2574/4668/48
f 2417/4677/48 2414/4673/48 2415/4672/48
f 2421/4678/48 2417/4677/48 2419/4679/48
f 2201/4680/1054 2421/4678/1054 2204/4681/1054
f 2209/4682/48 2205/4683/48 2207/4684/48
f 2205/4683/48 2421/4678/48 2201/4680/48
f 2421/4678/48 2414/4673/48 2417/4677/48
f 1712/4659/48 1697/4685/48 1694/4676/48
f 1712/4659/48 1699/4686/48 1697/4685/48
f 2205/4683/48 2414/4673/48 2421/4678/48
f 1712/4659/48 1700/4687/48 1699/4686/48
f 1712/4659/48 1703/4688/48 1700/4687/48
f 1712/4659/48 1737/4689/48 1703/4688/48
f 2211/4690/48 2205/4683/48 2209/4682/48
f 2213/4691/48 2205/4683/48 2211/4690/48
f 2213/4691/49 2414/4673/49 2205/4683/49
f 1743/4692/48 1324/1934/48 1325/1936/48
f 1324/1934/48 2662/4693/48 2661/4694/48
f 2662/4693/48 2664/4695/48 2663/4696/48
f 2662/4693/48 1360/4697/48 2664/4695/48
f 1743/4692/48 2662/4693/48 1324/1934/48
f 1744/4698/48 2662/4693/48 1743/4692/48
f 1746/4699/48 2662/4693/48 1744/4698/48
f 1739/4700/48 2662/4693/48 1746/4699/48
f 1739/4700/48 1360/4697/48 2662/4693/48
f 1740/4701/48 1360/4697/48 1739/4700/48
f 1358/4702/48 1354/4703/48 1356/4704/48
f 1749/4705/48 1360/4697/48 1740/4701/48
f 1737/4689/48 1360/4697/48 1749/4705/48
f 2225/4706/48 2221/4707/48 2223/4708/48
f 2227/4709/48 2221/4707/48 2225/4706/48
f 2227/4709/48 2219/4710/48 2221/4707/48
f 2233/4711/48 2229/4712/48 2231/4713/48
f 2229/4712/48 2219/4710/48 2227/4709/48
f 2229/4712/48 2217/4714/48 2219/4710/48
f 2237/4715/48 2233/4711/48 2235/4716/48
f 2233/4711/48 2217/4714/48 2229/4712/48
f 2233/4711/48 2215/4717/48 2217/4714/48
f 2239/4718/48 2233/4711/48 2237/4715/48
f 2243/4719/517 2239/4718/517 2241/4720/517
f 2247/4721/1055 2243/4719/1055 2245/4722/1055
f 2249/4723/48 2243/4719/48 2247/4721/48
f 2239/4718/48 2215/4717/48 2233/4711/48
f 2249/4723/48 2239/4718/48 2243/4719/48
f 2255/4724/48 2251/4725/48 2253/4726/48
f 2251/4725/48 2239/4718/48 2249/4723/48
f 2239/4718/48 2213/4691/48 2215/4717/48
f 2239/4718/48 2414/4673/48 2213/4691/48
f 2255/4724/48 2239/4718/48 2251/4725/48
f 2261/4727/48 2257/4728/48 2259/4729/48
f 2257/4728/48 2239/4718/48 2255/4724/48
f 2257/4728/48 2414/4673/48 2239/4718/48
f 2263/4730/48 2257/4728/48 2261/4727/48
f 2267/4731/48 2263/4730/48 2265/4732/48
f 2643/4733/48 2267/4731/48 2641/4734/48
f 2272/4735/48 2643/4733/48 2645/4736/48
f 2276/4737/48 2269/4738/48 2284/4739/48
f 2269/4738/48 2643/4733/48 2272/4735/48
f 2643/4733/48 2263/4730/48 2267/4731/48
f 2263/4730/48 2414/4673/48 2257/4728/48
f 1354/4703/48 1350/4740/48 1352/4741/48
f 1350/4740/48 1344/4742/48 1348/4743/48
f 1344/4742/48 1346/4744/48 1343/4745/48
f 1452/4746/1056 1448/4747/1056 1450/4748/1056
f 1344/4742/48 1452/4746/48 1346/4744/48
f 1344/4742/48 1448/4747/48 1452/4746/48
f 1446/4749/48 1442/4750/48 1444/4751/48
f 1344/4742/1057 1446/4749/1057 1448/4747/1057
f 1438/4752/48 1397/4753/48 1398/4754/48
f 1397/4753/48 2614/4755/48 2612/4756/48
f 2614/4755/48 1403/4757/48 2616/4758/48
f 1403/4757/48 1408/4759/48 1406/4760/48
f 1408/4759/48 1412/4761/48 1409/4762/48
f 1412/4761/48 1416/4763/48 1414/4764/48
f 1412/4761/48 1418/4765/48 1416/4763/48
f 2614/4755/48 1408/4759/48 1403/4757/48
f 1408/4759/48 1418/4765/48 1412/4761/48
f 1408/4759/48 1420/4766/48 1418/4765/48
f 1397/4753/48 1408/4759/48 2614/4755/48
f 1440/4767/48 1397/4753/48 1438/4752/48
f 1440/4767/48 1408/4759/48 1397/4753/48
f 1440/4767/48 1420/4766/48 1408/4759/48
f 1442/4750/48 1420/4766/48 1440/4767/48
f 1422/4768/48 1425/4769/48 1424/4770/48
f 1442/4750/48 1422/4768/48 1420/4766/48
f 1446/4749/48 1422/4768/48 1442/4750/48
f 1422/4768/48 1428/4771/48 1425/4769/48
f 1428/4771/48 1432/4772/48 1430/4773/48
f 1428/4771/48 1434/4774/48 1432/4772/48
f 1446/4749/48 1428/4771/48 1422/4768/48
f 1344/4742/48 1428/4771/48 1446/4749/48
f 1344/4742/48 1434/4774/48 1428/4771/48
f 1350/4740/48 1434/4774/48 1344/4742/48
f 1350/4740/48 1436/4775/48 1434/4774/48
f 1354/4703/48 1436/4775/48 1350/4740/48
f 1358/4702/48 1436/4775/48 1354/4703/48
f 1360/4697/48 1436/4775/48 1358/4702/48
f 1737/4689/48 1436/4775/48 1360/4697/48
f 2269/4738/48 2263/4730/48 2643/4733/48
f 2277/4776/48 2269/4738/48 2276/4737/48
f 2382/4777/48 2386/4778/48 2384/4779/48
f 2386/4778/48 2269/4738/48 2277/4776/48
f 1737/4689/48 1734/4780/48 1436/4775/48
f 1712/4659/48 1734/4780/48 1737/4689/48
f 1836/4781/48 1838/4782/48 1837/4783/48
f 1838/4782/48 1840/4784/48 1839/4785/48
f 1840/4784/49 1842/4786/49 1841/4787/49
f 1842/4786/48 1844/4788/48 1843/4789/48
f 1844/4788/48 1846/4790/48 1845/4791/48
f 1844/4788/48 1847/4792/48 1846/4790/48
f 1840/4784/514 1844/4788/514 1842/4786/514
f 1844/4788/48 1848/4793/48 1847/4792/48
f 1848/4793/48 1850/4794/48 1849/4795/48
f 1848/4793/48 1851/4796/48 1850/4794/48
f 1844/4788/48 1851/4796/48 1848/4793/48
f 2386/4778/48 2263/4730/48 2269/4738/48
f 2382/4777/48 2263/4730/48 2386/4778/48
f 2380/4797/48 2263/4730/48 2382/4777/48
f 2378/4798/48 2263/4730/48 2380/4797/48
f 2376/4799/48 2263/4730/48 2378/4798/48
f 2372/4800/48 2376/4799/48 2374/4801/48
f 2370/4802/48 2376/4799/48 2372/4800/48
f 1853/4803/48 1855/4804/48 1854/4805/48
f 1856/4806/48 1858/4807/48 1857/4808/48
f 1853/4803/48 1856/4806/48 1855/4804/48
f 1852/4809/48 1856/4806/48 1853/4803/48
f 1856/4806/48 1859/4810/48 1858/4807/48
f 1780/4811/48 2618/4812/48 1779/4813/48
f 1856/4806/1054 1780/4811/1054 1859/4810/1054
f 1851/4796/48 1856/4806/48 1852/4809/48
f 1856/4806/48 2618/4812/48 1780/4811/48
f 2618/4812/48 2622/4814/48 2620/4815/48
f 2622/4814/48 1785/4816/48 1782/4817/48
f 1785/4816/1058 1789/4818/1058 1787/4819/1058
f 1789/4818/48 1793/4820/48 1791/4821/48
f 1789/4818/48 1795/4822/48 1793/4820/48
f 2622/4814/48 1789/4818/48 1785/4816/48
f 1856/4806/48 2622/4814/48 2618/4812/48
f 1851/4796/48 2622/4814/48 1856/4806/48
f 2622/4814/48 1795/4822/48 1789/4818/48
f 1797/4823/48 1801/4824/48 1799/4825/48
f 2622/4814/48 1797/4823/48 1795/4822/48
f 1844/4788/48 2622/4814/48 1851/4796/48
f 1844/4788/48 1797/4823/48 2622/4814/48
f 1797/4823/48 1803/4826/48 1801/4824/48
f 1803/4826/48 1807/4827/48 1805/4828/48
f 1809/4829/48 1813/4830/48 1811/4831/48
f 1803/4826/48 1809/4829/48 1807/4827/48
f 1844/4788/48 1803/4826/48 1797/4823/48
f 1844/4788/48 1809/4829/48 1803/4826/48
f 1813/4830/48 1817/4832/48 1815/4833/48
f 1844/4788/48 1813/4830/48 1809/4829/48
f 1840/4784/48 1813/4830/48 1844/4788/48
f 1813/4830/48 1819/4834/48 1817/4832/48
f 1821/4835/48 1825/4836/48 1823/4837/48
f 1813/4830/48 1821/4835/48 1819/4834/48
f 1838/4782/48 1813/4830/48 1840/4784/48
f 1836/4781/48 1813/4830/48 1838/4782/48
f 1813/4830/48 1825/4836/48 1821/4835/48
f 1813/4830/48 1827/4838/48 1825/4836/48
f 1835/4839/48 1813/4830/48 1836/4781/48
f 1835/4839/48 1827/4838/48 1813/4830/48
f 1829/4840/48 1833/4841/48 1831/4842/48
f 1835/4839/48 1829/4840/48 1827/4838/48
f 1834/4843/48 1829/4840/48 1835/4839/48
f 1829/4840/48 1580/4844/48 1833/4841/48
f 1834/4843/48 1580/4844/48 1829/4840/48
f 2370/4802/48 2263/4730/48 2376/4799/48
f 2364/4845/48 2368/4846/48 2366/4847/48
f 2368/4846/48 2263/4730/48 2370/4802/48
f 2364/4845/48 2263/4730/48 2368/4846/48
f 2362/4848/48 2263/4730/48 2364/4845/48
f 2362/4848/48 2414/4673/48 2263/4730/48
f 2360/4849/48 2414/4673/48 2362/4848/48
f 1734/4780/48 1580/4844/48 1834/4843/48
f 1712/4659/48 1580/4844/48 1734/4780/48
f 2358/4850/48 2414/4673/48 2360/4849/48
f 1712/4659/48 1575/4851/48 1580/4844/48
f 2356/4852/48 2414/4673/48 2358/4850/48
f 2352/4853/48 2356/4852/48 2354/4854/48
f 2352/4853/48 2414/4673/48 2356/4852/48
f 1871/4855/48 1875/4856/48 1873/4857/48
f 1875/4856/514 1879/4858/514 1877/4859/514
f 1875/4856/48 1881/4860/48 1879/4858/48
f 1885/4861/48 1889/4862/48 1887/4863/48
f 1891/4864/48 1895/4865/48 1893/4866/48
f 1885/4861/48 1891/4864/48 1889/4862/48
f 1895/4865/49 1899/4867/49 1897/4868/49
f 1895/4865/48 1901/4869/48 1899/4867/48
f 1907/4870/48 1935/4871/48 1909/4872/48
f 1935/4871/48 2639/4873/48 1934/4874/48
f 2639/4873/48 2635/4875/48 2637/4876/48
f 2635/4875/48 1941/4877/48 1938/4878/48
f 1943/4879/48 1947/4880/48 1945/4881/48
f 2635/4875/48 1943/4879/48 1941/4877/48
f 1935/4871/48 2635/4875/48 2639/4873/48
f 1907/4870/48 2635/4875/48 1935/4871/48
f 2635/4875/48 1947/4880/48 1943/4879/48
f 1949/4882/48 1953/4883/48 1951/4884/48
f 2635/4875/48 1949/4882/48 1947/4880/48
f 1905/4885/48 2635/4875/48 1907/4870/48
f 1903/4886/48 2635/4875/48 1905/4885/48
f 2635/4875/48 1953/4883/48 1949/4882/48
f 1953/4883/48 1957/4887/48 1955/4888/48
f 1957/4887/48 1961/4889/48 1959/4890/48
f 1961/4889/48 1965/4891/48 1963/4892/48
f 1967/4893/48 1971/4894/48 1969/4895/48
f 1961/4889/48 1967/4893/48 1965/4891/48
f 2635/4875/48 1957/4887/48 1953/4883/48
f 1957/4887/48 1967/4893/48 1961/4889/48
f 1957/4887/48 1971/4894/48 1967/4893/48
f 1903/4886/48 1957/4887/48 2635/4875/48
f 1901/4869/48 1957/4887/48 1903/4886/48
f 1957/4887/48 1973/4896/48 1971/4894/48
f 1973/4896/48 1977/4897/48 1975/4898/48
f 1973/4896/48 1979/4899/48 1977/4897/48
f 1901/4869/48 1973/4896/48 1957/4887/48
f 1895/4865/48 1973/4896/48 1901/4869/48
f 1973/4896/48 1981/4900/48 1979/4899/48
f 1981/4900/48 1985/4901/48 1983/4902/48
f 1985/4901/48 1989/4903/48 1987/4904/48
f 1981/4900/48 1989/4903/48 1985/4901/48
f 1895/4865/48 1981/4900/48 1973/4896/48
f 1891/4864/48 1981/4900/48 1895/4865/48
f 1981/4900/48 1991/4905/48 1989/4903/48
f 1993/4906/48 1997/4907/48 1995/4908/48
f 1981/4900/48 1993/4906/48 1991/4905/48
f 1885/4861/48 1981/4900/48 1891/4864/48
f 1883/4909/48 1981/4900/48 1885/4861/48
f 1981/4900/48 1997/4907/48 1993/4906/48
f 1999/4910/514 2003/4911/514 2001/4912/514
f 1981/4900/48 1999/4910/48 1997/4907/48
f 1881/4860/48 1981/4900/48 1883/4909/48
f 1875/4856/48 1981/4900/48 1881/4860/48
f 1981/4900/48 2003/4911/48 1999/4910/48
f 2003/4911/1059 2007/4913/1059 2005/4914/1059
f 2007/4913/48 2011/4915/48 2009/4916/48
f 2011/4915/48 2015/4917/48 2013/4918/48
f 2011/4915/48 1639/4919/48 2015/4917/48
f 1981/4900/48 2007/4913/48 2003/4911/48
f 2007/4913/48 1639/4919/48 2011/4915/48
f 1981/4900/48 1639/4919/48 2007/4913/48
f 1871/4855/48 1981/4900/48 1875/4856/48
f 1869/4920/48 1981/4900/48 1871/4855/48
f 1869/4920/48 1639/4919/48 1981/4900/48
f 1867/4921/48 1639/4919/48 1869/4920/48
f 1865/4922/48 1639/4919/48 1867/4921/48
f 1863/4923/48 1639/4919/48 1865/4922/48
f 1861/4924/48 1639/4919/48 1863/4923/48
f 2350/4925/48 2414/4673/48 2352/4853/48
f 2344/4926/48 2348/4927/48 2346/4928/48
f 2348/4927/48 2414/4673/48 2350/4925/48
f 1575/4851/48 1639/4919/48 1861/4924/48
f 1712/4659/48 1639/4919/48 1575/4851/48
f 2348/4927/48 1712/4659/48 2414/4673/48
f 2344/4926/48 1712/4659/48 2348/4927/48
f 1712/4659/48 1634/4929/48 1639/4919/48
f 2342/4930/48 1712/4659/48 2344/4926/48
f 2340/4931/48 1712/4659/48 2342/4930/48
f 2198/4932/48 2196/4933/48 2197/4934/48
f 2195/4935/48 2193/4936/48 2194/4937/48
f 2198/4932/48 2195/4935/48 2196/4933/48
f 2199/4938/48 2195/4935/48 2198/4932/48
f 2338/4939/48 1712/4659/48 2340/4931/48
f 1729/4940/48 2338/4939/48 1728/4941/48
f 2037/4942/48 1732/4943/48 2035/4944/48
f 1729/4940/48 1712/4659/48 2338/4939/48
f 2039/4945/48 1732/4943/48 2037/4942/48
f 1732/4943/48 1712/4659/48 1729/4940/48
f 2192/4946/48 2190/4947/48 2191/4948/48
f 2190/4947/48 2188/4949/48 2189/4950/48
f 2190/4947/48 2187/4951/48 2188/4949/48
f 2185/4952/48 2183/4953/48 2184/4954/48
f 2182/4955/48 2180/4956/48 2181/4957/48
f 2180/4956/48 2178/4958/48 2179/4959/48
f 2178/4958/48 2176/4960/48 2177/4961/48
f 2175/4962/48 2157/4963/48 2174/4964/48
f 2157/4963/48 2633/4965/48 2156/4966/48
f 2633/4965/48 2629/4967/48 2631/4968/48
f 2629/4967/48 2095/4969/48 2097/4970/48
f 2095/4969/48 2091/4971/48 2093/4972/48
f 2091/4971/48 2087/4973/48 2089/4974/48
f 2087/4973/48 2083/4975/48 2085/4976/48
f 2083/4975/48 2079/4977/48 2081/4978/48
f 2079/4977/48 2075/4979/48 2077/4980/48
f 2073/4981/48 2069/4982/48 2071/4983/48
f 2075/4979/48 2069/4982/48 2073/4981/48
f 2069/4982/48 2065/4984/48 2067/4985/48
f 2065/4984/49 2061/4986/49 2063/4987/49
f 2065/4984/48 2059/4988/48 2061/4986/48
f 2075/4979/48 2065/4984/48 2069/4982/48
f 2087/4973/48 2079/4977/48 2083/4975/48
f 2079/4977/48 2065/4984/48 2075/4979/48
f 2065/4984/48 2057/4989/48 2059/4988/48
f 2055/4990/48 2051/4991/48 2053/4992/48
f 2079/4977/48 2057/4989/48 2065/4984/48
f 2057/4989/48 2051/4991/48 2055/4990/48
f 2057/4989/48 2049/4993/48 2051/4991/48
f 2087/4973/48 2057/4989/48 2079/4977/48
f 2095/4969/48 2087/4973/48 2091/4971/48
f 2633/4965/48 2095/4969/48 2629/4967/48
f 2175/4962/48 2633/4965/48 2157/4963/48
f 2176/4960/48 2633/4965/48 2175/4962/48
f 2633/4965/48 2087/4973/48 2095/4969/48
f 2087/4973/48 2049/4993/48 2057/4989/48
f 2047/4994/48 2043/4995/48 2045/4996/48
f 2087/4973/48 2047/4994/48 2049/4993/48
f 2176/4960/48 2087/4973/48 2633/4965/48
f 2182/4955/48 2178/4958/48 2180/4956/48
f 2178/4958/48 2087/4973/48 2176/4960/48
f 2087/4973/48 2043/4995/48 2047/4994/48
f 2043/4995/48 2039/4945/48 2041/4997/48
f 1732/4943/48 1634/4929/48 1712/4659/48
f 2043/4995/48 1732/4943/48 2039/4945/48
f 2182/4955/48 2087/4973/48 2178/4958/48
f 2183/4953/48 2087/4973/48 2182/4955/48
f 1732/4943/48 2200/4998/48 1634/4929/48
f 1732/4943/48 2199/4938/48 2200/4998/48
f 2183/4953/48 2043/4995/48 2087/4973/48
f 2185/4952/48 2043/4995/48 2183/4953/48
f 2043/4995/48 2199/4938/48 1732/4943/48
f 2043/4995/48 2195/4935/48 2199/4938/48
f 2186/4999/48 2043/4995/48 2185/4952/48
f 2187/4951/48 2043/4995/48 2186/4999/48
f 2043/4995/48 2193/4936/48 2195/4935/48
f 2043/4995/48 2192/4946/48 2193/4936/48
f 2190/4947/48 2043/4995/48 2187/4951/48
f 2192/4946/48 2043/4995/48 2190/4947/48
f 2044/5000/525 2048/5001/525 2046/5002/525
f 2040/5003/45 2044/5000/45 2042/5004/45
f 2036/5005/45 2040/5003/45 2038/5006/45
f 1733/5007/45 2040/5003/45 2036/5005/45
f 2040/5003/45 2048/5001/45 2044/5000/45
f 1733/5007/184 2048/5001/184 2040/5003/184
f 2332/5008/45 1730/5009/45 1731/5010/45
f 1733/5007/518 2050/5011/518 2048/5001/518
f 2052/5012/45 2056/5013/45 2054/5014/45
f 2052/5012/45 2058/5015/45 2056/5013/45
f 2050/5011/45 2058/5015/45 2052/5012/45
f 2060/5016/45 2064/5017/45 2062/5018/45
f 2050/5011/45 2060/5016/45 2058/5015/45
f 1733/5007/45 2060/5016/45 2050/5011/45
f 2060/5016/45 2066/5019/45 2064/5017/45
f 2066/5019/45 2070/5020/45 2068/5021/45
f 2070/5020/45 2074/5022/45 2072/5023/45
f 2076/5024/45 2080/5025/45 2078/5026/45
f 2070/5020/45 2076/5024/45 2074/5022/45
f 1733/5007/45 2066/5019/45 2060/5016/45
f 2066/5019/45 2076/5024/45 2070/5020/45
f 2080/5025/45 2084/5027/45 2082/5028/45
f 2066/5019/45 2080/5025/45 2076/5024/45
f 2066/5019/184 2084/5027/184 2080/5025/184
f 2084/5027/45 2088/5029/45 2086/5030/45
f 2088/5029/45 2092/5031/45 2090/5032/45
f 2092/5031/45 2096/5033/45 2094/5034/45
f 2096/5033/45 2630/5035/45 2098/5036/45
f 2630/5035/45 2634/5037/45 2632/5038/45
f 2634/5037/45 2155/5039/45 2158/5040/45
f 2155/5039/45 2101/5041/45 2102/5042/45
f 2104/5043/45 2108/5044/45 2106/5045/45
f 2634/5037/45 2101/5041/45 2155/5039/45
f 2634/5037/45 2104/5043/45 2101/5041/45
f 2096/5033/45 2634/5037/45 2630/5035/45
f 2088/5029/45 2096/5033/45 2092/5031/45
f 2066/5019/45 2088/5029/45 2084/5027/45
f 2066/5019/45 2096/5033/45 2088/5029/45
f 2096/5033/45 2104/5043/45 2634/5037/45
f 2108/5044/45 2112/5046/45 2110/5047/45
f 2096/5033/45 2108/5044/45 2104/5043/45
f 2316/5048/45 2326/5049/45 2315/5050/45
f 2066/5019/45 2108/5044/45 2096/5033/45
f 2108/5044/519 2114/5051/519 2112/5046/519
f 2108/5044/184 2116/5052/184 2114/5051/184
f 2318/5053/45 2322/5054/45 2320/5055/45
f 2066/5019/45 2116/5052/45 2108/5044/45
f 2118/5056/45 2124/5057/45 2120/5058/45
f 2066/5019/45 2118/5056/45 2116/5052/45
f 2066/5019/45 2124/5057/45 2118/5056/45
f 2066/5019/45 2123/5059/45 2124/5057/45
f 2066/5019/45 2126/5060/45 2123/5059/45
f 2128/5061/45 2132/5062/45 2130/5063/45
f 1733/5007/45 2126/5060/45 2066/5019/45
f 2126/5060/45 2132/5062/45 2128/5061/45
f 2132/5062/184 2136/5064/184 2134/5065/184
f 2138/5066/45 2141/5067/45 2142/5068/45
f 2146/5069/45 2150/5070/45 2145/5071/45
f 2146/5069/45 2149/5072/45 2150/5070/45
f 2141/5067/45 2149/5072/45 2146/5069/45
f 1733/5007/45 2132/5062/45 2126/5060/45
f 1733/5007/45 2136/5064/45 2132/5062/45
f 1733/5007/45 2138/5066/45 2136/5064/45
f 1733/5007/45 2141/5067/45 2138/5066/45
f 1733/5007/45 2149/5072/45 2141/5067/45
f 1733/5007/45 2152/5073/45 2149/5072/45
f 1733/5007/45 1636/5074/45 2152/5073/45
f 1635/5075/45 2012/5076/45 2014/5077/45
f 2012/5076/45 2008/5078/45 2010/5079/45
f 2006/5080/1060 2002/5081/1060 2004/5082/1060
f 2012/5076/45 2006/5080/45 2008/5078/45
f 1635/5075/45 2006/5080/45 2012/5076/45
f 2002/5081/1061 1998/5083/1061 2000/5084/1061
f 1635/5075/184 2002/5081/184 2006/5080/184
f 1635/5075/518 1998/5083/518 2002/5081/518
f 1998/5083/45 1994/5085/45 1996/5086/45
f 1998/5083/45 1992/5087/45 1994/5085/45
f 1635/5075/184 1992/5087/184 1998/5083/184
f 2302/5088/184 2306/5089/184 2304/5090/184
f 1988/5091/45 1984/5092/45 1986/5093/45
f 1984/5092/45 1980/5094/45 1982/5095/45
f 1978/5096/45 1974/5097/45 1976/5098/45
f 1988/5091/45 1980/5094/45 1984/5092/45
f 1978/5096/45 1972/5099/45 1974/5097/45
f 1988/5091/45 1978/5096/45 1980/5094/45
f 1990/5100/45 1978/5096/45 1988/5091/45
f 1978/5096/45 1970/5101/45 1972/5099/45
f 1970/5101/45 1966/5102/45 1968/5103/45
f 1964/5104/45 1960/5105/45 1962/5106/45
f 1970/5101/45 1964/5104/45 1966/5102/45
f 1990/5100/45 1970/5101/45 1978/5096/45
f 1992/5087/45 1970/5101/45 1990/5100/45
f 1970/5101/45 1960/5105/45 1964/5104/45
f 1960/5105/45 1956/5107/45 1958/5108/45
f 1956/5107/45 1952/5109/45 1954/5110/45
f 1952/5109/45 1948/5111/45 1950/5112/45
f 1946/5113/45 1942/5114/45 1944/5115/45
f 1952/5109/45 1946/5113/45 1948/5111/45
f 1970/5101/45 1956/5107/45 1960/5105/45
f 1956/5107/45 1946/5113/45 1952/5109/45
f 1946/5113/45 1940/5116/45 1942/5114/45
f 1940/5116/45 2636/5117/45 1939/5118/45
f 2636/5117/45 2640/5119/45 2638/5120/45
f 2640/5119/45 1932/5121/45 1933/5122/45
f 1932/5121/45 1910/5123/45 1911/5124/45
f 2640/5119/45 1910/5123/45 1932/5121/45
f 1940/5116/45 2640/5119/45 2636/5117/45
f 1956/5107/45 1940/5116/45 1946/5113/45
f 1992/5087/45 1956/5107/45 1970/5101/45
f 1992/5087/45 1940/5116/45 1956/5107/45
f 1940/5116/45 1910/5123/45 2640/5119/45
f 1940/5116/45 1916/5125/45 1910/5123/45
f 2294/5126/45 2300/5127/45 2296/5128/45
f 2292/5129/45 2300/5127/45 2294/5126/45
f 2292/5129/45 2299/5130/45 2300/5127/45
f 2290/5131/45 2299/5130/45 2292/5129/45
f 2288/5132/184 2299/5130/184 2290/5131/184
f 2282/5133/45 2288/5132/45 2286/5134/45
f 2283/5135/45 2275/5136/45 2280/5137/45
f 2270/5138/45 2275/5136/45 2283/5135/45
f 2646/5139/45 2270/5138/45 2271/5140/45
f 2642/5141/45 2646/5139/45 2644/5142/45
f 2266/5143/45 2642/5141/45 2268/5144/45
f 2260/5145/45 2264/5146/45 2262/5147/45
f 2264/5146/45 2642/5141/45 2266/5143/45
f 2642/5141/45 2270/5138/45 2646/5139/45
f 2270/5138/45 2282/5133/45 2275/5136/45
f 2270/5138/45 2288/5132/45 2282/5133/45
f 2264/5146/45 2270/5138/45 2642/5141/45
f 2258/5148/45 2264/5146/45 2260/5145/45
f 2254/5149/45 2258/5148/45 2256/5150/45
f 2252/5151/45 2258/5148/45 2254/5149/45
f 2258/5148/45 2270/5138/45 2264/5146/45
f 2270/5138/45 2299/5130/45 2288/5132/45
f 2258/5148/45 2299/5130/45 2270/5138/45
f 2250/5152/45 2258/5148/45 2252/5151/45
f 2246/5153/184 2250/5152/184 2248/5154/184
f 2242/5155/184 2246/5153/184 2244/5156/184
f 2236/5157/45 2240/5158/45 2238/5159/45
f 2240/5158/45 2246/5153/45 2242/5155/45
f 2246/5153/184 2258/5148/184 2250/5152/184
f 2258/5148/45 2302/5088/45 2299/5130/45
f 2258/5148/45 2306/5089/45 2302/5088/45
f 2240/5158/45 2258/5148/45 2246/5153/45
f 2234/5160/45 2240/5158/45 2236/5157/45
f 2230/5161/45 2234/5160/45 2232/5162/45
f 2224/5163/45 2228/5164/45 2226/5165/45
f 2222/5166/45 2228/5164/45 2224/5163/45
f 2220/5167/45 2228/5164/45 2222/5166/45
f 2220/5167/45 2230/5161/45 2228/5164/45
f 2218/5168/45 2230/5161/45 2220/5167/45
f 2234/5160/45 2258/5148/45 2240/5158/45
f 2218/5168/45 2234/5160/45 2230/5161/45
f 2216/5169/45 2234/5160/45 2218/5168/45
f 2234/5160/45 2306/5089/45 2258/5148/45
f 2234/5160/45 2308/5170/45 2306/5089/45
f 2214/5171/45 2234/5160/45 2216/5169/45
f 2210/5172/45 2214/5171/45 2212/5173/45
f 2206/5174/45 2210/5172/45 2208/5175/45
f 2203/5176/45 2206/5174/45 2202/5177/45
f 2418/5178/45 2422/5179/45 2420/5180/45
f 2422/5179/45 2206/5174/45 2203/5176/45
f 2206/5174/45 2214/5171/45 2210/5172/45
f 2214/5171/45 2308/5170/45 2234/5160/45
f 2214/5171/45 2310/5181/45 2308/5170/45
f 2206/5174/45 2310/5181/45 2214/5171/45
f 2206/5174/45 2312/5182/45 2310/5181/45
f 2416/5183/45 2422/5179/45 2418/5178/45
f 2422/5179/45 2312/5182/45 2206/5174/45
f 2422/5179/45 2318/5053/45 2312/5182/45
f 2412/5184/45 2422/5179/45 2416/5183/45
f 2413/5185/45 2422/5179/45 2412/5184/45
f 2422/5179/45 2322/5054/45 2318/5053/45
f 2422/5179/45 2324/5186/45 2322/5054/45
f 2413/5185/45 2324/5186/45 2422/5179/45
f 2413/5185/45 2316/5048/45 2324/5186/45
f 1717/5187/45 1725/5188/45 1716/5189/45
f 2413/5185/45 2326/5049/45 2316/5048/45
f 2513/5190/45 1725/5188/45 1717/5187/45
f 2413/5185/45 2328/5191/45 2326/5049/45
f 2513/5190/47 2413/5185/47 1725/5188/47
f 2518/5192/45 2413/5185/45 2513/5190/45
f 2413/5185/45 2330/5193/45 2328/5191/45
f 2413/5185/45 2332/5008/45 2330/5193/45
f 2515/5194/45 2413/5185/45 2518/5192/45
f 2524/5195/45 2515/5194/45 2520/5196/45
f 2528/5197/45 2521/5198/45 2526/5199/45
f 2524/5195/524 2413/5185/524 2515/5194/524
f 2413/5185/45 1730/5009/45 2332/5008/45
f 2540/5200/45 2535/5201/45 2536/5202/45
f 1940/5116/45 1915/5203/45 1916/5125/45
f 2030/5204/45 2033/5205/45 2034/5206/45
f 1940/5116/45 2030/5204/45 1915/5203/45
f 2544/5207/45 2552/5208/45 2543/5209/45
f 1992/5087/45 2030/5204/45 1940/5116/45
f 2030/5204/45 2032/5210/45 2033/5205/45
f 2032/5210/45 2029/5211/45 2028/5212/45
f 2031/5213/45 2026/5214/45 2027/5215/45
f 2029/5211/45 2026/5214/45 2031/5213/45
f 1992/5087/45 2032/5210/45 2030/5204/45
f 1992/5087/45 2029/5211/45 2032/5210/45
f 1992/5087/45 2026/5214/45 2029/5211/45
f 1992/5087/45 2025/5216/45 2026/5214/45
f 2023/5217/45 2021/5218/45 2020/5219/45
f 1992/5087/45 2023/5217/45 2025/5216/45
f 1992/5087/45 2021/5218/45 2023/5217/45
f 2024/5220/45 2018/5221/45 2022/5222/45
f 1992/5087/45 2024/5220/45 2021/5218/45
f 1635/5075/45 2024/5220/45 1992/5087/45
f 1635/5075/45 2018/5221/45 2024/5220/45
f 1635/5075/45 1937/5223/45 2018/5221/45
f 1635/5075/45 1936/5224/45 1937/5223/45
f 1635/5075/45 2019/5225/45 1936/5224/45
f 1635/5075/45 2017/5226/45 2019/5225/45
f 1635/5075/45 2016/5227/45 2017/5226/45
f 1635/5075/45 1577/5228/45 2016/5227/45
f 1635/5075/45 1576/5229/45 1577/5228/45
f 1576/5229/45 1830/5230/45 1832/5231/45
f 1576/5229/45 1828/5232/45 1830/5230/45
f 1576/5229/45 1826/5233/45 1828/5232/45
f 1824/5234/45 1820/5235/45 1822/5236/45
f 1576/5229/184 1824/5234/184 1826/5233/184
f 1576/5229/45 1820/5235/45 1824/5234/45
f 1818/5237/45 1814/5238/45 1816/5239/45
f 1820/5235/45 1814/5238/45 1818/5237/45
f 1812/5240/45 1808/5241/45 1810/5242/45
f 1820/5235/45 1812/5240/45 1814/5238/45
f 1576/5229/45 1812/5240/45 1820/5235/45
f 1808/5241/45 1804/5243/45 1806/5244/45
f 1576/5229/45 1808/5241/45 1812/5240/45
f 1576/5229/45 1804/5243/45 1808/5241/45
f 1802/5245/45 1798/5246/45 1800/5247/45
f 1576/5229/45 1802/5245/45 1804/5243/45
f 1802/5245/45 1796/5248/45 1798/5246/45
f 1794/5249/45 1790/5250/45 1792/5251/45
f 1794/5249/45 1788/5252/45 1790/5250/45
f 1788/5252/47 1784/5253/47 1786/5254/47
f 1784/5253/45 2621/5255/45 1783/5256/45
f 2621/5255/45 2617/5257/45 2619/5258/45
f 2617/5257/45 1778/5259/45 1781/5260/45
f 2617/5257/45 1777/5261/45 1778/5259/45
f 1784/5253/45 2617/5257/45 2621/5255/45
f 1794/5249/45 1784/5253/45 1788/5252/45
f 1796/5248/45 1784/5253/45 1794/5249/45
f 1784/5253/45 1777/5261/45 2617/5257/45
f 1775/5262/45 1770/5263/45 1771/5264/45
f 1784/5253/45 1775/5262/45 1777/5261/45
f 1802/5245/525 1784/5253/525 1796/5248/525
f 1802/5245/45 1775/5262/45 1784/5253/45
f 1802/5245/45 1770/5263/45 1775/5262/45
f 1802/5245/45 1776/5265/45 1770/5263/45
f 1776/5265/45 1773/5266/45 1774/5267/45
f 1776/5265/45 1772/5268/45 1773/5266/45
f 2454/5269/45 2556/5270/45 2453/5271/45
f 2625/5272/45 2454/5269/45 2623/5273/45
f 2456/5274/45 2625/5272/45 2627/5275/45
f 2461/5276/184 2457/5277/184 2459/5278/184
f 2457/5277/45 2625/5272/45 2456/5274/45
f 2625/5272/45 2556/5270/45 2454/5269/45
f 2625/5272/45 2554/5279/45 2556/5270/45
f 2461/5276/45 2625/5272/45 2457/5277/45
f 2465/5280/45 2461/5276/45 2463/5281/45
f 2469/5282/45 2465/5280/45 2467/5283/45
f 2471/5284/45 2465/5280/45 2469/5282/45
f 2465/5280/45 2625/5272/45 2461/5276/45
f 2625/5272/45 2547/5285/45 2554/5279/45
f 2625/5272/45 2550/5286/45 2547/5285/45
f 2471/5284/45 2625/5272/45 2465/5280/45
f 2473/5287/45 2625/5272/45 2471/5284/45
f 2625/5272/45 2544/5207/45 2550/5286/45
f 2625/5272/45 2552/5208/45 2544/5207/45
f 2473/5287/45 2552/5208/45 2625/5272/45
f 2473/5287/45 2546/5288/45 2552/5208/45
f 2479/5289/45 2475/5290/45 2477/5291/45
f 2475/5290/45 2546/5288/45 2473/5287/45
f 2475/5290/45 2537/5292/45 2546/5288/45
f 2479/5289/45 2537/5292/45 2475/5290/45
f 2479/5289/45 2540/5200/45 2537/5292/45
f 2481/5293/45 2540/5200/45 2479/5289/45
f 2481/5293/45 2535/5201/45 2540/5200/45
f 2487/5294/45 2483/5295/45 2485/5296/45
f 2483/5295/45 2535/5201/45 2481/5293/45
f 2483/5295/45 2531/5297/45 2535/5201/45
f 2489/5298/45 2483/5295/45 2487/5294/45
f 2491/5299/45 2483/5295/45 2489/5298/45
f 2483/5295/45 2530/5300/45 2531/5297/45
f 2483/5295/45 2528/5197/45 2530/5300/45
f 2493/5301/45 2483/5295/45 2491/5299/45
f 2499/5302/45 2495/5303/45 2497/5304/45
f 2495/5303/45 2483/5295/45 2493/5301/45
f 2483/5295/45 2521/5198/45 2528/5197/45
f 2483/5295/45 2524/5195/45 2521/5198/45
f 2501/5305/45 2495/5303/45 2499/5302/45
f 2495/5303/45 2524/5195/45 2483/5295/45
f 2495/5303/45 2413/5185/45 2524/5195/45
f 2503/5306/45 2495/5303/45 2501/5305/45
f 2507/5307/45 2503/5306/45 2505/5308/45
f 2511/5309/45 2507/5307/45 2509/5310/45
f 1713/5311/45 2511/5309/45 1715/5312/45
f 1709/5313/45 1713/5311/45 1711/5314/45
f 1705/5315/45 1709/5313/45 1707/5316/45
f 1330/2491/45 1705/5315/45 366/2492/45
f 1690/5317/45 1705/5315/45 1330/2491/45
f 1705/5315/45 1713/5311/45 1709/5313/45
f 1713/5311/45 2507/5307/45 2511/5309/45
f 2507/5307/45 2495/5303/45 2503/5306/45
f 2507/5307/45 2413/5185/45 2495/5303/45
f 1705/5315/45 2507/5307/45 1713/5311/45
f 1691/5318/45 1705/5315/45 1690/5317/45
f 1692/5319/45 1705/5315/45 1691/5318/45
f 1705/5315/45 2413/5185/45 2507/5307/45
f 1705/5315/45 1730/5009/45 2413/5185/45
f 1693/5320/45 1705/5315/45 1692/5319/45
f 1696/5321/45 1705/5315/45 1693/5320/45
f 1705/5315/45 1733/5007/45 1730/5009/45
f 1705/5315/45 1636/5074/45 1733/5007/45
f 1698/5322/45 1705/5315/45 1696/5321/45
f 1701/5323/45 1705/5315/45 1698/5322/45
f 1705/5315/45 1635/5075/45 1636/5074/45
f 1705/5315/45 1576/5229/45 1635/5075/45
f 1702/5324/45 1705/5315/45 1701/5323/45
f 1702/5324/45 1576/5229/45 1705/5315/45
f 1802/5245/45 1772/5268/45 1776/5265/45
f 1769/5325/45 1767/5326/45 1768/5327/45
f 1802/5245/45 1769/5325/45 1772/5268/45
f 1736/5328/45 1576/5229/45 1702/5324/45
f 1748/5329/45 1576/5229/45 1736/5328/45
f 1802/5245/45 1767/5326/45 1769/5325/45
f 1802/5245/45 1765/5330/45 1767/5326/45
f 1332/2517/45 1742/5331/45 1331/2518/45
f 2665/5332/45 1332/2517/45 2666/5333/45
f 2667/5334/45 2665/5332/45 2668/5335/45
f 1753/5336/45 2665/5332/45 2667/5334/45
f 2665/5332/45 1742/5331/45 1332/2517/45
f 2665/5332/45 1745/5337/45 1742/5331/45
f 2665/5332/45 1747/5338/45 1745/5337/45
f 2665/5332/45 1738/5339/45 1747/5338/45
f 1753/5336/45 1738/5339/45 2665/5332/45
f 1753/5336/45 1741/5340/45 1738/5339/45
f 1366/5341/45 1363/5342/45 1364/5343/45
f 1753/5336/45 1748/5329/45 1741/5340/45
f 1802/5245/45 1762/5344/45 1765/5330/45
f 1761/5345/45 1764/5346/45 1766/5347/45
f 1802/5245/45 1761/5345/45 1762/5344/45
f 1374/5348/45 1366/5341/45 1372/5349/45
f 1370/5350/45 1374/5348/45 1380/5351/45
f 1382/5352/45 1370/5350/45 1367/5353/45
f 1384/5354/523 1377/5355/523 1378/5356/523
f 1377/5355/45 1370/5350/45 1382/5352/45
f 1384/5354/45 1370/5350/45 1377/5355/45
f 1389/5357/45 1387/5358/45 1388/5359/45
f 1387/5358/541 1370/5350/541 1384/5354/541
f 1401/5360/45 1393/5361/45 1394/5362/45
f 2613/5363/45 1401/5360/45 2611/5364/45
f 1404/5365/45 2613/5363/45 2615/5366/45
f 1407/5367/45 1404/5365/45 1405/5368/45
f 1411/5369/45 1407/5367/45 1410/5370/45
f 1415/5371/45 1411/5369/45 1413/5372/45
f 1417/5373/45 1411/5369/45 1415/5371/45
f 1407/5367/45 2613/5363/45 1404/5365/45
f 1417/5373/45 1407/5367/45 1411/5369/45
f 1419/5374/45 1407/5367/45 1417/5373/45
f 1407/5367/45 1401/5360/45 2613/5363/45
f 1401/5360/45 1396/5375/45 1393/5361/45
f 1407/5367/45 1396/5375/45 1401/5360/45
f 1419/5374/45 1396/5375/45 1407/5367/45
f 1419/5374/45 1389/5357/45 1396/5375/45
f 1426/5376/45 1421/5377/45 1423/5378/45
f 1421/5377/45 1389/5357/45 1419/5374/45
f 1421/5377/45 1387/5358/45 1389/5357/45
f 1427/5379/45 1421/5377/45 1426/5376/45
f 1431/5380/45 1427/5379/45 1429/5381/45
f 1433/5382/45 1427/5379/45 1431/5380/45
f 1427/5379/45 1387/5358/45 1421/5377/45
f 1427/5379/45 1370/5350/45 1387/5358/45
f 1433/5382/45 1370/5350/45 1427/5379/45
f 1433/5382/45 1374/5348/45 1370/5350/45
f 1435/5383/45 1374/5348/45 1433/5382/45
f 1435/5383/45 1366/5341/45 1374/5348/45
f 1435/5383/45 1363/5342/45 1366/5341/45
f 1435/5383/45 1753/5336/45 1363/5342/45
f 1435/5383/45 1748/5329/45 1753/5336/45
f 1802/5245/45 1764/5346/45 1761/5345/45
f 1764/5346/45 1760/5384/45 1763/5385/45
f 1760/5384/45 1758/5386/45 1759/5387/45
f 1758/5386/45 1750/5388/45 1751/5389/45
f 1750/5388/45 1756/5390/45 1757/5391/45
f 1764/5346/1062 1758/5386/1062 1760/5384/1062
f 1576/5229/525 1764/5346/525 1802/5245/525
f 1735/5392/45 1748/5329/45 1435/5383/45
f 1735/5392/45 1576/5229/45 1748/5329/45
f 1576/5229/45 1758/5386/45 1764/5346/45
f 1576/5229/45 1750/5388/45 1758/5386/45
f 1754/5393/45 1576/5229/45 1735/5392/45
f 1755/5394/45 1576/5229/45 1754/5393/45
f 1576/5229/45 1756/5390/45 1750/5388/45
f 1576/5229/45 1755/5394/45 1756/5390/45
f 2423/4237/1063 2653/5395/1063 2424/4238/1063
f 2423/4237/1063 2657/5396/1063 2653/5395/1063
f 2653/807/927 2336/4148/927 2333/4145/927
f 2653/807/927 2657/5397/927 2336/4148/927
f 2669/5398/1064 1719/5399/1064 1723/3337/1064
f 2669/5398/1064 2670/5400/1064 1719/5399/1064
f 2572/5401/1065 2570/5402/1065 2567/5403/1065
f 2570/5402/45 2436/5404/45 2437/5405/45
f 2436/5404/184 2439/5406/184 2440/5407/184
f 2439/5406/45 2446/5408/45 2444/5409/45
f 2446/5408/45 2450/5410/45 2448/5411/45
f 2446/5408/45 2429/5412/45 2450/5410/45
f 2436/5404/45 2446/5408/45 2439/5406/45
f 2572/5401/45 2436/5404/45 2570/5402/45
f 2564/5413/45 2572/5401/45 2566/5414/45
f 2560/5415/45 2564/5413/45 2562/5416/45
f 2608/5417/45 2560/5415/45 2557/5418/45
f 1723/5419/45 2609/5420/45 2669/5421/45
f 2609/5420/45 2560/5415/45 2608/5417/45
f 2560/5415/45 2572/5401/45 2564/5413/45
f 2572/5401/45 2446/5408/45 2436/5404/45
f 2446/5408/45 2426/5422/45 2429/5412/45
f 2446/5408/45 2425/5423/45 2426/5422/45
f 1720/5424/45 2609/5420/45 1723/5419/45
f 2573/5425/45 2609/5420/45 1720/5424/45
f 2572/5401/45 2425/5423/45 2446/5408/45
f 2572/5401/1066 2431/5426/1066 2425/5423/1066
f 2573/5425/45 2560/5415/45 2609/5420/45
f 2575/5427/45 2560/5415/45 2573/5425/45
f 2572/5401/45 2433/5428/45 2431/5426/45
f 2433/5428/45 2603/5429/45 2605/5430/45
f 2572/5401/45 2603/5429/45 2433/5428/45
f 2577/5431/45 2560/5415/45 2575/5427/45
f 2581/5432/45 2577/5431/45 2579/5433/45
f 2587/5434/45 2583/5435/45 2585/5436/45
f 2581/5432/45 2560/5415/45 2577/5431/45
f 2583/5435/45 2560/5415/45 2581/5432/45
f 2572/5401/45 2601/5437/45 2603/5429/45
f 2572/5401/45 2599/5438/45 2601/5437/45
f 2587/5434/45 2560/5415/45 2583/5435/45
f 2589/5439/45 2560/5415/45 2587/5434/45
f 2572/5401/45 2597/5440/45 2599/5438/45
f 2597/5440/45 2593/5441/45 2595/5442/45
f 2591/5443/45 2560/5415/45 2589/5439/45
f 2572/5401/45 2593/5441/45 2597/5440/45
f 2593/5441/45 2560/5415/45 2591/5443/45
f 2593/5441/45 2572/5401/45 2560/5415/45
f 2609/5444/1067 2670/2684/1067 2669/5395/1067
f 2609/5444/1067 2610/5445/1067 2670/2684/1067
f 2441/5446/48 2438/5447/48 2435/5448/48
f 2569/5449/1068 2571/5450/1068 2568/5451/1068
f 2441/5446/48 2569/5449/48 2438/5447/48
f 2443/5452/48 2441/5446/48 2442/5453/48
f 2447/5454/48 2443/5452/48 2445/5455/48
f 2555/5456/48 2447/5454/48 2449/5457/48
f 2553/5458/48 2447/5454/48 2555/5456/48
f 2447/5454/48 2441/5446/48 2443/5452/48
f 2441/5446/48 2571/5450/48 2569/5449/48
f 2571/5450/48 2563/5459/48 2565/5460/48
f 2563/5459/48 2559/5461/48 2561/5462/48
f 2559/5461/48 2607/5463/48 2558/5464/48
f 2610/5465/48 1719/5466/48 2670/5467/48
f 2559/5461/48 2610/5465/48 2607/5463/48
f 2571/5450/48 2559/5461/48 2563/5459/48
f 2447/5454/48 2571/5450/48 2441/5446/48
f 2548/5468/48 2447/5454/48 2553/5458/48
f 2549/5469/48 2447/5454/48 2548/5468/48
f 2610/5465/48 1718/5470/48 1719/5466/48
f 2610/5465/48 2514/5471/48 1718/5470/48
f 2549/5469/48 2571/5450/48 2447/5454/48
f 2551/5472/514 2541/5473/514 2542/5474/514
f 2541/5473/48 2571/5450/48 2549/5469/48
f 2559/5461/48 2514/5471/48 2610/5465/48
f 2559/5461/48 2517/5475/48 2514/5471/48
f 2551/5472/48 2571/5450/48 2541/5473/48
f 2545/5476/48 2571/5450/48 2551/5472/48
f 2559/5461/48 2516/5477/48 2517/5475/48
f 2516/5477/48 2523/5478/48 2519/5479/48
f 2522/5480/48 2527/5481/48 2525/5482/48
f 2559/5461/48 2523/5478/48 2516/5477/48
f 2559/5461/48 2522/5480/48 2523/5478/48
f 2538/5483/48 2571/5450/48 2545/5476/48
f 2534/5484/48 2539/5485/48 2533/5486/48
f 2539/5485/48 2571/5450/48 2538/5483/48
f 2559/5461/48 2527/5481/48 2522/5480/48
f 2559/5461/48 2529/5487/48 2527/5481/48
f 2534/5484/48 2571/5450/48 2539/5485/48
f 2559/5461/48 2532/5488/48 2529/5487/48
f 2532/5488/48 2571/5450/48 2534/5484/48
f 2571/5450/48 2532/5488/48 2559/5461/48
f 2435/4249/1069 2440/4255/1069 2441/4254/1069
f 2435/4249/1069 2436/4251/1069 2440/4255/1069
f 2558/4384/1070 2608/1412/1070 2557/4382/1070
f 2558/4384/1070 2607/5489/1070 2608/1412/1070
f 2572/4396/1012 2568/4394/1012 2571/4397/1012
f 2572/4396/1012 2567/4392/1012 2568/4394/1012
f 2660/4603/1071 1630/3102/1071 1631/3104/1071
f 2660/4603/1071 2647/4604/1071 1630/3102/1071
f 2662/5490/1072 2668/5491/1072 2665/5492/1072
f 2662/5490/1072 2663/5493/1072 2668/5491/1072
f 2664/5494/1073 2668/5491/1073 2663/5493/1073
f 2668/5491/1073 2671/5495/1073 2667/5496/1073
f 2671/5495/1074 2664/5494/1074 2672/5497/1074
f 2668/5491/1073 2664/5494/1073 2671/5495/1073
f 1345/5498/45 1341/5499/45 1342/5500/45
f 1341/5499/45 1349/5501/45 1347/5502/45
f 1349/5501/45 1353/5503/45 1351/5504/45
f 1353/5503/45 1357/5505/45 1355/5506/45
f 1357/5505/45 1472/5507/45 1473/5508/45
f 1472/5507/45 1467/5509/45 1469/5510/45
f 1357/5505/45 1467/5509/45 1472/5507/45
f 1353/5503/45 1467/5509/45 1357/5505/45
f 1349/5501/45 1467/5509/45 1353/5503/45
f 1451/5511/45 1341/5499/45 1345/5498/45
f 1341/5499/45 1467/5509/45 1349/5501/45
f 1341/5499/45 1465/5512/45 1467/5509/45
f 1449/5513/45 1341/5499/45 1451/5511/45
f 1447/5514/45 1341/5499/45 1449/5513/45
f 1341/5499/45 1464/5515/45 1465/5512/45
f 1461/5516/45 1457/5517/45 1459/5518/45
f 1341/5499/45 1461/5516/45 1464/5515/45
f 1445/5519/541 1341/5499/541 1447/5514/541
f 1441/5520/45 1445/5519/45 1443/5521/45
f 1445/5519/45 1461/5516/45 1341/5499/45
f 1457/5517/45 1455/5522/45 1456/5523/45
f 1445/5519/45 1457/5517/45 1461/5516/45
f 1441/5520/45 1457/5517/45 1445/5519/45
f 1457/5517/45 1400/5524/45 1455/5522/45
f 1400/5524/45 1437/5525/45 1399/5526/45
f 1439/5527/45 1457/5517/45 1441/5520/45
f 1457/5517/45 1437/5525/45 1400/5524/45
f 1457/5517/45 1439/5527/45 1437/5525/45
f 2661/5528/1075 2665/5529/1075 2666/5530/1075
f 2661/5528/1075 2662/5531/1075 2665/5529/1075
f 1324/2776/1076 2666/5530/1076 1332/2777/1076
f 1324/2776/1076 2661/5528/1076 2666/5530/1076
f 1638/3110/1077 1666/5532/1077 1687/5533/1077
f 1638/3110/1077 1632/3105/1077 1666/5532/1077
f 1689/3165/1078 1330/2780/1078 1323/2781/1078
f 1689/3165/1078 1690/3164/1078 1330/2780/1078
f 1743/3233/1079 1331/2782/1079 1742/3231/1079
f 1743/3233/1079 1325/2783/1079 1331/2782/1079
f 1561/3330/1080 1498/2784/1080 1499/3336/1080
f 1561/3330/1080 1562/2785/1080 1498/2784/1080
f 1594/5534/1081 1573/5535/1081 1917/5536/1081
f 1594/5534/1081 1579/3313/1081 1573/5535/1081
f 1627/5537/1082 1594/5538/1082 1917/5539/1082
f 1627/5537/1082 1593/5540/1082 1594/5538/1082
f 1748/3237/1083 1737/3227/1083 1749/3240/1083
f 1748/3237/1083 1736/3226/1083 1737/3227/1083
f 1400/5541/1084 1454/5542/1084 1455/2797/1084
f 1400/5541/1084 1402/3416/1084 1454/5542/1084
f 1359/5543/1085 2671/5495/1085 2672/5497/1085
f 2671/5495/1085 1476/5544/1085 1752/5545/1085
f 1476/5544/1085 1359/5543/1085 1475/5546/1085
f 2671/5495/1085 1359/5543/1085 1476/5544/1085
f 2664/5494/1085 1359/5543/1085 2672/5497/1085
f 2664/5494/1085 1360/5547/1085 1359/5543/1085
f 2671/5495/1085 1753/5548/1085 2667/5496/1085
f 2671/5495/1085 1752/5545/1085 1753/5548/1085
f 1752/5549/48 1474/3244/48 1362/3241/48
f 1752/5549/48 1476/5550/48 1474/3244/48
f 1357/5505/45 1475/5551/45 1359/5552/45
f 1357/5505/45 1473/5508/45 1475/5551/45
